Record Length,2.500000e+03,,  -0.000074800000,  30.40000,
Sample Interval,4.000000e-08,,  -0.000074760000,  30.40000,
Trigger Point,1.870000000000e+03,,  -0.000074720000,  10.40000,
,,,  -0.000074680000,   1.60000,
,,,  -0.000074640000,   4.00000,
,,,  -0.000074600000,   0.80000,
Source,CH1,,  -0.000074560000,   0.80000,
Vertical Units,V,,  -0.000074520000,   1.60000,
Vertical Scale,2.000000e+01,,  -0.000074480000,   0.00000,
Vertical Offset,1.920000e+01,,  -0.000074440000,   1.60000,
Horizontal Units,s,,  -0.000074400000,   0.80000,
Horizontal Scale,1.000000e-05,,  -0.000074360000,   0.00000,
Pt Fmt,Y,,  -0.000074320000,   1.60000,
Yzero,0.000000e+00,,  -0.000074280000,   0.00000,
Probe Atten,1.000000e+01,,  -0.000074240000,   0.00000,
Model Number,TBS1102B,,  -0.000074200000,   0.00000,
Serial Number,C033696,,  -0.000074160000,   0.00000,
Firmware Version,FV:v4.06,,  -0.000074120000,   0.00000,
,,,-00.000074080000,   0.00000,
,,,-00.000074040000,   0.80000,
,,,-00.000074000000,   0.00000,
,,,-00.000073960000,   0.80000,
,,,-00.000073920000,   0.00000,
,,,-00.000073880000,   0.00000,
,,,-00.000073840000,  -0.80000,
,,,-00.000073800000,   0.00000,
,,,-00.000073760000,   0.00000,
,,,-00.000073720000,   0.80000,
,,,-00.000073680000,   0.00000,
,,,-00.000073640000,   0.00000,
,,,-00.000073600000,   0.00000,
,,,-00.000073560000,   0.00000,
,,,-00.000073520000,   0.80000,
,,,-00.000073480000,   0.80000,
,,,-00.000073440000,   0.00000,
,,,-00.000073400000,   0.00000,
,,,-00.000073360000,   0.80000,
,,,-00.000073320000,   0.80000,
,,,-00.000073280000,   0.00000,
,,,-00.000073240000,  -0.80000,
,,,-00.000073200000,   0.00000,
,,,-00.000073160000,   1.60000,
,,,-00.000073120000,   0.80000,
,,,-00.000073080000,   0.00000,
,,,-00.000073040000,   0.80000,
,,,-00.000073000000,   0.00000,
,,,-00.000072960000,   0.80000,
,,,-00.000072920000,   0.00000,
,,,-00.000072880000,   0.80000,
,,,-00.000072840000,   0.00000,
,,,-00.000072800000,   0.80000,
,,,-00.000072760000,   0.00000,
,,,-00.000072720000,   0.00000,
,,,-00.000072680000,   0.00000,
,,,-00.000072640000,   0.00000,
,,,-00.000072600000,  -0.80000,
,,,-00.000072560000,   0.00000,
,,,-00.000072520000,   0.80000,
,,,-00.000072480000,   0.00000,
,,,-00.000072440000,   0.00000,
,,,-00.000072400000,   0.00000,
,,,-00.000072360000,   0.80000,
,,,-00.000072320000,   0.80000,
,,,-00.000072280000,   0.00000,
,,,-00.000072240000,   0.00000,
,,,-00.000072200000,   0.00000,
,,,-00.000072160000,   0.80000,
,,,-00.000072120000,   0.00000,
,,,-00.000072080000,   0.80000,
,,,-00.000072040000,   0.80000,
,,,-00.000072000000,   0.00000,
,,,-00.000071960000,   0.80000,
,,,-00.000071920000,   0.80000,
,,,-00.000071880000,  -0.80000,
,,,-00.000071840000,   0.00000,
,,,-00.000071800000,   0.00000,
,,,-00.000071760000,   0.80000,
,,,-00.000071720000,   0.00000,
,,,-00.000071680000,   0.00000,
,,,-00.000071640000,   0.80000,
,,,-00.000071600000,   0.80000,
,,,-00.000071560000,   0.00000,
,,,-00.000071520000,   0.00000,
,,,-00.000071480000,   0.00000,
,,,-00.000071440000,  -0.80000,
,,,-00.000071400000,   0.00000,
,,,-00.000071360000,   0.00000,
,,,-00.000071320000,   0.80000,
,,,-00.000071280000,   0.80000,
,,,-00.000071240000,   0.00000,
,,,-00.000071200000,   0.00000,
,,,-00.000071160000,  -0.80000,
,,,-00.000071120000,   0.00000,
,,,-00.000071080000,   0.80000,
,,,-00.000071040000,   0.00000,
,,,-00.000071000000,   0.00000,
,,,-00.000070960000,   0.80000,
,,,-00.000070920000,  -0.80000,
,,,-00.000070880000,   0.00000,
,,,-00.000070840000,   0.00000,
,,,-00.000070800000,   0.00000,
,,,-00.000070760000,   0.00000,
,,,-00.000070720000,   0.00000,
,,,-00.000070680000,   0.80000,
,,,-00.000070640000,   0.00000,
,,,-00.000070600000,   0.00000,
,,,-00.000070560000,   0.00000,
,,,-00.000070520000,   0.00000,
,,,-00.000070480000,   0.80000,
,,,-00.000070440000,   0.80000,
,,,-00.000070400000,   0.00000,
,,,-00.000070360000,   0.80000,
,,,-00.000070320000,   0.80000,
,,,-00.000070280000,   0.80000,
,,,-00.000070240000,  -0.80000,
,,,-00.000070200000,  -0.80000,
,,,-00.000070160000,   0.00000,
,,,-00.000070120000,   0.00000,
,,,-00.000070080000,   0.00000,
,,,-00.000070040000,   0.80000,
,,,-00.000070000000,   0.80000,
,,,-00.000069960000,   0.80000,
,,,-00.000069920000,  -0.80000,
,,,-00.000069880000,   0.00000,
,,,-00.000069840000,  -0.80000,
,,,-00.000069800000,   0.80000,
,,,-00.000069760000,   0.80000,
,,,-00.000069720000,  -0.80000,
,,,-00.000069680000,   0.00000,
,,,-00.000069640000,   0.00000,
,,,-00.000069600000,   0.00000,
,,,-00.000069560000,   0.80000,
,,,-00.000069520000,   0.00000,
,,,-00.000069480000,   0.00000,
,,,-00.000069440000,   0.00000,
,,,-00.000069400000,   0.00000,
,,,-00.000069360000,   0.80000,
,,,-00.000069320000,   0.00000,
,,,-00.000069280000,   0.00000,
,,,-00.000069240000,   0.00000,
,,,-00.000069200000,   0.80000,
,,,-00.000069160000,   0.00000,
,,,-00.000069120000,   0.80000,
,,,-00.000069080000,   0.80000,
,,,-00.000069040000,   0.00000,
,,,-00.000069000000,   0.80000,
,,,-00.000068960000,   0.80000,
,,,-00.000068920000,   0.80000,
,,,-00.000068880000,   0.80000,
,,,-00.000068840000,   1.60000,
,,,-00.000068800000,   0.80000,
,,,-00.000068760000,   0.00000,
,,,-00.000068720000,   0.80000,
,,,-00.000068680000,   0.80000,
,,,-00.000068640000,   0.00000,
,,,-00.000068600000,   0.00000,
,,,-00.000068560000,   0.80000,
,,,-00.000068520000,   0.80000,
,,,-00.000068480000,   0.00000,
,,,-00.000068440000,   0.00000,
,,,-00.000068400000,   0.00000,
,,,-00.000068360000,   0.00000,
,,,-00.000068320000,   0.00000,
,,,-00.000068280000,   0.80000,
,,,-00.000068240000,   0.00000,
,,,-00.000068200000,   0.00000,
,,,-00.000068160000,   0.00000,
,,,-00.000068120000,  -0.80000,
,,,-00.000068080000,   0.80000,
,,,-00.000068040000,   0.00000,
,,,-00.000068000000,   0.00000,
,,,-00.000067960000,   0.00000,
,,,-00.000067920000,  -0.80000,
,,,-00.000067880000,   0.00000,
,,,-00.000067840000,   0.00000,
,,,-00.000067800000,   0.80000,
,,,-00.000067760000,  -0.80000,
,,,-00.000067720000,   0.00000,
,,,-00.000067680000,   0.00000,
,,,-00.000067640000,   0.00000,
,,,-00.000067600000,   0.00000,
,,,-00.000067560000,   0.00000,
,,,-00.000067520000,   0.00000,
,,,-00.000067480000,   0.00000,
,,,-00.000067440000,   0.80000,
,,,-00.000067400000,   0.80000,
,,,-00.000067360000,   0.80000,
,,,-00.000067320000,   0.00000,
,,,-00.000067280000,   0.00000,
,,,-00.000067240000,   0.80000,
,,,-00.000067200000,   0.80000,
,,,-00.000067160000,   0.00000,
,,,-00.000067120000,   0.80000,
,,,-00.000067080000,   0.80000,
,,,-00.000067040000,   0.00000,
,,,-00.000067000000,   0.00000,
,,,-00.000066960000,  -0.80000,
,,,-00.000066920000,   0.80000,
,,,-00.000066880000,   0.00000,
,,,-00.000066840000,   0.80000,
,,,-00.000066800000,   0.00000,
,,,-00.000066760000,   0.00000,
,,,-00.000066720000,   0.00000,
,,,-00.000066680000,   0.80000,
,,,-00.000066640000,   0.00000,
,,,-00.000066600000,   0.00000,
,,,-00.000066560000,   0.80000,
,,,-00.000066520000,   0.00000,
,,,-00.000066480000,   0.80000,
,,,-00.000066440000,   0.00000,
,,,-00.000066400000,   0.00000,
,,,-00.000066360000,   0.80000,
,,,-00.000066320000,   0.80000,
,,,-00.000066280000,   0.00000,
,,,-00.000066240000,   0.00000,
,,,-00.000066200000,   0.80000,
,,,-00.000066160000,   0.00000,
,,,-00.000066120000,   0.00000,
,,,-00.000066080000,   0.00000,
,,,-00.000066040000,   0.80000,
,,,-00.000066000000,   0.00000,
,,,-00.000065960000,   0.80000,
,,,-00.000065920000,   0.80000,
,,,-00.000065880000,   0.00000,
,,,-00.000065840000,   0.00000,
,,,-00.000065800000,   1.60000,
,,,-00.000065760000,   0.00000,
,,,-00.000065720000,   0.00000,
,,,-00.000065680000,   0.80000,
,,,-00.000065640000,   0.00000,
,,,-00.000065600000,  -0.80000,
,,,-00.000065560000,  -0.80000,
,,,-00.000065520000,   0.80000,
,,,-00.000065480000,   0.80000,
,,,-00.000065440000,   0.00000,
,,,-00.000065400000,   0.00000,
,,,-00.000065360000,  -0.80000,
,,,-00.000065320000,  -0.80000,
,,,-00.000065280000,   0.00000,
,,,-00.000065240000,   0.00000,
,,,-00.000065200000,   0.00000,
,,,-00.000065160000,   0.80000,
,,,-00.000065120000,  -0.80000,
,,,-00.000065080000,   0.00000,
,,,-00.000065040000,   0.80000,
,,,-00.000065000000,   0.00000,
,,,-00.000064960000,   0.80000,
,,,-00.000064920000,  -0.80000,
,,,-00.000064880000,   0.80000,
,,,-00.000064840000,  -0.80000,
,,,-00.000064800000,   0.00000,
,,,-00.000064760000,  -0.80000,
,,,-00.000064720000,   0.00000,
,,,-00.000064680000,  -0.80000,
,,,-00.000064640000,   0.00000,
,,,-00.000064600000,   0.80000,
,,,-00.000064560000,   0.80000,
,,,-00.000064520000,   0.80000,
,,,-00.000064480000,  -0.80000,
,,,-00.000064440000,   0.00000,
,,,-00.000064400000,   0.00000,
,,,-00.000064360000,   0.00000,
,,,-00.000064320000,   0.00000,
,,,-00.000064280000,   0.80000,
,,,-00.000064240000,   0.00000,
,,,-00.000064200000,   0.80000,
,,,-00.000064160000,   0.00000,
,,,-00.000064120000,   0.00000,
,,,-00.000064080000,   0.00000,
,,,-00.000064040000,  -0.80000,
,,,-00.000064000000,   0.00000,
,,,-00.000063960000,   0.00000,
,,,-00.000063920000,   0.80000,
,,,-00.000063880000,   0.80000,
,,,-00.000063840000,   1.60000,
,,,-00.000063800000,   0.00000,
,,,-00.000063760000,   0.00000,
,,,-00.000063720000,   0.00000,
,,,-00.000063680000,   0.00000,
,,,-00.000063640000,   0.80000,
,,,-00.000063600000,   0.80000,
,,,-00.000063560000,   0.00000,
,,,-00.000063520000,   0.00000,
,,,-00.000063480000,   0.00000,
,,,-00.000063440000,   0.00000,
,,,-00.000063400000,   0.00000,
,,,-00.000063360000,   0.00000,
,,,-00.000063320000,   0.00000,
,,,-00.000063280000,   0.00000,
,,,-00.000063240000,   0.00000,
,,,-00.000063200000,   0.00000,
,,,-00.000063160000,   0.00000,
,,,-00.000063120000,   0.00000,
,,,-00.000063080000,   0.80000,
,,,-00.000063040000,   0.00000,
,,,-00.000063000000,  -0.80000,
,,,-00.000062960000,  -0.80000,
,,,-00.000062920000,   0.00000,
,,,-00.000062880000,   0.00000,
,,,-00.000062840000,   0.00000,
,,,-00.000062800000,   0.80000,
,,,-00.000062760000,   0.00000,
,,,-00.000062720000,  -0.80000,
,,,-00.000062680000,  -0.80000,
,,,-00.000062640000,   0.00000,
,,,-00.000062600000,   0.00000,
,,,-00.000062560000,   0.00000,
,,,-00.000062520000,   0.00000,
,,,-00.000062480000,   0.00000,
,,,-00.000062440000,   0.00000,
,,,-00.000062400000,   0.00000,
,,,-00.000062360000,   0.00000,
,,,-00.000062320000,   0.00000,
,,,-00.000062280000,   0.00000,
,,,-00.000062240000,   0.00000,
,,,-00.000062200000,   0.00000,
,,,-00.000062160000,  -0.80000,
,,,-00.000062120000,   0.00000,
,,,-00.000062080000,   0.80000,
,,,-00.000062040000,   0.00000,
,,,-00.000062000000,  -0.80000,
,,,-00.000061960000,   0.00000,
,,,-00.000061920000,   0.00000,
,,,-00.000061880000,   0.00000,
,,,-00.000061840000,  -0.80000,
,,,-00.000061800000,   0.00000,
,,,-00.000061760000,   0.00000,
,,,-00.000061720000,   0.00000,
,,,-00.000061680000,   0.00000,
,,,-00.000061640000,  -0.80000,
,,,-00.000061600000,   0.00000,
,,,-00.000061560000,  -0.80000,
,,,-00.000061520000,   0.80000,
,,,-00.000061480000,   0.00000,
,,,-00.000061440000,   0.80000,
,,,-00.000061400000,  -0.80000,
,,,-00.000061360000,   0.80000,
,,,-00.000061320000,   0.00000,
,,,-00.000061280000,   0.00000,
,,,-00.000061240000,   0.00000,
,,,-00.000061200000,   0.00000,
,,,-00.000061160000,   0.00000,
,,,-00.000061120000,   0.00000,
,,,-00.000061080000,   0.80000,
,,,-00.000061040000,   0.00000,
,,,-00.000061000000,   0.80000,
,,,-00.000060960000,   0.00000,
,,,-00.000060920000,   0.80000,
,,,-00.000060880000,   0.00000,
,,,-00.000060840000,   0.00000,
,,,-00.000060800000,   0.00000,
,,,-00.000060760000,   0.00000,
,,,-00.000060720000,   0.80000,
,,,-00.000060680000,   0.00000,
,,,-00.000060640000,   0.80000,
,,,-00.000060600000,   0.80000,
,,,-00.000060560000,   0.00000,
,,,-00.000060520000,   0.80000,
,,,-00.000060480000,   0.00000,
,,,-00.000060440000,   0.00000,
,,,-00.000060400000,   0.00000,
,,,-00.000060360000,   0.00000,
,,,-00.000060320000,   0.00000,
,,,-00.000060280000,  -0.80000,
,,,-00.000060240000,   0.00000,
,,,-00.000060200000,   0.80000,
,,,-00.000060160000,   0.00000,
,,,-00.000060120000,   0.00000,
,,,-00.000060080000,   0.00000,
,,,-00.000060040000,   0.80000,
,,,-00.000060000000,   0.80000,
,,,-00.000059960000,   0.00000,
,,,-00.000059920000,   0.80000,
,,,-00.000059880000,   0.80000,
,,,-00.000059840000,   0.00000,
,,,-00.000059800000,  -0.80000,
,,,-00.000059760000,   0.00000,
,,,-00.000059720000,   0.00000,
,,,-00.000059680000,   0.00000,
,,,-00.000059640000,   0.00000,
,,,-00.000059600000,   0.00000,
,,,-00.000059560000,   0.00000,
,,,-00.000059520000,   0.00000,
,,,-00.000059480000,   0.00000,
,,,-00.000059440000,   0.80000,
,,,-00.000059400000,   0.80000,
,,,-00.000059360000,   0.00000,
,,,-00.000059320000,   0.80000,
,,,-00.000059280000,  -0.80000,
,,,-00.000059240000,   0.80000,
,,,-00.000059200000,   0.00000,
,,,-00.000059160000,  -0.80000,
,,,-00.000059120000,   0.80000,
,,,-00.000059080000,   0.00000,
,,,-00.000059040000,   0.00000,
,,,-00.000059000000,   0.80000,
,,,-00.000058960000,   0.80000,
,,,-00.000058920000,   0.80000,
,,,-00.000058880000,   0.00000,
,,,-00.000058840000,   0.00000,
,,,-00.000058800000,   0.80000,
,,,-00.000058760000,  -0.80000,
,,,-00.000058720000,   0.00000,
,,,-00.000058680000,   0.00000,
,,,-00.000058640000,   0.00000,
,,,-00.000058600000,   0.80000,
,,,-00.000058560000,  -0.80000,
,,,-00.000058520000,   0.00000,
,,,-00.000058480000,   0.80000,
,,,-00.000058440000,   0.80000,
,,,-00.000058400000,   0.00000,
,,,-00.000058360000,   0.00000,
,,,-00.000058320000,   0.00000,
,,,-00.000058280000,   0.00000,
,,,-00.000058240000,   0.00000,
,,,-00.000058200000,  -0.80000,
,,,-00.000058160000,   0.80000,
,,,-00.000058120000,   0.00000,
,,,-00.000058080000,   0.00000,
,,,-00.000058040000,  -0.80000,
,,,-00.000058000000,  -0.80000,
,,,-00.000057960000,  -0.80000,
,,,-00.000057920000,   0.00000,
,,,-00.000057880000,  -0.80000,
,,,-00.000057840000,   0.00000,
,,,-00.000057800000,   0.00000,
,,,-00.000057760000,   0.80000,
,,,-00.000057720000,   0.00000,
,,,-00.000057680000,   0.00000,
,,,-00.000057640000,   0.00000,
,,,-00.000057600000,  -0.80000,
,,,-00.000057560000,   0.00000,
,,,-00.000057520000,   0.00000,
,,,-00.000057480000,   0.80000,
,,,-00.000057440000,   0.00000,
,,,-00.000057400000,   0.00000,
,,,-00.000057360000,   0.00000,
,,,-00.000057320000,   0.00000,
,,,-00.000057280000,   0.00000,
,,,-00.000057240000,   0.00000,
,,,-00.000057200000,  -0.80000,
,,,-00.000057160000,   0.00000,
,,,-00.000057120000,   0.80000,
,,,-00.000057080000,   0.00000,
,,,-00.000057040000,   0.00000,
,,,-00.000057000000,   0.00000,
,,,-00.000056960000,   0.00000,
,,,-00.000056920000,   0.00000,
,,,-00.000056880000,   0.80000,
,,,-00.000056840000,   0.00000,
,,,-00.000056800000,  -0.80000,
,,,-00.000056760000,   0.00000,
,,,-00.000056720000,   0.00000,
,,,-00.000056680000,  -0.80000,
,,,-00.000056640000,   0.80000,
,,,-00.000056600000,   0.00000,
,,,-00.000056560000,   0.80000,
,,,-00.000056520000,   0.80000,
,,,-00.000056480000,   0.00000,
,,,-00.000056440000,  -0.80000,
,,,-00.000056400000,   0.00000,
,,,-00.000056360000,   0.00000,
,,,-00.000056320000,   0.00000,
,,,-00.000056280000,   0.00000,
,,,-00.000056240000,  -0.80000,
,,,-00.000056200000,   0.00000,
,,,-00.000056160000,  -1.60000,
,,,-00.000056120000,   0.80000,
,,,-00.000056080000,   0.00000,
,,,-00.000056040000,   0.80000,
,,,-00.000056000000,   0.00000,
,,,-00.000055960000,   0.00000,
,,,-00.000055920000,   0.00000,
,,,-00.000055880000,   0.00000,
,,,-00.000055840000,  -0.80000,
,,,-00.000055800000,   0.00000,
,,,-00.000055760000,   0.00000,
,,,-00.000055720000,   0.80000,
,,,-00.000055680000,   0.00000,
,,,-00.000055640000,   0.00000,
,,,-00.000055600000,   0.00000,
,,,-00.000055560000,  -0.80000,
,,,-00.000055520000,   0.00000,
,,,-00.000055480000,  -0.80000,
,,,-00.000055440000,   0.00000,
,,,-00.000055400000,   0.00000,
,,,-00.000055360000,   0.80000,
,,,-00.000055320000,  -0.80000,
,,,-00.000055280000,   0.00000,
,,,-00.000055240000,   0.80000,
,,,-00.000055200000,   0.00000,
,,,-00.000055160000,  -0.80000,
,,,-00.000055120000,   0.00000,
,,,-00.000055080000,  -0.80000,
,,,-00.000055040000,   0.80000,
,,,-00.000055000000,   0.80000,
,,,-00.000054960000,   0.00000,
,,,-00.000054920000,   0.00000,
,,,-00.000054880000,   0.80000,
,,,-00.000054840000,   0.80000,
,,,-00.000054800000,   0.80000,
,,,-00.000054760000,  -0.80000,
,,,-00.000054720000,   0.00000,
,,,-00.000054680000,   0.80000,
,,,-00.000054640000,   1.60000,
,,,-00.000054600000,   0.00000,
,,,-00.000054560000,  -0.80000,
,,,-00.000054520000,   0.00000,
,,,-00.000054480000,  -0.80000,
,,,-00.000054440000,   0.80000,
,,,-00.000054400000,   0.80000,
,,,-00.000054360000,   0.00000,
,,,-00.000054320000,   0.80000,
,,,-00.000054280000,  -0.80000,
,,,-00.000054240000,   0.00000,
,,,-00.000054200000,   0.00000,
,,,-00.000054160000,   0.00000,
,,,-00.000054120000,   0.80000,
,,,-00.000054080000,   0.00000,
,,,-00.000054040000,   0.00000,
,,,-00.000054000000,   0.00000,
,,,-00.000053960000,  -0.80000,
,,,-00.000053920000,   0.00000,
,,,-00.000053880000,   0.00000,
,,,-00.000053840000,   0.00000,
,,,-00.000053800000,   0.80000,
,,,-00.000053760000,   0.00000,
,,,-00.000053720000,   0.00000,
,,,-00.000053680000,   0.00000,
,,,-00.000053640000,  -0.80000,
,,,-00.000053600000,   0.00000,
,,,-00.000053560000,   0.80000,
,,,-00.000053520000,   0.80000,
,,,-00.000053480000,   0.00000,
,,,-00.000053440000,   0.80000,
,,,-00.000053400000,   0.00000,
,,,-00.000053360000,   0.80000,
,,,-00.000053320000,   0.00000,
,,,-00.000053280000,   0.00000,
,,,-00.000053240000,   0.80000,
,,,-00.000053200000,   0.00000,
,,,-00.000053160000,   0.80000,
,,,-00.000053120000,   0.00000,
,,,-00.000053080000,   0.00000,
,,,-00.000053040000,   0.00000,
,,,-00.000053000000,   0.80000,
,,,-00.000052960000,   0.00000,
,,,-00.000052920000,   0.00000,
,,,-00.000052880000,   0.00000,
,,,-00.000052840000,   0.00000,
,,,-00.000052800000,   0.00000,
,,,-00.000052760000,   0.80000,
,,,-00.000052720000,   0.80000,
,,,-00.000052680000,   0.80000,
,,,-00.000052640000,   0.00000,
,,,-00.000052600000,  -0.80000,
,,,-00.000052560000,   0.00000,
,,,-00.000052520000,   0.80000,
,,,-00.000052480000,   0.00000,
,,,-00.000052440000,   0.00000,
,,,-00.000052400000,   0.00000,
,,,-00.000052360000,   0.00000,
,,,-00.000052320000,   0.80000,
,,,-00.000052280000,   0.80000,
,,,-00.000052240000,   0.80000,
,,,-00.000052200000,   0.00000,
,,,-00.000052160000,   0.80000,
,,,-00.000052120000,   0.00000,
,,,-00.000052080000,   0.00000,
,,,-00.000052040000,  -0.80000,
,,,-00.000052000000,   0.80000,
,,,-00.000051960000,   0.80000,
,,,-00.000051920000,   0.00000,
,,,-00.000051880000,   0.00000,
,,,-00.000051840000,   0.00000,
,,,-00.000051800000,   0.80000,
,,,-00.000051760000,   0.80000,
,,,-00.000051720000,   0.00000,
,,,-00.000051680000,   0.00000,
,,,-00.000051640000,   0.00000,
,,,-00.000051600000,   0.00000,
,,,-00.000051560000,   0.80000,
,,,-00.000051520000,   0.00000,
,,,-00.000051480000,   0.80000,
,,,-00.000051440000,   0.80000,
,,,-00.000051400000,   0.80000,
,,,-00.000051360000,   0.00000,
,,,-00.000051320000,   0.00000,
,,,-00.000051280000,  -0.80000,
,,,-00.000051240000,  -0.80000,
,,,-00.000051200000,   0.80000,
,,,-00.000051160000,   0.00000,
,,,-00.000051120000,   0.00000,
,,,-00.000051080000,   0.00000,
,,,-00.000051040000,   0.80000,
,,,-00.000051000000,   0.00000,
,,,-00.000050960000,   0.00000,
,,,-00.000050920000,   0.00000,
,,,-00.000050880000,   0.80000,
,,,-00.000050840000,   0.00000,
,,,-00.000050800000,   0.80000,
,,,-00.000050760000,   0.80000,
,,,-00.000050720000,   0.80000,
,,,-00.000050680000,   0.80000,
,,,-00.000050640000,   0.00000,
,,,-00.000050600000,   0.00000,
,,,-00.000050560000,   0.80000,
,,,-00.000050520000,   0.00000,
,,,-00.000050480000,   0.00000,
,,,-00.000050440000,   0.80000,
,,,-00.000050400000,   0.00000,
,,,-00.000050360000,   0.00000,
,,,-00.000050320000,   0.00000,
,,,-00.000050280000,   0.00000,
,,,-00.000050240000,   0.00000,
,,,-00.000050200000,  -0.80000,
,,,-00.000050160000,  -1.60000,
,,,-00.000050120000,   0.00000,
,,,-00.000050080000,  -0.80000,
,,,-00.000050040000,   0.00000,
,,,-00.000050000000,   0.00000,
,,,-00.000049960000,   0.00000,
,,,-00.000049920000,   0.00000,
,,,-00.000049880000,  -0.80000,
,,,-00.000049840000,  -0.80000,
,,,-00.000049800000,  -1.60000,
,,,-00.000049760000,  12.00000,
,,,-00.000049720000,  19.20000,
,,,-00.000049680000,  29.60000,
,,,-00.000049640000,  27.20000,
,,,-00.000049600000,  28.80000,
,,,-00.000049560000,  28.00000,
,,,-00.000049520000,  31.20000,
,,,-00.000049480000,  32.80000,
,,,-00.000049440000,  34.40000,
,,,-00.000049400000,  36.80000,
,,,-00.000049360000,  36.80000,
,,,-00.000049320000,  36.80000,
,,,-00.000049280000,  36.00000,
,,,-00.000049240000,  36.00000,
,,,-00.000049200000,  36.00000,
,,,-00.000049160000,  33.60000,
,,,-00.000049120000,  31.20000,
,,,-00.000049080000,  29.60000,
,,,-00.000049040000,  28.00000,
,,,-00.000049000000,  25.60000,
,,,-00.000048960000,  24.80000,
,,,-00.000048920000,  24.00000,
,,,-00.000048880000,  24.00000,
,,,-00.000048840000,  24.80000,
,,,-00.000048800000,  24.00000,
,,,-00.000048760000,  24.80000,
,,,-00.000048720000,  27.20000,
,,,-00.000048680000,  28.80000,
,,,-00.000048640000,  31.20000,
,,,-00.000048600000,  32.00000,
,,,-00.000048560000,  32.80000,
,,,-00.000048520000,  32.80000,
,,,-00.000048480000,  33.60000,
,,,-00.000048440000,  34.40000,
,,,-00.000048400000,  35.20000,
,,,-00.000048360000,  34.40000,
,,,-00.000048320000,  32.80000,
,,,-00.000048280000,  32.00000,
,,,-00.000048240000,  30.40000,
,,,-00.000048200000,  30.40000,
,,,-00.000048160000,  28.00000,
,,,-00.000048120000,  27.20000,
,,,-00.000048080000,  26.40000,
,,,-00.000048040000,  26.40000,
,,,-00.000048000000,  26.40000,
,,,-00.000047960000,  26.40000,
,,,-00.000047920000,  26.40000,
,,,-00.000047880000,  27.20000,
,,,-00.000047840000,  28.00000,
,,,-00.000047800000,  28.80000,
,,,-00.000047760000,  30.40000,
,,,-00.000047720000,  31.20000,
,,,-00.000047680000,  31.20000,
,,,-00.000047640000,  32.00000,
,,,-00.000047600000,  32.00000,
,,,-00.000047560000,  33.60000,
,,,-00.000047520000,  32.80000,
,,,-00.000047480000,  32.80000,
,,,-00.000047440000,  32.80000,
,,,-00.000047400000,  30.40000,
,,,-00.000047360000,  29.60000,
,,,-00.000047320000,  30.40000,
,,,-00.000047280000,  28.80000,
,,,-00.000047240000,  28.80000,
,,,-00.000047200000,  27.20000,
,,,-00.000047160000,  27.20000,
,,,-00.000047120000,  27.20000,
,,,-00.000047080000,  26.40000,
,,,-00.000047040000,  27.20000,
,,,-00.000047000000,  28.80000,
,,,-00.000046960000,  28.80000,
,,,-00.000046920000,  29.60000,
,,,-00.000046880000,  30.40000,
,,,-00.000046840000,  31.20000,
,,,-00.000046800000,  32.00000,
,,,-00.000046760000,  32.00000,
,,,-00.000046720000,  33.60000,
,,,-00.000046680000,  32.00000,
,,,-00.000046640000,  32.00000,
,,,-00.000046600000,  31.20000,
,,,-00.000046560000,  32.00000,
,,,-00.000046520000,  31.20000,
,,,-00.000046480000,  30.40000,
,,,-00.000046440000,  28.80000,
,,,-00.000046400000,  29.60000,
,,,-00.000046360000,  28.00000,
,,,-00.000046320000,  28.00000,
,,,-00.000046280000,  28.00000,
,,,-00.000046240000,  28.80000,
,,,-00.000046200000,  27.20000,
,,,-00.000046160000,  28.80000,
,,,-00.000046120000,  29.60000,
,,,-00.000046080000,  28.80000,
,,,-00.000046040000,  28.80000,
,,,-00.000046000000,  30.40000,
,,,-00.000045960000,  31.20000,
,,,-00.000045920000,  32.00000,
,,,-00.000045880000,  31.20000,
,,,-00.000045840000,  31.20000,
,,,-00.000045800000,  31.20000,
,,,-00.000045760000,  31.20000,
,,,-00.000045720000,  32.00000,
,,,-00.000045680000,  31.20000,
,,,-00.000045640000,  30.40000,
,,,-00.000045600000,  30.40000,
,,,-00.000045560000,  28.80000,
,,,-00.000045520000,  28.80000,
,,,-00.000045480000,  29.60000,
,,,-00.000045440000,  29.60000,
,,,-00.000045400000,  28.80000,
,,,-00.000045360000,  28.00000,
,,,-00.000045320000,  28.00000,
,,,-00.000045280000,  28.80000,
,,,-00.000045240000,  29.60000,
,,,-00.000045200000,  28.80000,
,,,-00.000045160000,  29.60000,
,,,-00.000045120000,  30.40000,
,,,-00.000045080000,  31.20000,
,,,-00.000045040000,  30.40000,
,,,-00.000045000000,  31.20000,
,,,-00.000044960000,  31.20000,
,,,-00.000044920000,  31.20000,
,,,-00.000044880000,  31.20000,
,,,-00.000044840000,  30.40000,
,,,-00.000044800000,  30.40000,
,,,-00.000044760000,  29.60000,
,,,-00.000044720000,  28.80000,
,,,-00.000044680000,  29.60000,
,,,-00.000044640000,  29.60000,
,,,-00.000044600000,  28.80000,
,,,-00.000044560000,  28.00000,
,,,-00.000044520000,  28.80000,
,,,-00.000044480000,  28.80000,
,,,-00.000044440000,  29.60000,
,,,-00.000044400000,  29.60000,
,,,-00.000044360000,  30.40000,
,,,-00.000044320000,  29.60000,
,,,-00.000044280000,  29.60000,
,,,-00.000044240000,  30.40000,
,,,-00.000044200000,  31.20000,
,,,-00.000044160000,  30.40000,
,,,-00.000044120000,  32.00000,
,,,-00.000044080000,  30.40000,
,,,-00.000044040000,  31.20000,
,,,-00.000044000000,  30.40000,
,,,-00.000043960000,  30.40000,
,,,-00.000043920000,  31.20000,
,,,-00.000043880000,  29.60000,
,,,-00.000043840000,  29.60000,
,,,-00.000043800000,  30.40000,
,,,-00.000043760000,  30.40000,
,,,-00.000043720000,  28.80000,
,,,-00.000043680000,  29.60000,
,,,-00.000043640000,  29.60000,
,,,-00.000043600000,  30.40000,
,,,-00.000043560000,  29.60000,
,,,-00.000043520000,  30.40000,
,,,-00.000043480000,  29.60000,
,,,-00.000043440000,  29.60000,
,,,-00.000043400000,  30.40000,
,,,-00.000043360000,  31.20000,
,,,-00.000043320000,  31.20000,
,,,-00.000043280000,  30.40000,
,,,-00.000043240000,  30.40000,
,,,-00.000043200000,  29.60000,
,,,-00.000043160000,  31.20000,
,,,-00.000043120000,  30.40000,
,,,-00.000043080000,  30.40000,
,,,-00.000043040000,  31.20000,
,,,-00.000043000000,  30.40000,
,,,-00.000042960000,  30.40000,
,,,-00.000042920000,  29.60000,
,,,-00.000042880000,  29.60000,
,,,-00.000042840000,  28.80000,
,,,-00.000042800000,  29.60000,
,,,-00.000042760000,  29.60000,
,,,-00.000042720000,  29.60000,
,,,-00.000042680000,  29.60000,
,,,-00.000042640000,  29.60000,
,,,-00.000042600000,  30.40000,
,,,-00.000042560000,  30.40000,
,,,-00.000042520000,  30.40000,
,,,-00.000042480000,  30.40000,
,,,-00.000042440000,  30.40000,
,,,-00.000042400000,  30.40000,
,,,-00.000042360000,  31.20000,
,,,-00.000042320000,  30.40000,
,,,-00.000042280000,  30.40000,
,,,-00.000042240000,  30.40000,
,,,-00.000042200000,  30.40000,
,,,-00.000042160000,  30.40000,
,,,-00.000042120000,  30.40000,
,,,-00.000042080000,  29.60000,
,,,-00.000042040000,  31.20000,
,,,-00.000042000000,  30.40000,
,,,-00.000041960000,  29.60000,
,,,-00.000041920000,  28.80000,
,,,-00.000041880000,  28.80000,
,,,-00.000041840000,  28.80000,
,,,-00.000041800000,  30.40000,
,,,-00.000041760000,  30.40000,
,,,-00.000041720000,  31.20000,
,,,-00.000041680000,  30.40000,
,,,-00.000041640000,  29.60000,
,,,-00.000041600000,  29.60000,
,,,-00.000041560000,  29.60000,
,,,-00.000041520000,  30.40000,
,,,-00.000041480000,  30.40000,
,,,-00.000041440000,  30.40000,
,,,-00.000041400000,  30.40000,
,,,-00.000041360000,  30.40000,
,,,-00.000041320000,  29.60000,
,,,-00.000041280000,  30.40000,
,,,-00.000041240000,  29.60000,
,,,-00.000041200000,  29.60000,
,,,-00.000041160000,  29.60000,
,,,-00.000041120000,  30.40000,
,,,-00.000041080000,  28.80000,
,,,-00.000041040000,  29.60000,
,,,-00.000041000000,  29.60000,
,,,-00.000040960000,  30.40000,
,,,-00.000040920000,  28.80000,
,,,-00.000040880000,  30.40000,
,,,-00.000040840000,  30.40000,
,,,-00.000040800000,  30.40000,
,,,-00.000040760000,  29.60000,
,,,-00.000040720000,  30.40000,
,,,-00.000040680000,  30.40000,
,,,-00.000040640000,  30.40000,
,,,-00.000040600000,  29.60000,
,,,-00.000040560000,  29.60000,
,,,-00.000040520000,  30.40000,
,,,-00.000040480000,  29.60000,
,,,-00.000040440000,  31.20000,
,,,-00.000040400000,  31.20000,
,,,-00.000040360000,  30.40000,
,,,-00.000040320000,  29.60000,
,,,-00.000040280000,  28.80000,
,,,-00.000040240000,  28.80000,
,,,-00.000040200000,  29.60000,
,,,-00.000040160000,  30.40000,
,,,-00.000040120000,  29.60000,
,,,-00.000040080000,  30.40000,
,,,-00.000040040000,  29.60000,
,,,-00.000040000000,  30.40000,
,,,-00.000039960000,  29.60000,
,,,-00.000039920000,  30.40000,
,,,-00.000039880000,  29.60000,
,,,-00.000039840000,  30.40000,
,,,-00.000039800000,  29.60000,
,,,-00.000039760000,  31.20000,
,,,-00.000039720000,  30.40000,
,,,-00.000039680000,  30.40000,
,,,-00.000039640000,  30.40000,
,,,-00.000039600000,  30.40000,
,,,-00.000039560000,  30.40000,
,,,-00.000039520000,  30.40000,
,,,-00.000039480000,  29.60000,
,,,-00.000039440000,  29.60000,
,,,-00.000039400000,  29.60000,
,,,-00.000039360000,  30.40000,
,,,-00.000039320000,  29.60000,
,,,-00.000039280000,  29.60000,
,,,-00.000039240000,  28.80000,
,,,-00.000039200000,  30.40000,
,,,-00.000039160000,  29.60000,
,,,-00.000039120000,  29.60000,
,,,-00.000039080000,  29.60000,
,,,-00.000039040000,  29.60000,
,,,-00.000039000000,  30.40000,
,,,-00.000038960000,  30.40000,
,,,-00.000038920000,  30.40000,
,,,-00.000038880000,  29.60000,
,,,-00.000038840000,  30.40000,
,,,-00.000038800000,  31.20000,
,,,-00.000038760000,  29.60000,
,,,-00.000038720000,  30.40000,
,,,-00.000038680000,  30.40000,
,,,-00.000038640000,  30.40000,
,,,-00.000038600000,  30.40000,
,,,-00.000038560000,  30.40000,
,,,-00.000038520000,  30.40000,
,,,-00.000038480000,  29.60000,
,,,-00.000038440000,  29.60000,
,,,-00.000038400000,  29.60000,
,,,-00.000038360000,  30.40000,
,,,-00.000038320000,  30.40000,
,,,-00.000038280000,  30.40000,
,,,-00.000038240000,  30.40000,
,,,-00.000038200000,  30.40000,
,,,-00.000038160000,  30.40000,
,,,-00.000038120000,  28.80000,
,,,-00.000038080000,  29.60000,
,,,-00.000038040000,  30.40000,
,,,-00.000038000000,  30.40000,
,,,-00.000037960000,  30.40000,
,,,-00.000037920000,  31.20000,
,,,-00.000037880000,  28.80000,
,,,-00.000037840000,  29.60000,
,,,-00.000037800000,  30.40000,
,,,-00.000037760000,  30.40000,
,,,-00.000037720000,  30.40000,
,,,-00.000037680000,  30.40000,
,,,-00.000037640000,  29.60000,
,,,-00.000037600000,  29.60000,
,,,-00.000037560000,  29.60000,
,,,-00.000037520000,  30.40000,
,,,-00.000037480000,  30.40000,
,,,-00.000037440000,  30.40000,
,,,-00.000037400000,  30.40000,
,,,-00.000037360000,  30.40000,
,,,-00.000037320000,  30.40000,
,,,-00.000037280000,  30.40000,
,,,-00.000037240000,  30.40000,
,,,-00.000037200000,  29.60000,
,,,-00.000037160000,  30.40000,
,,,-00.000037120000,  30.40000,
,,,-00.000037080000,  30.40000,
,,,-00.000037040000,  29.60000,
,,,-00.000037000000,  30.40000,
,,,-00.000036960000,  30.40000,
,,,-00.000036920000,  29.60000,
,,,-00.000036880000,  30.40000,
,,,-00.000036840000,  30.40000,
,,,-00.000036800000,  29.60000,
,,,-00.000036760000,  29.60000,
,,,-00.000036720000,  31.20000,
,,,-00.000036680000,  30.40000,
,,,-00.000036640000,  29.60000,
,,,-00.000036600000,  30.40000,
,,,-00.000036560000,  30.40000,
,,,-00.000036520000,  29.60000,
,,,-00.000036480000,  30.40000,
,,,-00.000036440000,  30.40000,
,,,-00.000036400000,  30.40000,
,,,-00.000036360000,  30.40000,
,,,-00.000036320000,  29.60000,
,,,-00.000036280000,  29.60000,
,,,-00.000036240000,  30.40000,
,,,-00.000036200000,  30.40000,
,,,-00.000036160000,  29.60000,
,,,-00.000036120000,  31.20000,
,,,-00.000036080000,  29.60000,
,,,-00.000036040000,  29.60000,
,,,-00.000036000000,  29.60000,
,,,-00.000035960000,  30.40000,
,,,-00.000035920000,  29.60000,
,,,-00.000035880000,  30.40000,
,,,-00.000035840000,  29.60000,
,,,-00.000035800000,  29.60000,
,,,-00.000035760000,  29.60000,
,,,-00.000035720000,  30.40000,
,,,-00.000035680000,  30.40000,
,,,-00.000035640000,  29.60000,
,,,-00.000035600000,  30.40000,
,,,-00.000035560000,  30.40000,
,,,-00.000035520000,  30.40000,
,,,-00.000035480000,  29.60000,
,,,-00.000035440000,  30.40000,
,,,-00.000035400000,  30.40000,
,,,-00.000035360000,  30.40000,
,,,-00.000035320000,  29.60000,
,,,-00.000035280000,  28.80000,
,,,-00.000035240000,  29.60000,
,,,-00.000035200000,  29.60000,
,,,-00.000035160000,  30.40000,
,,,-00.000035120000,  29.60000,
,,,-00.000035080000,  29.60000,
,,,-00.000035040000,  30.40000,
,,,-00.000035000000,  30.40000,
,,,-00.000034960000,  29.60000,
,,,-00.000034920000,  29.60000,
,,,-00.000034880000,  31.20000,
,,,-00.000034840000,  30.40000,
,,,-00.000034800000,  29.60000,
,,,-00.000034760000,  30.40000,
,,,-00.000034720000,  30.40000,
,,,-00.000034680000,  29.60000,
,,,-00.000034640000,  30.40000,
,,,-00.000034600000,  30.40000,
,,,-00.000034560000,  28.80000,
,,,-00.000034520000,  30.40000,
,,,-00.000034480000,  30.40000,
,,,-00.000034440000,  30.40000,
,,,-00.000034400000,  30.40000,
,,,-00.000034360000,  29.60000,
,,,-00.000034320000,  29.60000,
,,,-00.000034280000,  30.40000,
,,,-00.000034240000,  31.20000,
,,,-00.000034200000,  29.60000,
,,,-00.000034160000,  30.40000,
,,,-00.000034120000,  30.40000,
,,,-00.000034080000,  29.60000,
,,,-00.000034040000,  30.40000,
,,,-00.000034000000,  30.40000,
,,,-00.000033960000,  30.40000,
,,,-00.000033920000,  30.40000,
,,,-00.000033880000,  28.80000,
,,,-00.000033840000,  31.20000,
,,,-00.000033800000,  30.40000,
,,,-00.000033760000,  29.60000,
,,,-00.000033720000,  30.40000,
,,,-00.000033680000,  30.40000,
,,,-00.000033640000,  30.40000,
,,,-00.000033600000,  30.40000,
,,,-00.000033560000,  30.40000,
,,,-00.000033520000,  30.40000,
,,,-00.000033480000,  30.40000,
,,,-00.000033440000,  29.60000,
,,,-00.000033400000,  30.40000,
,,,-00.000033360000,  29.60000,
,,,-00.000033320000,  30.40000,
,,,-00.000033280000,  29.60000,
,,,-00.000033240000,  29.60000,
,,,-00.000033200000,  30.40000,
,,,-00.000033160000,  29.60000,
,,,-00.000033120000,  30.40000,
,,,-00.000033080000,  29.60000,
,,,-00.000033040000,  30.40000,
,,,-00.000033000000,  30.40000,
,,,-00.000032960000,  30.40000,
,,,-00.000032920000,  30.40000,
,,,-00.000032880000,  30.40000,
,,,-00.000032840000,  29.60000,
,,,-00.000032800000,  29.60000,
,,,-00.000032760000,  31.20000,
,,,-00.000032720000,  30.40000,
,,,-00.000032680000,  29.60000,
,,,-00.000032640000,  29.60000,
,,,-00.000032600000,  29.60000,
,,,-00.000032560000,  30.40000,
,,,-00.000032520000,  30.40000,
,,,-00.000032480000,  29.60000,
,,,-00.000032440000,  28.80000,
,,,-00.000032400000,  30.40000,
,,,-00.000032360000,  29.60000,
,,,-00.000032320000,  30.40000,
,,,-00.000032280000,  31.20000,
,,,-00.000032240000,  30.40000,
,,,-00.000032200000,  30.40000,
,,,-00.000032160000,  30.40000,
,,,-00.000032120000,  29.60000,
,,,-00.000032080000,  31.20000,
,,,-00.000032040000,  30.40000,
,,,-00.000032000000,  29.60000,
,,,-00.000031960000,  30.40000,
,,,-00.000031920000,  30.40000,
,,,-00.000031880000,  30.40000,
,,,-00.000031840000,  28.80000,
,,,-00.000031800000,  29.60000,
,,,-00.000031760000,  30.40000,
,,,-00.000031720000,  30.40000,
,,,-00.000031680000,  30.40000,
,,,-00.000031640000,  29.60000,
,,,-00.000031600000,  30.40000,
,,,-00.000031560000,  29.60000,
,,,-00.000031520000,  29.60000,
,,,-00.000031480000,  31.20000,
,,,-00.000031440000,  30.40000,
,,,-00.000031400000,  30.40000,
,,,-00.000031360000,  29.60000,
,,,-00.000031320000,  29.60000,
,,,-00.000031280000,  30.40000,
,,,-00.000031240000,  29.60000,
,,,-00.000031200000,  29.60000,
,,,-00.000031160000,  30.40000,
,,,-00.000031120000,  29.60000,
,,,-00.000031080000,  30.40000,
,,,-00.000031040000,  28.80000,
,,,-00.000031000000,  30.40000,
,,,-00.000030960000,  28.80000,
,,,-00.000030920000,  29.60000,
,,,-00.000030880000,  29.60000,
,,,-00.000030840000,  30.40000,
,,,-00.000030800000,  29.60000,
,,,-00.000030760000,  29.60000,
,,,-00.000030720000,  29.60000,
,,,-00.000030680000,  30.40000,
,,,-00.000030640000,  29.60000,
,,,-00.000030600000,  29.60000,
,,,-00.000030560000,  30.40000,
,,,-00.000030520000,  28.80000,
,,,-00.000030480000,  29.60000,
,,,-00.000030440000,  30.40000,
,,,-00.000030400000,  29.60000,
,,,-00.000030360000,  29.60000,
,,,-00.000030320000,  30.40000,
,,,-00.000030280000,  30.40000,
,,,-00.000030240000,  29.60000,
,,,-00.000030200000,  29.60000,
,,,-00.000030160000,  29.60000,
,,,-00.000030120000,  30.40000,
,,,-00.000030080000,  29.60000,
,,,-00.000030040000,  28.80000,
,,,-00.000030000000,  29.60000,
,,,-00.000029960000,  29.60000,
,,,-00.000029920000,  30.40000,
,,,-00.000029880000,  29.60000,
,,,-00.000029840000,  30.40000,
,,,-00.000029800000,  29.60000,
,,,-00.000029760000,  30.40000,
,,,-00.000029720000,  29.60000,
,,,-00.000029680000,  29.60000,
,,,-00.000029640000,  30.40000,
,,,-00.000029600000,  30.40000,
,,,-00.000029560000,  29.60000,
,,,-00.000029520000,  29.60000,
,,,-00.000029480000,  29.60000,
,,,-00.000029440000,  30.40000,
,,,-00.000029400000,  30.40000,
,,,-00.000029360000,  29.60000,
,,,-00.000029320000,  29.60000,
,,,-00.000029280000,  29.60000,
,,,-00.000029240000,  29.60000,
,,,-00.000029200000,  29.60000,
,,,-00.000029160000,  30.40000,
,,,-00.000029120000,  30.40000,
,,,-00.000029080000,  29.60000,
,,,-00.000029040000,  30.40000,
,,,-00.000029000000,  30.40000,
,,,-00.000028960000,  30.40000,
,,,-00.000028920000,  29.60000,
,,,-00.000028880000,  30.40000,
,,,-00.000028840000,  30.40000,
,,,-00.000028800000,  30.40000,
,,,-00.000028760000,  29.60000,
,,,-00.000028720000,  29.60000,
,,,-00.000028680000,  29.60000,
,,,-00.000028640000,  29.60000,
,,,-00.000028600000,  29.60000,
,,,-00.000028560000,  30.40000,
,,,-00.000028520000,  30.40000,
,,,-00.000028480000,  29.60000,
,,,-00.000028440000,  30.40000,
,,,-00.000028400000,  29.60000,
,,,-00.000028360000,  30.40000,
,,,-00.000028320000,  29.60000,
,,,-00.000028280000,  30.40000,
,,,-00.000028240000,  30.40000,
,,,-00.000028200000,  31.20000,
,,,-00.000028160000,  29.60000,
,,,-00.000028120000,  30.40000,
,,,-00.000028080000,  29.60000,
,,,-00.000028040000,  29.60000,
,,,-00.000028000000,  29.60000,
,,,-00.000027960000,  30.40000,
,,,-00.000027920000,  29.60000,
,,,-00.000027880000,  30.40000,
,,,-00.000027840000,  29.60000,
,,,-00.000027800000,  29.60000,
,,,-00.000027760000,  29.60000,
,,,-00.000027720000,  29.60000,
,,,-00.000027680000,  30.40000,
,,,-00.000027640000,  29.60000,
,,,-00.000027600000,  29.60000,
,,,-00.000027560000,  30.40000,
,,,-00.000027520000,  30.40000,
,,,-00.000027480000,  29.60000,
,,,-00.000027440000,  30.40000,
,,,-00.000027400000,  29.60000,
,,,-00.000027360000,  29.60000,
,,,-00.000027320000,  29.60000,
,,,-00.000027280000,  29.60000,
,,,-00.000027240000,  29.60000,
,,,-00.000027200000,  30.40000,
,,,-00.000027160000,  29.60000,
,,,-00.000027120000,  29.60000,
,,,-00.000027080000,  29.60000,
,,,-00.000027040000,  30.40000,
,,,-00.000027000000,  30.40000,
,,,-00.000026960000,  30.40000,
,,,-00.000026920000,  31.20000,
,,,-00.000026880000,  30.40000,
,,,-00.000026840000,  30.40000,
,,,-00.000026800000,  29.60000,
,,,-00.000026760000,  30.40000,
,,,-00.000026720000,  30.40000,
,,,-00.000026680000,  30.40000,
,,,-00.000026640000,  30.40000,
,,,-00.000026600000,  30.40000,
,,,-00.000026560000,  29.60000,
,,,-00.000026520000,  29.60000,
,,,-00.000026480000,  30.40000,
,,,-00.000026440000,  30.40000,
,,,-00.000026400000,  29.60000,
,,,-00.000026360000,  29.60000,
,,,-00.000026320000,  30.40000,
,,,-00.000026280000,  29.60000,
,,,-00.000026240000,  29.60000,
,,,-00.000026200000,  30.40000,
,,,-00.000026160000,  30.40000,
,,,-00.000026120000,  30.40000,
,,,-00.000026080000,  30.40000,
,,,-00.000026040000,  30.40000,
,,,-00.000026000000,  29.60000,
,,,-00.000025960000,  29.60000,
,,,-00.000025920000,  30.40000,
,,,-00.000025880000,  30.40000,
,,,-00.000025840000,  28.80000,
,,,-00.000025800000,  30.40000,
,,,-00.000025760000,  28.80000,
,,,-00.000025720000,  30.40000,
,,,-00.000025680000,  30.40000,
,,,-00.000025640000,  29.60000,
,,,-00.000025600000,  29.60000,
,,,-00.000025560000,  29.60000,
,,,-00.000025520000,  28.80000,
,,,-00.000025480000,  29.60000,
,,,-00.000025440000,  30.40000,
,,,-00.000025400000,  29.60000,
,,,-00.000025360000,  30.40000,
,,,-00.000025320000,  30.40000,
,,,-00.000025280000,  30.40000,
,,,-00.000025240000,  29.60000,
,,,-00.000025200000,  30.40000,
,,,-00.000025160000,  30.40000,
,,,-00.000025120000,  30.40000,
,,,-00.000025080000,  30.40000,
,,,-00.000025040000,  29.60000,
,,,-00.000025000000,  30.40000,
,,,-00.000024960000,  31.20000,
,,,-00.000024920000,  29.60000,
,,,-00.000024880000,  30.40000,
,,,-00.000024840000,  30.40000,
,,,-00.000024800000,  30.40000,
,,,-00.000024760000,  31.20000,
,,,-00.000024720000,  23.20000,
,,,-00.000024680000,  -2.40000,
,,,-00.000024640000,   0.00000,
,,,-00.000024600000,  -3.20000,
,,,-00.000024560000,   0.00000,
,,,-00.000024520000,  -0.80000,
,,,-00.000024480000,   0.00000,
,,,-00.000024440000,   0.00000,
,,,-00.000024400000,   0.00000,
,,,-00.000024360000,   0.00000,
,,,-00.000024320000,   0.80000,
,,,-00.000024280000,   0.00000,
,,,-00.000024240000,   1.60000,
,,,-00.000024200000,   0.00000,
,,,-00.000024160000,   0.00000,
,,,-00.000024120000,   0.00000,
,,,-00.000024080000,  -0.80000,
,,,-00.000024040000,   0.00000,
,,,-00.000024000000,   0.80000,
,,,-00.000023960000,   0.00000,
,,,-00.000023920000,   0.00000,
,,,-00.000023880000,   0.80000,
,,,-00.000023840000,   0.00000,
,,,-00.000023800000,   0.00000,
,,,-00.000023760000,   0.00000,
,,,-00.000023720000,   0.00000,
,,,-00.000023680000,   1.60000,
,,,-00.000023640000,   0.00000,
,,,-00.000023600000,   0.80000,
,,,-00.000023560000,  -0.80000,
,,,-00.000023520000,   0.00000,
,,,-00.000023480000,   0.80000,
,,,-00.000023440000,   0.00000,
,,,-00.000023400000,  -0.80000,
,,,-00.000023360000,   0.80000,
,,,-00.000023320000,   0.00000,
,,,-00.000023280000,   0.00000,
,,,-00.000023240000,   0.00000,
,,,-00.000023200000,   0.00000,
,,,-00.000023160000,   0.00000,
,,,-00.000023120000,  -0.80000,
,,,-00.000023080000,  -0.80000,
,,,-00.000023040000,   0.00000,
,,,-00.000023000000,   0.80000,
,,,-00.000022960000,   1.60000,
,,,-00.000022920000,   0.00000,
,,,-00.000022880000,  -0.80000,
,,,-00.000022840000,   0.00000,
,,,-00.000022800000,   0.80000,
,,,-00.000022760000,   0.00000,
,,,-00.000022720000,   0.00000,
,,,-00.000022680000,   0.00000,
,,,-00.000022640000,  -0.80000,
,,,-00.000022600000,  -0.80000,
,,,-00.000022560000,   0.00000,
,,,-00.000022520000,   0.00000,
,,,-00.000022480000,   0.00000,
,,,-00.000022440000,   0.80000,
,,,-00.000022400000,   0.00000,
,,,-00.000022360000,   0.00000,
,,,-00.000022320000,   0.00000,
,,,-00.000022280000,   0.00000,
,,,-00.000022240000,   0.80000,
,,,-00.000022200000,   0.00000,
,,,-00.000022160000,   0.00000,
,,,-00.000022120000,   0.00000,
,,,-00.000022080000,   0.00000,
,,,-00.000022040000,   0.00000,
,,,-00.000022000000,   0.00000,
,,,-00.000021960000,   0.00000,
,,,-00.000021920000,   0.80000,
,,,-00.000021880000,   0.00000,
,,,-00.000021840000,   0.80000,
,,,-00.000021800000,   0.00000,
,,,-00.000021760000,   0.80000,
,,,-00.000021720000,   0.80000,
,,,-00.000021680000,   0.00000,
,,,-00.000021640000,   0.00000,
,,,-00.000021600000,   0.00000,
,,,-00.000021560000,   0.00000,
,,,-00.000021520000,   0.00000,
,,,-00.000021480000,  -0.80000,
,,,-00.000021440000,   0.80000,
,,,-00.000021400000,  -0.80000,
,,,-00.000021360000,   0.00000,
,,,-00.000021320000,   0.80000,
,,,-00.000021280000,  -0.80000,
,,,-00.000021240000,   0.00000,
,,,-00.000021200000,   0.00000,
,,,-00.000021160000,   0.80000,
,,,-00.000021120000,   0.00000,
,,,-00.000021080000,   0.00000,
,,,-00.000021040000,   0.00000,
,,,-00.000021000000,   0.80000,
,,,-00.000020960000,   0.00000,
,,,-00.000020920000,   0.00000,
,,,-00.000020880000,   0.00000,
,,,-00.000020840000,   0.00000,
,,,-00.000020800000,   0.80000,
,,,-00.000020760000,   0.80000,
,,,-00.000020720000,   0.80000,
,,,-00.000020680000,   0.00000,
,,,-00.000020640000,   0.00000,
,,,-00.000020600000,   0.00000,
,,,-00.000020560000,   0.00000,
,,,-00.000020520000,   0.00000,
,,,-00.000020480000,   0.00000,
,,,-00.000020440000,   0.00000,
,,,-00.000020400000,   0.00000,
,,,-00.000020360000,   0.00000,
,,,-00.000020320000,   0.00000,
,,,-00.000020280000,   0.80000,
,,,-00.000020240000,   0.80000,
,,,-00.000020200000,   0.80000,
,,,-00.000020160000,   0.00000,
,,,-00.000020120000,   0.00000,
,,,-00.000020080000,   0.80000,
,,,-00.000020040000,   0.00000,
,,,-00.000020000000,   0.80000,
,,,-00.000019960000,   0.00000,
,,,-00.000019920000,  -0.80000,
,,,-00.000019880000,   0.80000,
,,,-00.000019840000,   0.00000,
,,,-00.000019800000,   0.80000,
,,,-00.000019760000,   0.00000,
,,,-00.000019720000,   0.80000,
,,,-00.000019680000,   0.00000,
,,,-00.000019640000,  -0.80000,
,,,-00.000019600000,   0.80000,
,,,-00.000019560000,   0.80000,
,,,-00.000019520000,   0.00000,
,,,-00.000019480000,   0.00000,
,,,-00.000019440000,   0.00000,
,,,-00.000019400000,   0.00000,
,,,-00.000019360000,   0.80000,
,,,-00.000019320000,   0.00000,
,,,-00.000019280000,   0.80000,
,,,-00.000019240000,   0.80000,
,,,-00.000019200000,   0.80000,
,,,-00.000019160000,   0.00000,
,,,-00.000019120000,   0.00000,
,,,-00.000019080000,   0.80000,
,,,-00.000019040000,  -0.80000,
,,,-00.000019000000,   0.80000,
,,,-00.000018960000,  -0.80000,
,,,-00.000018920000,  -0.80000,
,,,-00.000018880000,   0.00000,
,,,-00.000018840000,   0.80000,
,,,-00.000018800000,   0.00000,
,,,-00.000018760000,  -0.80000,
,,,-00.000018720000,   0.00000,
,,,-00.000018680000,   0.00000,
,,,-00.000018640000,   0.00000,
,,,-00.000018600000,   0.00000,
,,,-00.000018560000,   0.80000,
,,,-00.000018520000,   0.00000,
,,,-00.000018480000,   0.00000,
,,,-00.000018440000,   0.00000,
,,,-00.000018400000,   0.00000,
,,,-00.000018360000,   0.80000,
,,,-00.000018320000,   0.00000,
,,,-00.000018280000,   0.80000,
,,,-00.000018240000,   0.80000,
,,,-00.000018200000,   0.80000,
,,,-00.000018160000,  -0.80000,
,,,-00.000018120000,   0.00000,
,,,-00.000018080000,  -0.80000,
,,,-00.000018040000,   0.80000,
,,,-00.000018000000,   0.80000,
,,,-00.000017960000,   0.80000,
,,,-00.000017920000,   0.00000,
,,,-00.000017880000,   0.80000,
,,,-00.000017840000,   0.80000,
,,,-00.000017800000,   0.00000,
,,,-00.000017760000,   0.80000,
,,,-00.000017720000,   0.00000,
,,,-00.000017680000,   0.00000,
,,,-00.000017640000,   0.80000,
,,,-00.000017600000,   0.00000,
,,,-00.000017560000,   0.80000,
,,,-00.000017520000,   0.80000,
,,,-00.000017480000,   0.80000,
,,,-00.000017440000,   0.00000,
,,,-00.000017400000,   0.80000,
,,,-00.000017360000,   0.80000,
,,,-00.000017320000,   0.00000,
,,,-00.000017280000,   0.00000,
,,,-00.000017240000,   0.00000,
,,,-00.000017200000,   0.00000,
,,,-00.000017160000,   0.00000,
,,,-00.000017120000,   0.80000,
,,,-00.000017080000,   0.80000,
,,,-00.000017040000,   0.00000,
,,,-00.000017000000,   0.00000,
,,,-00.000016960000,   0.80000,
,,,-00.000016920000,   0.00000,
,,,-00.000016880000,   0.00000,
,,,-00.000016840000,   0.80000,
,,,-00.000016800000,   0.80000,
,,,-00.000016760000,   0.00000,
,,,-00.000016720000,   0.80000,
,,,-00.000016680000,   0.00000,
,,,-00.000016640000,   0.00000,
,,,-00.000016600000,   0.80000,
,,,-00.000016560000,  -0.80000,
,,,-00.000016520000,   0.80000,
,,,-00.000016480000,   0.80000,
,,,-00.000016440000,   0.00000,
,,,-00.000016400000,   0.00000,
,,,-00.000016360000,   1.60000,
,,,-00.000016320000,   0.80000,
,,,-00.000016280000,   0.00000,
,,,-00.000016240000,   0.00000,
,,,-00.000016200000,   0.00000,
,,,-00.000016160000,   0.00000,
,,,-00.000016120000,   0.00000,
,,,-00.000016080000,   0.00000,
,,,-00.000016040000,   0.00000,
,,,-00.000016000000,   0.00000,
,,,-00.000015960000,   0.00000,
,,,-00.000015920000,   0.00000,
,,,-00.000015880000,   0.00000,
,,,-00.000015840000,   0.00000,
,,,-00.000015800000,   0.80000,
,,,-00.000015760000,   0.80000,
,,,-00.000015720000,  -0.80000,
,,,-00.000015680000,   0.00000,
,,,-00.000015640000,   0.00000,
,,,-00.000015600000,   0.00000,
,,,-00.000015560000,   0.00000,
,,,-00.000015520000,   0.80000,
,,,-00.000015480000,   0.00000,
,,,-00.000015440000,   0.80000,
,,,-00.000015400000,   0.00000,
,,,-00.000015360000,   0.00000,
,,,-00.000015320000,   0.00000,
,,,-00.000015280000,   0.00000,
,,,-00.000015240000,   0.80000,
,,,-00.000015200000,   0.00000,
,,,-00.000015160000,   0.00000,
,,,-00.000015120000,   0.00000,
,,,-00.000015080000,   0.00000,
,,,-00.000015040000,   0.00000,
,,,-00.000015000000,   0.00000,
,,,-00.000014960000,   0.00000,
,,,-00.000014920000,  -0.80000,
,,,-00.000014880000,   0.00000,
,,,-00.000014840000,   0.80000,
,,,-00.000014800000,  -0.80000,
,,,-00.000014760000,   0.80000,
,,,-00.000014720000,  -0.80000,
,,,-00.000014680000,   0.00000,
,,,-00.000014640000,   0.00000,
,,,-00.000014600000,   0.80000,
,,,-00.000014560000,   0.80000,
,,,-00.000014520000,   0.80000,
,,,-00.000014480000,   0.80000,
,,,-00.000014440000,   0.00000,
,,,-00.000014400000,   0.00000,
,,,-00.000014360000,   0.00000,
,,,-00.000014320000,   0.00000,
,,,-00.000014280000,   0.00000,
,,,-00.000014240000,  -0.80000,
,,,-00.000014200000,   0.00000,
,,,-00.000014160000,  -0.80000,
,,,-00.000014120000,   0.00000,
,,,-00.000014080000,   0.80000,
,,,-00.000014040000,   0.80000,
,,,-00.000014000000,   0.80000,
,,,-00.000013960000,   0.00000,
,,,-00.000013920000,   0.80000,
,,,-00.000013880000,  -0.80000,
,,,-00.000013840000,   0.00000,
,,,-00.000013800000,   0.80000,
,,,-00.000013760000,   0.00000,
,,,-00.000013720000,   0.80000,
,,,-00.000013680000,  -0.80000,
,,,-00.000013640000,   0.00000,
,,,-00.000013600000,   0.00000,
,,,-00.000013560000,   0.00000,
,,,-00.000013520000,   0.00000,
,,,-00.000013480000,   0.00000,
,,,-00.000013440000,   0.00000,
,,,-00.000013400000,   0.00000,
,,,-00.000013360000,   0.00000,
,,,-00.000013320000,   0.00000,
,,,-00.000013280000,   0.00000,
,,,-00.000013240000,  -0.80000,
,,,-00.000013200000,   0.00000,
,,,-00.000013160000,   0.80000,
,,,-00.000013120000,   0.00000,
,,,-00.000013080000,   0.00000,
,,,-00.000013040000,   0.00000,
,,,-00.000013000000,   0.00000,
,,,-00.000012960000,   0.80000,
,,,-00.000012920000,   0.00000,
,,,-00.000012880000,   0.80000,
,,,-00.000012840000,   0.00000,
,,,-00.000012800000,   0.00000,
,,,-00.000012760000,   0.00000,
,,,-00.000012720000,   0.00000,
,,,-00.000012680000,   0.80000,
,,,-00.000012640000,   0.00000,
,,,-00.000012600000,  -0.80000,
,,,-00.000012560000,   0.00000,
,,,-00.000012520000,   0.00000,
,,,-00.000012480000,   0.80000,
,,,-00.000012440000,  -0.80000,
,,,-00.000012400000,   0.00000,
,,,-00.000012360000,   1.60000,
,,,-00.000012320000,  -0.80000,
,,,-00.000012280000,   0.00000,
,,,-00.000012240000,   0.00000,
,,,-00.000012200000,   0.00000,
,,,-00.000012160000,   0.00000,
,,,-00.000012120000,   0.00000,
,,,-00.000012080000,  -0.80000,
,,,-00.000012040000,   0.00000,
,,,-00.000012000000,   0.00000,
,,,-00.000011960000,   0.00000,
,,,-00.000011920000,   1.60000,
,,,-00.000011880000,   0.80000,
,,,-00.000011840000,  -0.80000,
,,,-00.000011800000,   0.00000,
,,,-00.000011760000,   0.00000,
,,,-00.000011720000,   0.00000,
,,,-00.000011680000,   0.80000,
,,,-00.000011640000,  -0.80000,
,,,-00.000011600000,   0.80000,
,,,-00.000011560000,   0.00000,
,,,-00.000011520000,   0.00000,
,,,-00.000011480000,   0.80000,
,,,-00.000011440000,   0.00000,
,,,-00.000011400000,   0.00000,
,,,-00.000011360000,   0.00000,
,,,-00.000011320000,   0.00000,
,,,-00.000011280000,   0.80000,
,,,-00.000011240000,   0.80000,
,,,-00.000011200000,  -0.80000,
,,,-00.000011160000,   0.00000,
,,,-00.000011120000,   0.00000,
,,,-00.000011080000,   0.80000,
,,,-00.000011040000,  -0.80000,
,,,-00.000011000000,   0.00000,
,,,-00.000010960000,   0.80000,
,,,-00.000010920000,   0.00000,
,,,-00.000010880000,   0.00000,
,,,-00.000010840000,   0.00000,
,,,-00.000010800000,  -0.80000,
,,,-00.000010760000,   0.00000,
,,,-00.000010720000,   0.00000,
,,,-00.000010680000,   0.00000,
,,,-00.000010640000,   0.00000,
,,,-00.000010600000,   0.00000,
,,,-00.000010560000,   0.00000,
,,,-00.000010520000,   0.00000,
,,,-00.000010480000,   0.00000,
,,,-00.000010440000,   0.00000,
,,,-00.000010400000,   0.00000,
,,,-00.000010360000,   0.80000,
,,,-00.000010320000,   0.00000,
,,,-00.000010280000,   0.80000,
,,,-00.000010240000,  -0.80000,
,,,-00.000010200000,   0.00000,
,,,-00.000010160000,   0.00000,
,,,-00.000010120000,   0.00000,
,,,-00.000010080000,   0.00000,
,,,-00.000010040000,   0.00000,
,,,-00.000010000000,   0.00000,
,,,-00.000009960000,   0.80000,
,,,-00.000009920000,   0.00000,
,,,-00.000009880000,   0.00000,
,,,-00.000009840000,   0.80000,
,,,-00.000009800000,   0.00000,
,,,-00.000009760000,   0.80000,
,,,-00.000009720000,   0.80000,
,,,-00.000009680000,   0.00000,
,,,-00.000009640000,   0.80000,
,,,-00.000009600000,   0.00000,
,,,-00.000009560000,   0.80000,
,,,-00.000009520000,   0.00000,
,,,-00.000009480000,   0.00000,
,,,-00.000009440000,   0.00000,
,,,-00.000009400000,   0.00000,
,,,-00.000009360000,   0.00000,
,,,-00.000009320000,   0.00000,
,,,-00.000009280000,   0.00000,
,,,-00.000009240000,   0.00000,
,,,-00.000009200000,   0.00000,
,,,-00.000009160000,   0.80000,
,,,-00.000009120000,   1.60000,
,,,-00.000009080000,   0.80000,
,,,-00.000009040000,   0.80000,
,,,-00.000009000000,  -0.80000,
,,,-00.000008960000,   0.80000,
,,,-00.000008920000,   0.80000,
,,,-00.000008880000,   0.00000,
,,,-00.000008840000,   0.00000,
,,,-00.000008800000,   0.00000,
,,,-00.000008760000,   0.00000,
,,,-00.000008720000,   0.00000,
,,,-00.000008680000,   0.00000,
,,,-00.000008640000,   0.00000,
,,,-00.000008600000,  -0.80000,
,,,-00.000008560000,  -0.80000,
,,,-00.000008520000,   0.00000,
,,,-00.000008480000,   0.00000,
,,,-00.000008440000,   0.00000,
,,,-00.000008400000,   0.80000,
,,,-00.000008360000,  -0.80000,
,,,-00.000008320000,   0.00000,
,,,-00.000008280000,   0.00000,
,,,-00.000008240000,   0.80000,
,,,-00.000008200000,   0.80000,
,,,-00.000008160000,   0.00000,
,,,-00.000008120000,   0.80000,
,,,-00.000008080000,   0.00000,
,,,-00.000008040000,   0.00000,
,,,-00.000008000000,   0.00000,
,,,-00.000007960000,   0.00000,
,,,-00.000007920000,  -0.80000,
,,,-00.000007880000,   0.00000,
,,,-00.000007840000,   0.00000,
,,,-00.000007800000,  -0.80000,
,,,-00.000007760000,  -0.80000,
,,,-00.000007720000,   0.00000,
,,,-00.000007680000,  -0.80000,
,,,-00.000007640000,  -0.80000,
,,,-00.000007600000,   0.00000,
,,,-00.000007560000,   0.00000,
,,,-00.000007520000,   0.80000,
,,,-00.000007480000,   0.00000,
,,,-00.000007440000,   0.80000,
,,,-00.000007400000,   0.00000,
,,,-00.000007360000,   0.80000,
,,,-00.000007320000,   0.00000,
,,,-00.000007280000,   0.80000,
,,,-00.000007240000,   0.00000,
,,,-00.000007200000,   0.00000,
,,,-00.000007160000,   0.80000,
,,,-00.000007120000,   0.80000,
,,,-00.000007080000,   0.00000,
,,,-00.000007040000,   0.80000,
,,,-00.000007000000,   0.00000,
,,,-00.000006960000,   0.00000,
,,,-00.000006920000,   0.80000,
,,,-00.000006880000,   0.00000,
,,,-00.000006840000,   0.00000,
,,,-00.000006800000,   0.00000,
,,,-00.000006760000,  -0.80000,
,,,-00.000006720000,   0.00000,
,,,-00.000006680000,   0.80000,
,,,-00.000006640000,   0.00000,
,,,-00.000006600000,  -0.80000,
,,,-00.000006560000,   0.00000,
,,,-00.000006520000,   0.00000,
,,,-00.000006480000,  -0.80000,
,,,-00.000006440000,  -0.80000,
,,,-00.000006400000,   0.80000,
,,,-00.000006360000,   0.00000,
,,,-00.000006320000,   0.80000,
,,,-00.000006280000,   0.80000,
,,,-00.000006240000,   0.80000,
,,,-00.000006200000,  -0.80000,
,,,-00.000006160000,   0.80000,
,,,-00.000006120000,   0.00000,
,,,-00.000006080000,   0.80000,
,,,-00.000006040000,   0.80000,
,,,-00.000006000000,   0.80000,
,,,-00.000005960000,   0.00000,
,,,-00.000005920000,   0.80000,
,,,-00.000005880000,   0.80000,
,,,-00.000005840000,   0.80000,
,,,-00.000005800000,   0.80000,
,,,-00.000005760000,   0.00000,
,,,-00.000005720000,   0.00000,
,,,-00.000005680000,   0.80000,
,,,-00.000005640000,   0.80000,
,,,-00.000005600000,   0.00000,
,,,-00.000005560000,   0.80000,
,,,-00.000005520000,   0.00000,
,,,-00.000005480000,   0.80000,
,,,-00.000005440000,   0.00000,
,,,-00.000005400000,   0.80000,
,,,-00.000005360000,   0.00000,
,,,-00.000005320000,   0.80000,
,,,-00.000005280000,   0.00000,
,,,-00.000005240000,   0.80000,
,,,-00.000005200000,   0.00000,
,,,-00.000005160000,   0.00000,
,,,-00.000005120000,   0.00000,
,,,-00.000005080000,   0.00000,
,,,-00.000005040000,   0.00000,
,,,-00.000005000000,   0.00000,
,,,-00.000004960000,   0.00000,
,,,-00.000004920000,   0.00000,
,,,-00.000004880000,   0.00000,
,,,-00.000004840000,   0.00000,
,,,-00.000004800000,   0.00000,
,,,-00.000004760000,  -0.80000,
,,,-00.000004720000,   0.00000,
,,,-00.000004680000,  -1.60000,
,,,-00.000004640000,   0.00000,
,,,-00.000004600000,   0.00000,
,,,-00.000004560000,   0.00000,
,,,-00.000004520000,   0.00000,
,,,-00.000004480000,   0.00000,
,,,-00.000004440000,   0.80000,
,,,-00.000004400000,   0.00000,
,,,-00.000004360000,   0.00000,
,,,-00.000004320000,   0.00000,
,,,-00.000004280000,   0.00000,
,,,-00.000004240000,   0.80000,
,,,-00.000004200000,   0.00000,
,,,-00.000004160000,   0.00000,
,,,-00.000004120000,   0.80000,
,,,-00.000004080000,   0.00000,
,,,-00.000004040000,   0.00000,
,,,-00.000004000000,  -0.80000,
,,,-00.000003960000,   0.00000,
,,,-00.000003920000,  -0.80000,
,,,-00.000003880000,   0.00000,
,,,-00.000003840000,   0.00000,
,,,-00.000003800000,   0.00000,
,,,-00.000003760000,   0.80000,
,,,-00.000003720000,   0.00000,
,,,-00.000003680000,   0.00000,
,,,-00.000003640000,   0.00000,
,,,-00.000003600000,   0.80000,
,,,-00.000003560000,   0.80000,
,,,-00.000003520000,   0.00000,
,,,-00.000003480000,   0.00000,
,,,-00.000003440000,  -0.80000,
,,,-00.000003400000,   0.00000,
,,,-00.000003360000,   1.60000,
,,,-00.000003320000,   0.00000,
,,,-00.000003280000,   0.00000,
,,,-00.000003240000,  -0.80000,
,,,-00.000003200000,   0.80000,
,,,-00.000003160000,   0.80000,
,,,-00.000003120000,   0.00000,
,,,-00.000003080000,   0.80000,
,,,-00.000003040000,   0.00000,
,,,-00.000003000000,   0.00000,
,,,-00.000002960000,   0.00000,
,,,-00.000002920000,   0.80000,
,,,-00.000002880000,   0.00000,
,,,-00.000002840000,   0.00000,
,,,-00.000002800000,  -0.80000,
,,,-00.000002760000,   0.80000,
,,,-00.000002720000,   0.80000,
,,,-00.000002680000,   0.80000,
,,,-00.000002640000,   0.80000,
,,,-00.000002600000,   0.80000,
,,,-00.000002560000,   0.00000,
,,,-00.000002520000,   0.00000,
,,,-00.000002480000,   0.00000,
,,,-00.000002440000,   0.80000,
,,,-00.000002400000,   0.00000,
,,,-00.000002360000,   0.00000,
,,,-00.000002320000,   0.00000,
,,,-00.000002280000,   0.00000,
,,,-00.000002240000,   0.00000,
,,,-00.000002200000,   0.80000,
,,,-00.000002160000,   0.00000,
,,,-00.000002120000,   0.80000,
,,,-00.000002080000,   0.00000,
,,,-00.000002040000,   0.00000,
,,,-00.000002000000,   0.00000,
,,,-00.000001960000,   0.00000,
,,,-00.000001920000,   0.80000,
,,,-00.000001880000,   0.80000,
,,,-00.000001840000,   0.00000,
,,,-00.000001800000,   0.00000,
,,,-00.000001760000,   0.80000,
,,,-00.000001720000,   0.00000,
,,,-00.000001680000,   0.00000,
,,,-00.000001640000,   0.80000,
,,,-00.000001600000,   0.80000,
,,,-00.000001560000,   0.00000,
,,,-00.000001520000,   0.80000,
,,,-00.000001480000,   0.00000,
,,,-00.000001440000,   0.80000,
,,,-00.000001400000,   0.00000,
,,,-00.000001360000,   0.80000,
,,,-00.000001320000,   0.00000,
,,,-00.000001280000,   0.80000,
,,,-00.000001240000,   0.80000,
,,,-00.000001200000,   0.00000,
,,,-00.000001160000,   0.80000,
,,,-00.000001120000,   0.80000,
,,,-00.000001080000,   0.00000,
,,,-00.000001040000,   0.00000,
,,,-00.000001000000,   0.00000,
,,,-00.000000960000,   0.80000,
,,,-00.000000920000,   0.00000,
,,,-00.000000880000,   0.00000,
,,,-00.000000840000,   0.00000,
,,,-00.000000800000,   0.80000,
,,,-00.000000760000,   0.80000,
,,,-00.000000720000,   0.00000,
,,,-00.000000680000,   0.80000,
,,,-00.000000640000,   0.80000,
,,,-00.000000600000,   0.80000,
,,,-00.000000560000,   0.80000,
,,,-00.000000520000,   0.00000,
,,,-00.000000480000,   0.80000,
,,,-00.000000440000,   0.00000,
,,,-00.000000400000,   0.80000,
,,,-00.000000360000,   0.00000,
,,,-00.000000320000,   0.80000,
,,,-00.000000280000,   0.80000,
,,,-00.000000240000,   0.00000,
,,,-00.000000200000,   0.80000,
,,,-00.000000160000,  -2.40000,
,,,-00.000000120000,   0.00000,
,,,-00.000000080000,  -0.80000,
,,,-00.000000040000,   0.80000,
,,,-00.000000000000,  -0.80000,
,,,00.000000040000,  -0.80000,
,,,00.000000080000,  -0.80000,
,,,00.000000120000,  -1.60000,
,,,00.000000160000,  -1.60000,
,,,00.000000200000,  -0.80000,
,,,00.000000240000,   5.60000,
,,,00.000000280000,  21.60000,
,,,00.000000320000,  18.40000,
,,,00.000000360000,  24.80000,
,,,00.000000400000,  21.60000,
,,,00.000000440000,  26.40000,
,,,00.000000480000,  28.80000,
,,,00.000000520000,  31.20000,
,,,00.000000560000,  33.60000,
,,,00.000000600000,  36.00000,
,,,00.000000640000,  36.80000,
,,,00.000000680000,  38.40000,
,,,00.000000720000,  37.60000,
,,,00.000000760000,  37.60000,
,,,00.000000800000,  36.80000,
,,,00.000000840000,  34.40000,
,,,00.000000880000,  32.80000,
,,,00.000000920000,  29.60000,
,,,00.000000960000,  29.60000,
,,,00.000001000000,  27.20000,
,,,00.000001040000,  26.40000,
,,,00.000001080000,  25.60000,
,,,00.000001120000,  24.00000,
,,,00.000001160000,  24.80000,
,,,00.000001200000,  25.60000,
,,,00.000001240000,  25.60000,
,,,00.000001280000,  27.20000,
,,,00.000001320000,  28.00000,
,,,00.000001360000,  30.40000,
,,,00.000001400000,  32.00000,
,,,00.000001440000,  32.80000,
,,,00.000001480000,  33.60000,
,,,00.000001520000,  34.40000,
,,,00.000001560000,  34.40000,
,,,00.000001600000,  35.20000,
,,,00.000001640000,  34.40000,
,,,00.000001680000,  33.60000,
,,,00.000001720000,  32.00000,
,,,00.000001760000,  32.00000,
,,,00.000001800000,  29.60000,
,,,00.000001840000,  29.60000,
,,,00.000001880000,  27.20000,
,,,00.000001920000,  27.20000,
,,,00.000001960000,  25.60000,
,,,00.000002000000,  25.60000,
,,,00.000002040000,  25.60000,
,,,00.000002080000,  26.40000,
,,,00.000002120000,  27.20000,
,,,00.000002160000,  27.20000,
,,,00.000002200000,  28.80000,
,,,00.000002240000,  29.60000,
,,,00.000002280000,  30.40000,
,,,00.000002320000,  32.00000,
,,,00.000002360000,  32.80000,
,,,00.000002400000,  33.60000,
,,,00.000002440000,  32.80000,
,,,00.000002480000,  32.80000,
,,,00.000002520000,  32.80000,
,,,00.000002560000,  32.80000,
,,,00.000002600000,  32.00000,
,,,00.000002640000,  30.40000,
,,,00.000002680000,  29.60000,
,,,00.000002720000,  28.80000,
,,,00.000002760000,  27.20000,
,,,00.000002800000,  27.20000,
,,,00.000002840000,  27.20000,
,,,00.000002880000,  27.20000,
,,,00.000002920000,  27.20000,
,,,00.000002960000,  27.20000,
,,,00.000003000000,  28.00000,
,,,00.000003040000,  28.80000,
,,,00.000003080000,  29.60000,
,,,00.000003120000,  30.40000,
,,,00.000003160000,  31.20000,
,,,00.000003200000,  32.00000,
,,,00.000003240000,  32.00000,
,,,00.000003280000,  32.00000,
,,,00.000003320000,  32.80000,
,,,00.000003360000,  31.20000,
,,,00.000003400000,  32.00000,
,,,00.000003440000,  31.20000,
,,,00.000003480000,  32.00000,
,,,00.000003520000,  29.60000,
,,,00.000003560000,  29.60000,
,,,00.000003600000,  28.80000,
,,,00.000003640000,  28.80000,
,,,00.000003680000,  28.00000,
,,,00.000003720000,  28.00000,
,,,00.000003760000,  26.40000,
,,,00.000003800000,  28.00000,
,,,00.000003840000,  27.20000,
,,,00.000003880000,  28.80000,
,,,00.000003920000,  29.60000,
,,,00.000003960000,  28.80000,
,,,00.000004000000,  29.60000,
,,,00.000004040000,  30.40000,
,,,00.000004080000,  30.40000,
,,,00.000004120000,  31.20000,
,,,00.000004160000,  32.00000,
,,,00.000004200000,  32.00000,
,,,00.000004240000,  30.40000,
,,,00.000004280000,  31.20000,
,,,00.000004320000,  30.40000,
,,,00.000004360000,  30.40000,
,,,00.000004400000,  29.60000,
,,,00.000004440000,  30.40000,
,,,00.000004480000,  29.60000,
,,,00.000004520000,  29.60000,
,,,00.000004560000,  29.60000,
,,,00.000004600000,  28.80000,
,,,00.000004640000,  28.00000,
,,,00.000004680000,  28.80000,
,,,00.000004720000,  28.80000,
,,,00.000004760000,  28.80000,
,,,00.000004800000,  29.60000,
,,,00.000004840000,  28.80000,
,,,00.000004880000,  29.60000,
,,,00.000004920000,  31.20000,
,,,00.000004960000,  31.20000,
,,,00.000005000000,  31.20000,
,,,00.000005040000,  31.20000,
,,,00.000005080000,  31.20000,
,,,00.000005120000,  30.40000,
,,,00.000005160000,  31.20000,
,,,00.000005200000,  30.40000,
,,,00.000005240000,  29.60000,
,,,00.000005280000,  30.40000,
,,,00.000005320000,  29.60000,
,,,00.000005360000,  29.60000,
,,,00.000005400000,  28.80000,
,,,00.000005440000,  28.00000,
,,,00.000005480000,  30.40000,
,,,00.000005520000,  28.80000,
,,,00.000005560000,  28.80000,
,,,00.000005600000,  29.60000,
,,,00.000005640000,  28.80000,
,,,00.000005680000,  28.80000,
,,,00.000005720000,  29.60000,
,,,00.000005760000,  29.60000,
,,,00.000005800000,  31.20000,
,,,00.000005840000,  30.40000,
,,,00.000005880000,  30.40000,
,,,00.000005920000,  29.60000,
,,,00.000005960000,  29.60000,
,,,00.000006000000,  30.40000,
,,,00.000006040000,  30.40000,
,,,00.000006080000,  29.60000,
,,,00.000006120000,  29.60000,
,,,00.000006160000,  28.80000,
,,,00.000006200000,  29.60000,
,,,00.000006240000,  30.40000,
,,,00.000006280000,  29.60000,
,,,00.000006320000,  29.60000,
,,,00.000006360000,  28.00000,
,,,00.000006400000,  28.80000,
,,,00.000006440000,  28.80000,
,,,00.000006480000,  29.60000,
,,,00.000006520000,  30.40000,
,,,00.000006560000,  30.40000,
,,,00.000006600000,  29.60000,
,,,00.000006640000,  31.20000,
,,,00.000006680000,  29.60000,
,,,00.000006720000,  30.40000,
,,,00.000006760000,  30.40000,
,,,00.000006800000,  30.40000,
,,,00.000006840000,  30.40000,
,,,00.000006880000,  30.40000,
,,,00.000006920000,  30.40000,
,,,00.000006960000,  30.40000,
,,,00.000007000000,  29.60000,
,,,00.000007040000,  30.40000,
,,,00.000007080000,  30.40000,
,,,00.000007120000,  29.60000,
,,,00.000007160000,  29.60000,
,,,00.000007200000,  29.60000,
,,,00.000007240000,  28.80000,
,,,00.000007280000,  29.60000,
,,,00.000007320000,  29.60000,
,,,00.000007360000,  30.40000,
,,,00.000007400000,  30.40000,
,,,00.000007440000,  31.20000,
,,,00.000007480000,  29.60000,
,,,00.000007520000,  30.40000,
,,,00.000007560000,  31.20000,
,,,00.000007600000,  30.40000,
,,,00.000007640000,  30.40000,
,,,00.000007680000,  30.40000,
,,,00.000007720000,  30.40000,
,,,00.000007760000,  29.60000,
,,,00.000007800000,  29.60000,
,,,00.000007840000,  30.40000,
,,,00.000007880000,  30.40000,
,,,00.000007920000,  30.40000,
,,,00.000007960000,  29.60000,
,,,00.000008000000,  29.60000,
,,,00.000008040000,  28.80000,
,,,00.000008080000,  29.60000,
,,,00.000008120000,  30.40000,
,,,00.000008160000,  29.60000,
,,,00.000008200000,  29.60000,
,,,00.000008240000,  29.60000,
,,,00.000008280000,  29.60000,
,,,00.000008320000,  31.20000,
,,,00.000008360000,  30.40000,
,,,00.000008400000,  30.40000,
,,,00.000008440000,  30.40000,
,,,00.000008480000,  30.40000,
,,,00.000008520000,  29.60000,
,,,00.000008560000,  30.40000,
,,,00.000008600000,  29.60000,
,,,00.000008640000,  30.40000,
,,,00.000008680000,  30.40000,
,,,00.000008720000,  29.60000,
,,,00.000008760000,  29.60000,
,,,00.000008800000,  28.80000,
,,,00.000008840000,  30.40000,
,,,00.000008880000,  30.40000,
,,,00.000008920000,  29.60000,
,,,00.000008960000,  29.60000,
,,,00.000009000000,  29.60000,
,,,00.000009040000,  29.60000,
,,,00.000009080000,  29.60000,
,,,00.000009120000,  30.40000,
,,,00.000009160000,  30.40000,
,,,00.000009200000,  29.60000,
,,,00.000009240000,  30.40000,
,,,00.000009280000,  29.60000,
,,,00.000009320000,  30.40000,
,,,00.000009360000,  29.60000,
,,,00.000009400000,  30.40000,
,,,00.000009440000,  30.40000,
,,,00.000009480000,  30.40000,
,,,00.000009520000,  30.40000,
,,,00.000009560000,  29.60000,
,,,00.000009600000,  29.60000,
,,,00.000009640000,  28.80000,
,,,00.000009680000,  29.60000,
,,,00.000009720000,  30.40000,
,,,00.000009760000,  30.40000,
,,,00.000009800000,  30.40000,
,,,00.000009840000,  30.40000,
,,,00.000009880000,  29.60000,
,,,00.000009920000,  30.40000,
,,,00.000009960000,  29.60000,
,,,00.000010000000,  30.40000,
,,,00.000010040000,  29.60000,
,,,00.000010080000,  29.60000,
,,,00.000010120000,  30.40000,
,,,00.000010160000,  29.60000,
,,,00.000010200000,  29.60000,
,,,00.000010240000,  30.40000,
,,,00.000010280000,  30.40000,
,,,00.000010320000,  29.60000,
,,,00.000010360000,  30.40000,
,,,00.000010400000,  29.60000,
,,,00.000010440000,  30.40000,
,,,00.000010480000,  30.40000,
,,,00.000010520000,  30.40000,
,,,00.000010560000,  29.60000,
,,,00.000010600000,  29.60000,
,,,00.000010640000,  29.60000,
,,,00.000010680000,  29.60000,
,,,00.000010720000,  29.60000,
,,,00.000010760000,  30.40000,
,,,00.000010800000,  29.60000,
,,,00.000010840000,  30.40000,
,,,00.000010880000,  29.60000,
,,,00.000010920000,  30.40000,
,,,00.000010960000,  30.40000,
,,,00.000011000000,  30.40000,
,,,00.000011040000,  30.40000,
,,,00.000011080000,  30.40000,
,,,00.000011120000,  30.40000,
,,,00.000011160000,  30.40000,
,,,00.000011200000,  29.60000,
,,,00.000011240000,  29.60000,
,,,00.000011280000,  29.60000,
,,,00.000011320000,  29.60000,
,,,00.000011360000,  30.40000,
,,,00.000011400000,  30.40000,
,,,00.000011440000,  29.60000,
,,,00.000011480000,  30.40000,
,,,00.000011520000,  28.80000,
,,,00.000011560000,  29.60000,
,,,00.000011600000,  28.80000,
,,,00.000011640000,  30.40000,
,,,00.000011680000,  29.60000,
,,,00.000011720000,  29.60000,
,,,00.000011760000,  29.60000,
,,,00.000011800000,  29.60000,
,,,00.000011840000,  29.60000,
,,,00.000011880000,  29.60000,
,,,00.000011920000,  29.60000,
,,,00.000011960000,  29.60000,
,,,00.000012000000,  28.80000,
,,,00.000012040000,  29.60000,
,,,00.000012080000,  31.20000,
,,,00.000012120000,  29.60000,
,,,00.000012160000,  28.80000,
,,,00.000012200000,  29.60000,
,,,00.000012240000,  28.80000,
,,,00.000012280000,  29.60000,
,,,00.000012320000,  30.40000,
,,,00.000012360000,  29.60000,
,,,00.000012400000,  29.60000,
,,,00.000012440000,  29.60000,
,,,00.000012480000,  30.40000,
,,,00.000012520000,  30.40000,
,,,00.000012560000,  30.40000,
,,,00.000012600000,  29.60000,
,,,00.000012640000,  30.40000,
,,,00.000012680000,  30.40000,
,,,00.000012720000,  30.40000,
,,,00.000012760000,  30.40000,
,,,00.000012800000,  30.40000,
,,,00.000012840000,  30.40000,
,,,00.000012880000,  29.60000,
,,,00.000012920000,  30.40000,
,,,00.000012960000,  30.40000,
,,,00.000013000000,  30.40000,
,,,00.000013040000,  29.60000,
,,,00.000013080000,  29.60000,
,,,00.000013120000,  29.60000,
,,,00.000013160000,  30.40000,
,,,00.000013200000,  30.40000,
,,,00.000013240000,  29.60000,
,,,00.000013280000,  29.60000,
,,,00.000013320000,  29.60000,
,,,00.000013360000,  30.40000,
,,,00.000013400000,  30.40000,
,,,00.000013440000,  30.40000,
,,,00.000013480000,  30.40000,
,,,00.000013520000,  30.40000,
,,,00.000013560000,  30.40000,
,,,00.000013600000,  29.60000,
,,,00.000013640000,  29.60000,
,,,00.000013680000,  29.60000,
,,,00.000013720000,  30.40000,
,,,00.000013760000,  30.40000,
,,,00.000013800000,  30.40000,
,,,00.000013840000,  29.60000,
,,,00.000013880000,  30.40000,
,,,00.000013920000,  29.60000,
,,,00.000013960000,  29.60000,
,,,00.000014000000,  29.60000,
,,,00.000014040000,  29.60000,
,,,00.000014080000,  29.60000,
,,,00.000014120000,  30.40000,
,,,00.000014160000,  30.40000,
,,,00.000014200000,  28.80000,
,,,00.000014240000,  29.60000,
,,,00.000014280000,  30.40000,
,,,00.000014320000,  30.40000,
,,,00.000014360000,  29.60000,
,,,00.000014400000,  29.60000,
,,,00.000014440000,  29.60000,
,,,00.000014480000,  30.40000,
,,,00.000014520000,  30.40000,
,,,00.000014560000,  30.40000,
,,,00.000014600000,  30.40000,
,,,00.000014640000,  29.60000,
,,,00.000014680000,  30.40000,
,,,00.000014720000,  30.40000,
,,,00.000014760000,  31.20000,
,,,00.000014800000,  29.60000,
,,,00.000014840000,  30.40000,
,,,00.000014880000,  29.60000,
,,,00.000014920000,  28.80000,
,,,00.000014960000,  29.60000,
,,,00.000015000000,  30.40000,
,,,00.000015040000,  31.20000,
,,,00.000015080000,  30.40000,
,,,00.000015120000,  29.60000,
,,,00.000015160000,  29.60000,
,,,00.000015200000,  29.60000,
,,,00.000015240000,  29.60000,
,,,00.000015280000,  29.60000,
,,,00.000015320000,  29.60000,
,,,00.000015360000,  31.20000,
,,,00.000015400000,  29.60000,
,,,00.000015440000,  28.80000,
,,,00.000015480000,  29.60000,
,,,00.000015520000,  29.60000,
,,,00.000015560000,  30.40000,
,,,00.000015600000,  30.40000,
,,,00.000015640000,  29.60000,
,,,00.000015680000,  30.40000,
,,,00.000015720000,  29.60000,
,,,00.000015760000,  30.40000,
,,,00.000015800000,  31.20000,
,,,00.000015840000,  29.60000,
,,,00.000015880000,  29.60000,
,,,00.000015920000,  30.40000,
,,,00.000015960000,  28.80000,
,,,00.000016000000,  30.40000,
,,,00.000016040000,  30.40000,
,,,00.000016080000,  29.60000,
,,,00.000016120000,  30.40000,
,,,00.000016160000,  29.60000,
,,,00.000016200000,  29.60000,
,,,00.000016240000,  30.40000,
,,,00.000016280000,  29.60000,
,,,00.000016320000,  29.60000,
,,,00.000016360000,  29.60000,
,,,00.000016400000,  29.60000,
,,,00.000016440000,  30.40000,
,,,00.000016480000,  30.40000,
,,,00.000016520000,  31.20000,
,,,00.000016560000,  29.60000,
,,,00.000016600000,  30.40000,
,,,00.000016640000,  31.20000,
,,,00.000016680000,  29.60000,
,,,00.000016720000,  30.40000,
,,,00.000016760000,  29.60000,
,,,00.000016800000,  30.40000,
,,,00.000016840000,  30.40000,
,,,00.000016880000,  30.40000,
,,,00.000016920000,  29.60000,
,,,00.000016960000,  30.40000,
,,,00.000017000000,  29.60000,
,,,00.000017040000,  29.60000,
,,,00.000017080000,  31.20000,
,,,00.000017120000,  29.60000,
,,,00.000017160000,  29.60000,
,,,00.000017200000,  29.60000,
,,,00.000017240000,  30.40000,
,,,00.000017280000,  29.60000,
,,,00.000017320000,  29.60000,
,,,00.000017360000,  30.40000,
,,,00.000017400000,  29.60000,
,,,00.000017440000,  29.60000,
,,,00.000017480000,  30.40000,
,,,00.000017520000,  30.40000,
,,,00.000017560000,  28.80000,
,,,00.000017600000,  30.40000,
,,,00.000017640000,  30.40000,
,,,00.000017680000,  30.40000,
,,,00.000017720000,  30.40000,
,,,00.000017760000,  30.40000,
,,,00.000017800000,  29.60000,
,,,00.000017840000,  30.40000,
,,,00.000017880000,  30.40000,
,,,00.000017920000,  30.40000,
,,,00.000017960000,  30.40000,
,,,00.000018000000,  30.40000,
,,,00.000018040000,  29.60000,
,,,00.000018080000,  29.60000,
,,,00.000018120000,  29.60000,
,,,00.000018160000,  30.40000,
,,,00.000018200000,  29.60000,
,,,00.000018240000,  29.60000,
,,,00.000018280000,  30.40000,
,,,00.000018320000,  29.60000,
,,,00.000018360000,  29.60000,
,,,00.000018400000,  29.60000,
,,,00.000018440000,  30.40000,
,,,00.000018480000,  30.40000,
,,,00.000018520000,  29.60000,
,,,00.000018560000,  29.60000,
,,,00.000018600000,  30.40000,
,,,00.000018640000,  30.40000,
,,,00.000018680000,  30.40000,
,,,00.000018720000,  29.60000,
,,,00.000018760000,  30.40000,
,,,00.000018800000,  29.60000,
,,,00.000018840000,  29.60000,
,,,00.000018880000,  30.40000,
,,,00.000018920000,  29.60000,
,,,00.000018960000,  30.40000,
,,,00.000019000000,  30.40000,
,,,00.000019040000,  29.60000,
,,,00.000019080000,  29.60000,
,,,00.000019120000,  29.60000,
,,,00.000019160000,  29.60000,
,,,00.000019200000,  29.60000,
,,,00.000019240000,  30.40000,
,,,00.000019280000,  30.40000,
,,,00.000019320000,  31.20000,
,,,00.000019360000,  29.60000,
,,,00.000019400000,  30.40000,
,,,00.000019440000,  30.40000,
,,,00.000019480000,  30.40000,
,,,00.000019520000,  30.40000,
,,,00.000019560000,  30.40000,
,,,00.000019600000,  29.60000,
,,,00.000019640000,  30.40000,
,,,00.000019680000,  29.60000,
,,,00.000019720000,  30.40000,
,,,00.000019760000,  30.40000,
,,,00.000019800000,  30.40000,
,,,00.000019840000,  29.60000,
,,,00.000019880000,  29.60000,
,,,00.000019920000,  30.40000,
,,,00.000019960000,  29.60000,
,,,00.000020000000,  30.40000,
,,,00.000020040000,  30.40000,
,,,00.000020080000,  29.60000,
,,,00.000020120000,  29.60000,
,,,00.000020160000,  29.60000,
,,,00.000020200000,  29.60000,
,,,00.000020240000,  29.60000,
,,,00.000020280000,  29.60000,
,,,00.000020320000,  29.60000,
,,,00.000020360000,  29.60000,
,,,00.000020400000,  30.40000,
,,,00.000020440000,  29.60000,
,,,00.000020480000,  30.40000,
,,,00.000020520000,  29.60000,
,,,00.000020560000,  29.60000,
,,,00.000020600000,  30.40000,
,,,00.000020640000,  29.60000,
,,,00.000020680000,  29.60000,
,,,00.000020720000,  29.60000,
,,,00.000020760000,  30.40000,
,,,00.000020800000,  30.40000,
,,,00.000020840000,  29.60000,
,,,00.000020880000,  30.40000,
,,,00.000020920000,  30.40000,
,,,00.000020960000,  29.60000,
,,,00.000021000000,  29.60000,
,,,00.000021040000,  29.60000,
,,,00.000021080000,  29.60000,
,,,00.000021120000,  30.40000,
,,,00.000021160000,  29.60000,
,,,00.000021200000,  31.20000,
,,,00.000021240000,  29.60000,
,,,00.000021280000,  29.60000,
,,,00.000021320000,  30.40000,
,,,00.000021360000,  30.40000,
,,,00.000021400000,  30.40000,
,,,00.000021440000,  29.60000,
,,,00.000021480000,  28.80000,
,,,00.000021520000,  30.40000,
,,,00.000021560000,  29.60000,
,,,00.000021600000,  29.60000,
,,,00.000021640000,  30.40000,
,,,00.000021680000,  29.60000,
,,,00.000021720000,  30.40000,
,,,00.000021760000,  28.80000,
,,,00.000021800000,  29.60000,
,,,00.000021840000,  30.40000,
,,,00.000021880000,  29.60000,
,,,00.000021920000,  29.60000,
,,,00.000021960000,  29.60000,
,,,00.000022000000,  29.60000,
,,,00.000022040000,  29.60000,
,,,00.000022080000,  30.40000,
,,,00.000022120000,  30.40000,
,,,00.000022160000,  29.60000,
,,,00.000022200000,  28.80000,
,,,00.000022240000,  29.60000,
,,,00.000022280000,  30.40000,
,,,00.000022320000,  29.60000,
,,,00.000022360000,  30.40000,
,,,00.000022400000,  30.40000,
,,,00.000022440000,  29.60000,
,,,00.000022480000,  30.40000,
,,,00.000022520000,  29.60000,
,,,00.000022560000,  29.60000,
,,,00.000022600000,  28.80000,
,,,00.000022640000,  30.40000,
,,,00.000022680000,  30.40000,
,,,00.000022720000,  29.60000,
,,,00.000022760000,  29.60000,
,,,00.000022800000,  29.60000,
,,,00.000022840000,  29.60000,
,,,00.000022880000,  29.60000,
,,,00.000022920000,  30.40000,
,,,00.000022960000,  30.40000,
,,,00.000023000000,  30.40000,
,,,00.000023040000,  29.60000,
,,,00.000023080000,  29.60000,
,,,00.000023120000,  30.40000,
,,,00.000023160000,  29.60000,
,,,00.000023200000,  29.60000,
,,,00.000023240000,  29.60000,
,,,00.000023280000,  30.40000,
,,,00.000023320000,  28.80000,
,,,00.000023360000,  29.60000,
,,,00.000023400000,  29.60000,
,,,00.000023440000,  29.60000,
,,,00.000023480000,  29.60000,
,,,00.000023520000,  30.40000,
,,,00.000023560000,  29.60000,
,,,00.000023600000,  29.60000,
,,,00.000023640000,  30.40000,
,,,00.000023680000,  30.40000,
,,,00.000023720000,  29.60000,
,,,00.000023760000,  30.40000,
,,,00.000023800000,  30.40000,
,,,00.000023840000,  30.40000,
,,,00.000023880000,  29.60000,
,,,00.000023920000,  30.40000,
,,,00.000023960000,  30.40000,
,,,00.000024000000,  29.60000,
,,,00.000024040000,  29.60000,
,,,00.000024080000,  29.60000,
,,,00.000024120000,  29.60000,
,,,00.000024160000,  29.60000,
,,,00.000024200000,  30.40000,
,,,00.000024240000,  30.40000,
,,,00.000024280000,  29.60000,
,,,00.000024320000,  29.60000,
,,,00.000024360000,  30.40000,
,,,00.000024400000,  29.60000,
,,,00.000024440000,  29.60000,
,,,00.000024480000,  30.40000,
,,,00.000024520000,  30.40000,
,,,00.000024560000,  30.40000,
,,,00.000024600000,  29.60000,
,,,00.000024640000,  29.60000,
,,,00.000024680000,  28.80000,
,,,00.000024720000,  30.40000,
,,,00.000024760000,  30.40000,
,,,00.000024800000,  30.40000,
,,,00.000024840000,  30.40000,
,,,00.000024880000,  30.40000,
,,,00.000024920000,  30.40000,
,,,00.000024960000,  31.20000,
,,,00.000025000000,  30.40000,
,,,00.000025040000,  30.40000,
,,,00.000025080000,  30.40000,
,,,00.000025120000,  30.40000,
,,,00.000025160000,  30.40000,
