Record Length,2.500000e+03,,   0.015999400000,  38.40000,
Sample Interval,2.000000e-08,,   0.015999420000,  37.60000,
Trigger Point,-7.999700000000e+05,,   0.015999440000,  37.60000,
,,,   0.015999460000,  37.60000,
,,,   0.015999480000,  37.60000,
,,,   0.015999500000,  38.40000,
Source,CH2,,   0.015999520000,  37.60000,
Vertical Units,V,,   0.015999540000,  37.60000,
Vertical Scale,2.000000e+01,,   0.015999560000,  37.60000,
Vertical Offset,-3.920000e+01,,   0.015999580000,  37.60000,
Horizontal Units,s,,   0.015999600000,  38.40000,
Horizontal Scale,5.000000e-06,,   0.015999620000,  37.60000,
Pt Fmt,Y,,   0.015999640000,  37.60000,
Yzero,0.000000e+00,,   0.015999660000,  36.80000,
Probe Atten,1.000000e+01,,   0.015999680000,  36.80000,
Model Number,TBS1102B,,   0.015999700000,  37.60000,
Serial Number,C033696,,   0.015999720000,  36.80000,
Firmware Version,FV:v4.06,,   0.015999740000,  38.40000,
,,,0.015999760000,  38.40000,
,,,0.015999780000,  37.60000,
,,,0.015999800000,  37.60000,
,,,0.015999820000,  38.40000,
,,,0.015999840000,  37.60000,
,,,0.015999860000,  38.40000,
,,,0.015999880000,  38.40000,
,,,0.015999900000,  37.60000,
,,,0.015999920000,  37.60000,
,,,0.015999940000,  37.60000,
,,,0.015999960000,  36.80000,
,,,0.015999980000,  37.60000,
,,,0.016000000000,  37.60000,
,,,0.016000020000,  37.60000,
,,,0.016000040000,  37.60000,
,,,0.016000060000,  36.80000,
,,,0.016000080000,  38.40000,
,,,0.016000100000,  36.80000,
,,,0.016000120000,  37.60000,
,,,0.016000140000,  37.60000,
,,,0.016000160000,  37.60000,
,,,0.016000180000,  37.60000,
,,,0.016000200000,  37.60000,
,,,0.016000220000,  37.60000,
,,,0.016000240000,  37.60000,
,,,0.016000260000,  37.60000,
,,,0.016000280000,  37.60000,
,,,0.016000300000,  37.60000,
,,,0.016000320000,  37.60000,
,,,0.016000340000,  37.60000,
,,,0.016000360000,  37.60000,
,,,0.016000380000,  38.40000,
,,,0.016000400000,  37.60000,
,,,0.016000420000,  37.60000,
,,,0.016000440000,  38.40000,
,,,0.016000460000,  37.60000,
,,,0.016000480000,  36.80000,
,,,0.016000500000,  38.40000,
,,,0.016000520000,  38.40000,
,,,0.016000540000,  38.40000,
,,,0.016000560000,  37.60000,
,,,0.016000580000,  38.40000,
,,,0.016000600000,  37.60000,
,,,0.016000620000,  37.60000,
,,,0.016000640000,  37.60000,
,,,0.016000660000,  37.60000,
,,,0.016000680000,  38.40000,
,,,0.016000700000,  38.40000,
,,,0.016000720000,  37.60000,
,,,0.016000740000,  37.60000,
,,,0.016000760000,  37.60000,
,,,0.016000780000,  38.40000,
,,,0.016000800000,  37.60000,
,,,0.016000820000,  37.60000,
,,,0.016000840000,  38.40000,
,,,0.016000860000,  37.60000,
,,,0.016000880000,  37.60000,
,,,0.016000900000,  37.60000,
,,,0.016000920000,  37.60000,
,,,0.016000940000,  37.60000,
,,,0.016000960000,  37.60000,
,,,0.016000980000,  37.60000,
,,,0.016001000000,  37.60000,
,,,0.016001020000,  36.80000,
,,,0.016001040000,  37.60000,
,,,0.016001060000,  37.60000,
,,,0.016001080000,  37.60000,
,,,0.016001100000,  38.40000,
,,,0.016001120000,  36.80000,
,,,0.016001140000,  37.60000,
,,,0.016001160000,  37.60000,
,,,0.016001180000,  37.60000,
,,,0.016001200000,  37.60000,
,,,0.016001220000,  37.60000,
,,,0.016001240000,  38.40000,
,,,0.016001260000,  38.40000,
,,,0.016001280000,  36.80000,
,,,0.016001300000,  37.60000,
,,,0.016001320000,  37.60000,
,,,0.016001340000,  37.60000,
,,,0.016001360000,  37.60000,
,,,0.016001380000,  38.40000,
,,,0.016001400000,  37.60000,
,,,0.016001420000,  36.80000,
,,,0.016001440000,  37.60000,
,,,0.016001460000,  38.40000,
,,,0.016001480000,  37.60000,
,,,0.016001500000,  37.60000,
,,,0.016001520000,  37.60000,
,,,0.016001540000,  37.60000,
,,,0.016001560000,  37.60000,
,,,0.016001580000,  37.60000,
,,,0.016001600000,  37.60000,
,,,0.016001620000,  38.40000,
,,,0.016001640000,  37.60000,
,,,0.016001660000,  37.60000,
,,,0.016001680000,  37.60000,
,,,0.016001700000,  38.40000,
,,,0.016001720000,  37.60000,
,,,0.016001740000,  38.40000,
,,,0.016001760000,  37.60000,
,,,0.016001780000,  37.60000,
,,,0.016001800000,  37.60000,
,,,0.016001820000,  37.60000,
,,,0.016001840000,  38.40000,
,,,0.016001860000,  37.60000,
,,,0.016001880000,  36.80000,
,,,0.016001900000,  37.60000,
,,,0.016001920000,  38.40000,
,,,0.016001940000,  37.60000,
,,,0.016001960000,  37.60000,
,,,0.016001980000,  38.40000,
,,,0.016002000000,  36.80000,
,,,0.016002020000,  37.60000,
,,,0.016002040000,  37.60000,
,,,0.016002060000,  37.60000,
,,,0.016002080000,  37.60000,
,,,0.016002100000,  37.60000,
,,,0.016002120000,  37.60000,
,,,0.016002140000,  37.60000,
,,,0.016002160000,  37.60000,
,,,0.016002180000,  37.60000,
,,,0.016002200000,  38.40000,
,,,0.016002220000,  37.60000,
,,,0.016002240000,  37.60000,
,,,0.016002260000,  37.60000,
,,,0.016002280000,  37.60000,
,,,0.016002300000,  36.80000,
,,,0.016002320000,  37.60000,
,,,0.016002340000,  38.40000,
,,,0.016002360000,  37.60000,
,,,0.016002380000,  37.60000,
,,,0.016002400000,  37.60000,
,,,0.016002420000,  38.40000,
,,,0.016002440000,  37.60000,
,,,0.016002460000,  37.60000,
,,,0.016002480000,  36.80000,
,,,0.016002500000,  37.60000,
,,,0.016002520000,  37.60000,
,,,0.016002540000,  38.40000,
,,,0.016002560000,  37.60000,
,,,0.016002580000,  37.60000,
,,,0.016002600000,  37.60000,
,,,0.016002620000,  36.80000,
,,,0.016002640000,  38.40000,
,,,0.016002660000,  38.40000,
,,,0.016002680000,  37.60000,
,,,0.016002700000,  38.40000,
,,,0.016002720000,  37.60000,
,,,0.016002740000,  37.60000,
,,,0.016002760000,  37.60000,
,,,0.016002780000,  36.80000,
,,,0.016002800000,  38.40000,
,,,0.016002820000,  38.40000,
,,,0.016002840000,  38.40000,
,,,0.016002860000,  38.40000,
,,,0.016002880000,  38.40000,
,,,0.016002900000,  38.40000,
,,,0.016002920000,  37.60000,
,,,0.016002940000,  38.40000,
,,,0.016002960000,  37.60000,
,,,0.016002980000,  37.60000,
,,,0.016003000000,  37.60000,
,,,0.016003020000,  38.40000,
,,,0.016003040000,  38.40000,
,,,0.016003060000,  38.40000,
,,,0.016003080000,  38.40000,
,,,0.016003100000,  37.60000,
,,,0.016003120000,  37.60000,
,,,0.016003140000,  36.80000,
,,,0.016003160000,  37.60000,
,,,0.016003180000,  37.60000,
,,,0.016003200000,  38.40000,
,,,0.016003220000,  38.40000,
,,,0.016003240000,  38.40000,
,,,0.016003260000,  37.60000,
,,,0.016003280000,  37.60000,
,,,0.016003300000,  38.40000,
,,,0.016003320000,  39.20000,
,,,0.016003340000,  38.40000,
,,,0.016003360000,  38.40000,
,,,0.016003380000,  37.60000,
,,,0.016003400000,  36.80000,
,,,0.016003420000,  38.40000,
,,,0.016003440000,  37.60000,
,,,0.016003460000,  37.60000,
,,,0.016003480000,  38.40000,
,,,0.016003500000,  37.60000,
,,,0.016003520000,  38.40000,
,,,0.016003540000,  37.60000,
,,,0.016003560000,  37.60000,
,,,0.016003580000,  38.40000,
,,,0.016003600000,  37.60000,
,,,0.016003620000,  36.80000,
,,,0.016003640000,  37.60000,
,,,0.016003660000,  37.60000,
,,,0.016003680000,  36.00000,
,,,0.016003700000,  39.20000,
,,,0.016003720000,  38.40000,
,,,0.016003740000,  37.60000,
,,,0.016003760000,  37.60000,
,,,0.016003780000,  37.60000,
,,,0.016003800000,  37.60000,
,,,0.016003820000,  37.60000,
,,,0.016003840000,  37.60000,
,,,0.016003860000,  37.60000,
,,,0.016003880000,  37.60000,
,,,0.016003900000,  37.60000,
,,,0.016003920000,  36.80000,
,,,0.016003940000,  37.60000,
,,,0.016003960000,  37.60000,
,,,0.016003980000,  36.80000,
,,,0.016004000000,  37.60000,
,,,0.016004020000,  36.80000,
,,,0.016004040000,  37.60000,
,,,0.016004060000,  37.60000,
,,,0.016004080000,  37.60000,
,,,0.016004100000,  37.60000,
,,,0.016004120000,  37.60000,
,,,0.016004140000,  37.60000,
,,,0.016004160000,  37.60000,
,,,0.016004180000,  38.40000,
,,,0.016004200000,  37.60000,
,,,0.016004220000,  37.60000,
,,,0.016004240000,  38.40000,
,,,0.016004260000,  37.60000,
,,,0.016004280000,  36.80000,
,,,0.016004300000,  37.60000,
,,,0.016004320000,  37.60000,
,,,0.016004340000,  37.60000,
,,,0.016004360000,  36.80000,
,,,0.016004380000,  37.60000,
,,,0.016004400000,  37.60000,
,,,0.016004420000,  38.40000,
,,,0.016004440000,  37.60000,
,,,0.016004460000,  36.80000,
,,,0.016004480000,  37.60000,
,,,0.016004500000,  37.60000,
,,,0.016004520000,  37.60000,
,,,0.016004540000,  38.40000,
,,,0.016004560000,  38.40000,
,,,0.016004580000,  38.40000,
,,,0.016004600000,  37.60000,
,,,0.016004620000,  37.60000,
,,,0.016004640000,  38.40000,
,,,0.016004660000,  38.40000,
,,,0.016004680000,  36.80000,
,,,0.016004700000,  36.80000,
,,,0.016004720000,  37.60000,
,,,0.016004740000,  37.60000,
,,,0.016004760000,  37.60000,
,,,0.016004780000,  36.80000,
,,,0.016004800000,  38.40000,
,,,0.016004820000,  37.60000,
,,,0.016004840000,  38.40000,
,,,0.016004860000,  38.40000,
,,,0.016004880000,  37.60000,
,,,0.016004900000,  37.60000,
,,,0.016004920000,  37.60000,
,,,0.016004940000,  37.60000,
,,,0.016004960000,  37.60000,
,,,0.016004980000,  36.00000,
,,,0.016005000000,  37.60000,
,,,0.016005020000,  38.40000,
,,,0.016005040000,  37.60000,
,,,0.016005060000,  38.40000,
,,,0.016005080000,  37.60000,
,,,0.016005100000,  37.60000,
,,,0.016005120000,  37.60000,
,,,0.016005140000,  37.60000,
,,,0.016005160000,  37.60000,
,,,0.016005180000,  38.40000,
,,,0.016005200000,  38.40000,
,,,0.016005220000,  37.60000,
,,,0.016005240000,  37.60000,
,,,0.016005260000,  37.60000,
,,,0.016005280000,  37.60000,
,,,0.016005300000,  37.60000,
,,,0.016005320000,  38.40000,
,,,0.016005340000,  38.40000,
,,,0.016005360000,  37.60000,
,,,0.016005380000,  36.80000,
,,,0.016005400000,  38.40000,
,,,0.016005420000,  37.60000,
,,,0.016005440000,  37.60000,
,,,0.016005460000,  37.60000,
,,,0.016005480000,  38.40000,
,,,0.016005500000,  36.80000,
,,,0.016005520000,  38.40000,
,,,0.016005540000,  36.80000,
,,,0.016005560000,  37.60000,
,,,0.016005580000,  37.60000,
,,,0.016005600000,  36.80000,
,,,0.016005620000,  37.60000,
,,,0.016005640000,  38.40000,
,,,0.016005660000,  36.80000,
,,,0.016005680000,  37.60000,
,,,0.016005700000,  37.60000,
,,,0.016005720000,  37.60000,
,,,0.016005740000,  38.40000,
,,,0.016005760000,  37.60000,
,,,0.016005780000,  38.40000,
,,,0.016005800000,  38.40000,
,,,0.016005820000,  37.60000,
,,,0.016005840000,  37.60000,
,,,0.016005860000,  37.60000,
,,,0.016005880000,  37.60000,
,,,0.016005900000,  37.60000,
,,,0.016005920000,  37.60000,
,,,0.016005940000,  36.80000,
,,,0.016005960000,  37.60000,
,,,0.016005980000,  37.60000,
,,,0.016006000000,  37.60000,
,,,0.016006020000,  37.60000,
,,,0.016006040000,  36.80000,
,,,0.016006060000,  36.80000,
,,,0.016006080000,  38.40000,
,,,0.016006100000,  36.80000,
,,,0.016006120000,  36.80000,
,,,0.016006140000,  37.60000,
,,,0.016006160000,  37.60000,
,,,0.016006180000,  37.60000,
,,,0.016006200000,  38.40000,
,,,0.016006220000,  37.60000,
,,,0.016006240000,  38.40000,
,,,0.016006260000,  37.60000,
,,,0.016006280000,  37.60000,
,,,0.016006300000,  37.60000,
,,,0.016006320000,  37.60000,
,,,0.016006340000,  37.60000,
,,,0.016006360000,  37.60000,
,,,0.016006380000,  37.60000,
,,,0.016006400000,  37.60000,
,,,0.016006420000,  37.60000,
,,,0.016006440000,  38.40000,
,,,0.016006460000,  38.40000,
,,,0.016006480000,  36.80000,
,,,0.016006500000,  37.60000,
,,,0.016006520000,  36.80000,
,,,0.016006540000,  37.60000,
,,,0.016006560000,  37.60000,
,,,0.016006580000,  36.80000,
,,,0.016006600000,  36.80000,
,,,0.016006620000,  37.60000,
,,,0.016006640000,  38.40000,
,,,0.016006660000,  37.60000,
,,,0.016006680000,  37.60000,
,,,0.016006700000,  37.60000,
,,,0.016006720000,  37.60000,
,,,0.016006740000,  37.60000,
,,,0.016006760000,  37.60000,
,,,0.016006780000,  37.60000,
,,,0.016006800000,  37.60000,
,,,0.016006820000,  37.60000,
,,,0.016006840000,  37.60000,
,,,0.016006860000,  37.60000,
,,,0.016006880000,  38.40000,
,,,0.016006900000,  38.40000,
,,,0.016006920000,  38.40000,
,,,0.016006940000,  38.40000,
,,,0.016006960000,  36.80000,
,,,0.016006980000,  38.40000,
,,,0.016007000000,  38.40000,
,,,0.016007020000,  37.60000,
,,,0.016007040000,  37.60000,
,,,0.016007060000,  37.60000,
,,,0.016007080000,  37.60000,
,,,0.016007100000,  37.60000,
,,,0.016007120000,  37.60000,
,,,0.016007140000,  37.60000,
,,,0.016007160000,  38.40000,
,,,0.016007180000,  37.60000,
,,,0.016007200000,  37.60000,
,,,0.016007220000,  37.60000,
,,,0.016007240000,  37.60000,
,,,0.016007260000,  37.60000,
,,,0.016007280000,  37.60000,
,,,0.016007300000,  37.60000,
,,,0.016007320000,  37.60000,
,,,0.016007340000,  38.40000,
,,,0.016007360000,  36.80000,
,,,0.016007380000,  38.40000,
,,,0.016007400000,  37.60000,
,,,0.016007420000,  37.60000,
,,,0.016007440000,  37.60000,
,,,0.016007460000,  37.60000,
,,,0.016007480000,  37.60000,
,,,0.016007500000,  37.60000,
,,,0.016007520000,  37.60000,
,,,0.016007540000,  37.60000,
,,,0.016007560000,  38.40000,
,,,0.016007580000,  37.60000,
,,,0.016007600000,  38.40000,
,,,0.016007620000,  37.60000,
,,,0.016007640000,  37.60000,
,,,0.016007660000,  37.60000,
,,,0.016007680000,  38.40000,
,,,0.016007700000,  37.60000,
,,,0.016007720000,  37.60000,
,,,0.016007740000,  37.60000,
,,,0.016007760000,  37.60000,
,,,0.016007780000,  37.60000,
,,,0.016007800000,  37.60000,
,,,0.016007820000,  36.80000,
,,,0.016007840000,  37.60000,
,,,0.016007860000,  37.60000,
,,,0.016007880000,  36.80000,
,,,0.016007900000,  37.60000,
,,,0.016007920000,  38.40000,
,,,0.016007940000,  37.60000,
,,,0.016007960000,  37.60000,
,,,0.016007980000,  36.80000,
,,,0.016008000000,  37.60000,
,,,0.016008020000,  36.80000,
,,,0.016008040000,  36.80000,
,,,0.016008060000,  38.40000,
,,,0.016008080000,  37.60000,
,,,0.016008100000,  36.80000,
,,,0.016008120000,  37.60000,
,,,0.016008140000,  38.40000,
,,,0.016008160000,  36.80000,
,,,0.016008180000,  37.60000,
,,,0.016008200000,  37.60000,
,,,0.016008220000,  37.60000,
,,,0.016008240000,  37.60000,
,,,0.016008260000,  37.60000,
,,,0.016008280000,  37.60000,
,,,0.016008300000,  36.80000,
,,,0.016008320000,  37.60000,
,,,0.016008340000,  37.60000,
,,,0.016008360000,  37.60000,
,,,0.016008380000,  37.60000,
,,,0.016008400000,  37.60000,
,,,0.016008420000,  38.40000,
,,,0.016008440000,  38.40000,
,,,0.016008460000,  38.40000,
,,,0.016008480000,  36.80000,
,,,0.016008500000,  37.60000,
,,,0.016008520000,  37.60000,
,,,0.016008540000,  37.60000,
,,,0.016008560000,  36.80000,
,,,0.016008580000,  37.60000,
,,,0.016008600000,  38.40000,
,,,0.016008620000,  38.40000,
,,,0.016008640000,  37.60000,
,,,0.016008660000,  37.60000,
,,,0.016008680000,  38.40000,
,,,0.016008700000,  37.60000,
,,,0.016008720000,  37.60000,
,,,0.016008740000,  37.60000,
,,,0.016008760000,  38.40000,
,,,0.016008780000,  37.60000,
,,,0.016008800000,  37.60000,
,,,0.016008820000,  38.40000,
,,,0.016008840000,  37.60000,
,,,0.016008860000,  37.60000,
,,,0.016008880000,  37.60000,
,,,0.016008900000,  38.40000,
,,,0.016008920000,  38.40000,
,,,0.016008940000,  37.60000,
,,,0.016008960000,  38.40000,
,,,0.016008980000,  38.40000,
,,,0.016009000000,  38.40000,
,,,0.016009020000,  37.60000,
,,,0.016009040000,  37.60000,
,,,0.016009060000,  37.60000,
,,,0.016009080000,  36.80000,
,,,0.016009100000,  37.60000,
,,,0.016009120000,  37.60000,
,,,0.016009140000,  38.40000,
,,,0.016009160000,  37.60000,
,,,0.016009180000,  37.60000,
,,,0.016009200000,  38.40000,
,,,0.016009220000,  37.60000,
,,,0.016009240000,  37.60000,
,,,0.016009260000,  36.80000,
,,,0.016009280000,  37.60000,
,,,0.016009300000,  38.40000,
,,,0.016009320000,  37.60000,
,,,0.016009340000,  37.60000,
,,,0.016009360000,  37.60000,
,,,0.016009380000,  37.60000,
,,,0.016009400000,  38.40000,
,,,0.016009420000,  37.60000,
,,,0.016009440000,  37.60000,
,,,0.016009460000,  37.60000,
,,,0.016009480000,  38.40000,
,,,0.016009500000,  37.60000,
,,,0.016009520000,  38.40000,
,,,0.016009540000,  38.40000,
,,,0.016009560000,  37.60000,
,,,0.016009580000,  37.60000,
,,,0.016009600000,  37.60000,
,,,0.016009620000,  36.80000,
,,,0.016009640000,  38.40000,
,,,0.016009660000,  37.60000,
,,,0.016009680000,  37.60000,
,,,0.016009700000,  37.60000,
,,,0.016009720000,  37.60000,
,,,0.016009740000,  36.80000,
,,,0.016009760000,  37.60000,
,,,0.016009780000,  38.40000,
,,,0.016009800000,  37.60000,
,,,0.016009820000,  37.60000,
,,,0.016009840000,  37.60000,
,,,0.016009860000,  36.80000,
,,,0.016009880000,  39.20000,
,,,0.016009900000,  37.60000,
,,,0.016009920000,  36.80000,
,,,0.016009940000,  37.60000,
,,,0.016009960000,  37.60000,
,,,0.016009980000,  37.60000,
,,,0.016010000000,  37.60000,
,,,0.016010020000,  36.80000,
,,,0.016010040000,  37.60000,
,,,0.016010060000,  38.40000,
,,,0.016010080000,  37.60000,
,,,0.016010100000,  36.80000,
,,,0.016010120000,  38.40000,
,,,0.016010140000,  38.40000,
,,,0.016010160000,  38.40000,
,,,0.016010180000,  38.40000,
,,,0.016010200000,  37.60000,
,,,0.016010220000,  37.60000,
,,,0.016010240000,  37.60000,
,,,0.016010260000,  37.60000,
,,,0.016010280000,  36.80000,
,,,0.016010300000,  36.80000,
,,,0.016010320000,  37.60000,
,,,0.016010340000,  37.60000,
,,,0.016010360000,  37.60000,
,,,0.016010380000,  37.60000,
,,,0.016010400000,  37.60000,
,,,0.016010420000,  37.60000,
,,,0.016010440000,  37.60000,
,,,0.016010460000,  36.80000,
,,,0.016010480000,  37.60000,
,,,0.016010500000,  37.60000,
,,,0.016010520000,  37.60000,
,,,0.016010540000,  36.80000,
,,,0.016010560000,  38.40000,
,,,0.016010580000,  38.40000,
,,,0.016010600000,  37.60000,
,,,0.016010620000,  39.20000,
,,,0.016010640000,  37.60000,
,,,0.016010660000,  37.60000,
,,,0.016010680000,  36.80000,
,,,0.016010700000,  37.60000,
,,,0.016010720000,  36.80000,
,,,0.016010740000,  38.40000,
,,,0.016010760000,  37.60000,
,,,0.016010780000,  38.40000,
,,,0.016010800000,  37.60000,
,,,0.016010820000,  37.60000,
,,,0.016010840000,  37.60000,
,,,0.016010860000,  38.40000,
,,,0.016010880000,  37.60000,
,,,0.016010900000,  37.60000,
,,,0.016010920000,  36.80000,
,,,0.016010940000,  36.80000,
,,,0.016010960000,  37.60000,
,,,0.016010980000,  38.40000,
,,,0.016011000000,  38.40000,
,,,0.016011020000,  37.60000,
,,,0.016011040000,  37.60000,
,,,0.016011060000,  36.80000,
,,,0.016011080000,  37.60000,
,,,0.016011100000,  38.40000,
,,,0.016011120000,  37.60000,
,,,0.016011140000,  37.60000,
,,,0.016011160000,  37.60000,
,,,0.016011180000,  37.60000,
,,,0.016011200000,  37.60000,
,,,0.016011220000,  38.40000,
,,,0.016011240000,  36.80000,
,,,0.016011260000,  38.40000,
,,,0.016011280000,  37.60000,
,,,0.016011300000,  37.60000,
,,,0.016011320000,  37.60000,
,,,0.016011340000,  37.60000,
,,,0.016011360000,  38.40000,
,,,0.016011380000,  37.60000,
,,,0.016011400000,  36.80000,
,,,0.016011420000,  38.40000,
,,,0.016011440000,  37.60000,
,,,0.016011460000,  38.40000,
,,,0.016011480000,  38.40000,
,,,0.016011500000,  36.80000,
,,,0.016011520000,  37.60000,
,,,0.016011540000,  36.80000,
,,,0.016011560000,  37.60000,
,,,0.016011580000,  37.60000,
,,,0.016011600000,  37.60000,
,,,0.016011620000,  38.40000,
,,,0.016011640000,  37.60000,
,,,0.016011660000,  38.40000,
,,,0.016011680000,  37.60000,
,,,0.016011700000,  37.60000,
,,,0.016011720000,  37.60000,
,,,0.016011740000,  38.40000,
,,,0.016011760000,  37.60000,
,,,0.016011780000,  37.60000,
,,,0.016011800000,  37.60000,
,,,0.016011820000,  37.60000,
,,,0.016011840000,  37.60000,
,,,0.016011860000,  37.60000,
,,,0.016011880000,  37.60000,
,,,0.016011900000,  37.60000,
,,,0.016011920000,  37.60000,
,,,0.016011940000,  36.80000,
,,,0.016011960000,  37.60000,
,,,0.016011980000,  36.80000,
,,,0.016012000000,  37.60000,
,,,0.016012020000,  37.60000,
,,,0.016012040000,  37.60000,
,,,0.016012060000,  37.60000,
,,,0.016012080000,  38.40000,
,,,0.016012100000,  36.80000,
,,,0.016012120000,  38.40000,
,,,0.016012140000,  37.60000,
,,,0.016012160000,  37.60000,
,,,0.016012180000,  37.60000,
,,,0.016012200000,  37.60000,
,,,0.016012220000,  37.60000,
,,,0.016012240000,  37.60000,
,,,0.016012260000,  37.60000,
,,,0.016012280000,  37.60000,
,,,0.016012300000,  37.60000,
,,,0.016012320000,  37.60000,
,,,0.016012340000,  38.40000,
,,,0.016012360000,  36.80000,
,,,0.016012380000,  37.60000,
,,,0.016012400000,  37.60000,
,,,0.016012420000,  37.60000,
,,,0.016012440000,  36.80000,
,,,0.016012460000,  37.60000,
,,,0.016012480000,  37.60000,
,,,0.016012500000,  37.60000,
,,,0.016012520000,  37.60000,
,,,0.016012540000,  37.60000,
,,,0.016012560000,  37.60000,
,,,0.016012580000,  37.60000,
,,,0.016012600000,  37.60000,
,,,0.016012620000,  38.40000,
,,,0.016012640000,  38.40000,
,,,0.016012660000,  37.60000,
,,,0.016012680000,  37.60000,
,,,0.016012700000,  37.60000,
,,,0.016012720000,  38.40000,
,,,0.016012740000,  37.60000,
,,,0.016012760000,  37.60000,
,,,0.016012780000,  37.60000,
,,,0.016012800000,  38.40000,
,,,0.016012820000,  37.60000,
,,,0.016012840000,  36.80000,
,,,0.016012860000,  37.60000,
,,,0.016012880000,  38.40000,
,,,0.016012900000,  36.80000,
,,,0.016012920000,  37.60000,
,,,0.016012940000,  37.60000,
,,,0.016012960000,  37.60000,
,,,0.016012980000,  37.60000,
,,,0.016013000000,  37.60000,
,,,0.016013020000,  38.40000,
,,,0.016013040000,  37.60000,
,,,0.016013060000,  37.60000,
,,,0.016013080000,  37.60000,
,,,0.016013100000,  38.40000,
,,,0.016013120000,  38.40000,
,,,0.016013140000,  37.60000,
,,,0.016013160000,  37.60000,
,,,0.016013180000,  38.40000,
,,,0.016013200000,  38.40000,
,,,0.016013220000,  38.40000,
,,,0.016013240000,  38.40000,
,,,0.016013260000,  37.60000,
,,,0.016013280000,  37.60000,
,,,0.016013300000,  36.80000,
,,,0.016013320000,  37.60000,
,,,0.016013340000,  37.60000,
,,,0.016013360000,  38.40000,
,,,0.016013380000,  37.60000,
,,,0.016013400000,  37.60000,
,,,0.016013420000,  37.60000,
,,,0.016013440000,  36.80000,
,,,0.016013460000,  37.60000,
,,,0.016013480000,  38.40000,
,,,0.016013500000,  38.40000,
,,,0.016013520000,  37.60000,
,,,0.016013540000,  37.60000,
,,,0.016013560000,  37.60000,
,,,0.016013580000,  36.80000,
,,,0.016013600000,  37.60000,
,,,0.016013620000,  36.80000,
,,,0.016013640000,  37.60000,
,,,0.016013660000,  37.60000,
,,,0.016013680000,  38.40000,
,,,0.016013700000,  37.60000,
,,,0.016013720000,  37.60000,
,,,0.016013740000,  37.60000,
,,,0.016013760000,  37.60000,
,,,0.016013780000,  37.60000,
,,,0.016013800000,  36.80000,
,,,0.016013820000,  37.60000,
,,,0.016013840000,  38.40000,
,,,0.016013860000,  37.60000,
,,,0.016013880000,  37.60000,
,,,0.016013900000,  37.60000,
,,,0.016013920000,  37.60000,
,,,0.016013940000,  37.60000,
,,,0.016013960000,  37.60000,
,,,0.016013980000,  37.60000,
,,,0.016014000000,  37.60000,
,,,0.016014020000,  37.60000,
,,,0.016014040000,  38.40000,
,,,0.016014060000,  37.60000,
,,,0.016014080000,  37.60000,
,,,0.016014100000,  37.60000,
,,,0.016014120000,  38.40000,
,,,0.016014140000,  37.60000,
,,,0.016014160000,  37.60000,
,,,0.016014180000,  37.60000,
,,,0.016014200000,  37.60000,
,,,0.016014220000,  38.40000,
,,,0.016014240000,  37.60000,
,,,0.016014260000,  37.60000,
,,,0.016014280000,  36.80000,
,,,0.016014300000,  37.60000,
,,,0.016014320000,  38.40000,
,,,0.016014340000,  36.80000,
,,,0.016014360000,  37.60000,
,,,0.016014380000,  38.40000,
,,,0.016014400000,  37.60000,
,,,0.016014420000,  36.80000,
,,,0.016014440000,  37.60000,
,,,0.016014460000,  37.60000,
,,,0.016014480000,  37.60000,
,,,0.016014500000,  38.40000,
,,,0.016014520000,  37.60000,
,,,0.016014540000,  37.60000,
,,,0.016014560000,  38.40000,
,,,0.016014580000,  38.40000,
,,,0.016014600000,  36.80000,
,,,0.016014620000,  37.60000,
,,,0.016014640000,  37.60000,
,,,0.016014660000,  37.60000,
,,,0.016014680000,  37.60000,
,,,0.016014700000,  37.60000,
,,,0.016014720000,  36.80000,
,,,0.016014740000,  36.80000,
,,,0.016014760000,  37.60000,
,,,0.016014780000,  37.60000,
,,,0.016014800000,  37.60000,
,,,0.016014820000,  38.40000,
,,,0.016014840000,  37.60000,
,,,0.016014860000,  37.60000,
,,,0.016014880000,  36.80000,
,,,0.016014900000,  37.60000,
,,,0.016014920000,  37.60000,
,,,0.016014940000,  38.40000,
,,,0.016014960000,  36.80000,
,,,0.016014980000,  38.40000,
,,,0.016015000000,  37.60000,
,,,0.016015020000,  37.60000,
,,,0.016015040000,  37.60000,
,,,0.016015060000,  38.40000,
,,,0.016015080000,  37.60000,
,,,0.016015100000,  38.40000,
,,,0.016015120000,  37.60000,
,,,0.016015140000,  37.60000,
,,,0.016015160000,  37.60000,
,,,0.016015180000,  37.60000,
,,,0.016015200000,  37.60000,
,,,0.016015220000,  38.40000,
,,,0.016015240000,  38.40000,
,,,0.016015260000,  36.80000,
,,,0.016015280000,  36.80000,
,,,0.016015300000,  36.80000,
,,,0.016015320000,  38.40000,
,,,0.016015340000,  37.60000,
,,,0.016015360000,  37.60000,
,,,0.016015380000,  37.60000,
,,,0.016015400000,  37.60000,
,,,0.016015420000,  37.60000,
,,,0.016015440000,  38.40000,
,,,0.016015460000,  37.60000,
,,,0.016015480000,  36.80000,
,,,0.016015500000,  37.60000,
,,,0.016015520000,  38.40000,
,,,0.016015540000,  37.60000,
,,,0.016015560000,  37.60000,
,,,0.016015580000,  38.40000,
,,,0.016015600000,  38.40000,
,,,0.016015620000,  37.60000,
,,,0.016015640000,  38.40000,
,,,0.016015660000,  39.20000,
,,,0.016015680000,  38.40000,
,,,0.016015700000,  38.40000,
,,,0.016015720000,  37.60000,
,,,0.016015740000,  36.80000,
,,,0.016015760000,  37.60000,
,,,0.016015780000,  37.60000,
,,,0.016015800000,  37.60000,
,,,0.016015820000,  38.40000,
,,,0.016015840000,  37.60000,
,,,0.016015860000,  37.60000,
,,,0.016015880000,  37.60000,
,,,0.016015900000,  36.80000,
,,,0.016015920000,  37.60000,
,,,0.016015940000,  38.40000,
,,,0.016015960000,  36.80000,
,,,0.016015980000,  37.60000,
,,,0.016016000000,  38.40000,
,,,0.016016020000,  37.60000,
,,,0.016016040000,  37.60000,
,,,0.016016060000,  37.60000,
,,,0.016016080000,  38.40000,
,,,0.016016100000,  37.60000,
,,,0.016016120000,  37.60000,
,,,0.016016140000,  38.40000,
,,,0.016016160000,  38.40000,
,,,0.016016180000,  38.40000,
,,,0.016016200000,  37.60000,
,,,0.016016220000,  37.60000,
,,,0.016016240000,  37.60000,
,,,0.016016260000,  37.60000,
,,,0.016016280000,  37.60000,
,,,0.016016300000,  37.60000,
,,,0.016016320000,  37.60000,
,,,0.016016340000,  37.60000,
,,,0.016016360000,  38.40000,
,,,0.016016380000,  37.60000,
,,,0.016016400000,  36.80000,
,,,0.016016420000,  37.60000,
,,,0.016016440000,  37.60000,
,,,0.016016460000,  37.60000,
,,,0.016016480000,  37.60000,
,,,0.016016500000,  38.40000,
,,,0.016016520000,  38.40000,
,,,0.016016540000,  38.40000,
,,,0.016016560000,  38.40000,
,,,0.016016580000,  37.60000,
,,,0.016016600000,  38.40000,
,,,0.016016620000,  37.60000,
,,,0.016016640000,  38.40000,
,,,0.016016660000,  37.60000,
,,,0.016016680000,  38.40000,
,,,0.016016700000,  37.60000,
,,,0.016016720000,  37.60000,
,,,0.016016740000,  37.60000,
,,,0.016016760000,  37.60000,
,,,0.016016780000,  37.60000,
,,,0.016016800000,  37.60000,
,,,0.016016820000,  38.40000,
,,,0.016016840000,  37.60000,
,,,0.016016860000,  36.80000,
,,,0.016016880000,  38.40000,
,,,0.016016900000,  38.40000,
,,,0.016016920000,  38.40000,
,,,0.016016940000,  38.40000,
,,,0.016016960000,  37.60000,
,,,0.016016980000,  37.60000,
,,,0.016017000000,  36.80000,
,,,0.016017020000,  37.60000,
,,,0.016017040000,  37.60000,
,,,0.016017060000,  38.40000,
,,,0.016017080000,  37.60000,
,,,0.016017100000,  37.60000,
,,,0.016017120000,  38.40000,
,,,0.016017140000,  37.60000,
,,,0.016017160000,  38.40000,
,,,0.016017180000,  37.60000,
,,,0.016017200000,  37.60000,
,,,0.016017220000,  37.60000,
,,,0.016017240000,  38.40000,
,,,0.016017260000,  37.60000,
,,,0.016017280000,  37.60000,
,,,0.016017300000,  37.60000,
,,,0.016017320000,  38.40000,
,,,0.016017340000,  37.60000,
,,,0.016017360000,  37.60000,
,,,0.016017380000,  37.60000,
,,,0.016017400000,  37.60000,
,,,0.016017420000,  38.40000,
,,,0.016017440000,  37.60000,
,,,0.016017460000,  38.40000,
,,,0.016017480000,  37.60000,
,,,0.016017500000,  37.60000,
,,,0.016017520000,  37.60000,
,,,0.016017540000,  37.60000,
,,,0.016017560000,  37.60000,
,,,0.016017580000,  37.60000,
,,,0.016017600000,  36.80000,
,,,0.016017620000,  37.60000,
,,,0.016017640000,  37.60000,
,,,0.016017660000,  37.60000,
,,,0.016017680000,  37.60000,
,,,0.016017700000,  37.60000,
,,,0.016017720000,  37.60000,
,,,0.016017740000,  37.60000,
,,,0.016017760000,  37.60000,
,,,0.016017780000,  37.60000,
,,,0.016017800000,  37.60000,
,,,0.016017820000,  37.60000,
,,,0.016017840000,  37.60000,
,,,0.016017860000,  36.80000,
,,,0.016017880000,  37.60000,
,,,0.016017900000,  37.60000,
,,,0.016017920000,  36.80000,
,,,0.016017940000,  37.60000,
,,,0.016017960000,  37.60000,
,,,0.016017980000,  38.40000,
,,,0.016018000000,  37.60000,
,,,0.016018020000,  36.80000,
,,,0.016018040000,  38.40000,
,,,0.016018060000,  37.60000,
,,,0.016018080000,  37.60000,
,,,0.016018100000,  37.60000,
,,,0.016018120000,  39.20000,
,,,0.016018140000,  37.60000,
,,,0.016018160000,  38.40000,
,,,0.016018180000,  37.60000,
,,,0.016018200000,  36.80000,
,,,0.016018220000,  37.60000,
,,,0.016018240000,  36.80000,
,,,0.016018260000,  38.40000,
,,,0.016018280000,  37.60000,
,,,0.016018300000,  36.80000,
,,,0.016018320000,  38.40000,
,,,0.016018340000,  37.60000,
,,,0.016018360000,  37.60000,
,,,0.016018380000,  37.60000,
,,,0.016018400000,  38.40000,
,,,0.016018420000,  37.60000,
,,,0.016018440000,  37.60000,
,,,0.016018460000,  36.80000,
,,,0.016018480000,  38.40000,
,,,0.016018500000,  38.40000,
,,,0.016018520000,  37.60000,
,,,0.016018540000,  37.60000,
,,,0.016018560000,  37.60000,
,,,0.016018580000,  36.80000,
,,,0.016018600000,  38.40000,
,,,0.016018620000,  37.60000,
,,,0.016018640000,  36.80000,
,,,0.016018660000,  36.80000,
,,,0.016018680000,  37.60000,
,,,0.016018700000,  38.40000,
,,,0.016018720000,  37.60000,
,,,0.016018740000,  37.60000,
,,,0.016018760000,  37.60000,
,,,0.016018780000,  37.60000,
,,,0.016018800000,  37.60000,
,,,0.016018820000,  37.60000,
,,,0.016018840000,  37.60000,
,,,0.016018860000,  36.80000,
,,,0.016018880000,  36.80000,
,,,0.016018900000,  37.60000,
,,,0.016018920000,  38.40000,
,,,0.016018940000,  38.40000,
,,,0.016018960000,  37.60000,
,,,0.016018980000,  36.80000,
,,,0.016019000000,  37.60000,
,,,0.016019020000,  37.60000,
,,,0.016019040000,  37.60000,
,,,0.016019060000,  38.40000,
,,,0.016019080000,  36.80000,
,,,0.016019100000,  38.40000,
,,,0.016019120000,  37.60000,
,,,0.016019140000,  38.40000,
,,,0.016019160000,  38.40000,
,,,0.016019180000,  37.60000,
,,,0.016019200000,  37.60000,
,,,0.016019220000,  38.40000,
,,,0.016019240000,  37.60000,
,,,0.016019260000,  37.60000,
,,,0.016019280000,  38.40000,
,,,0.016019300000,  37.60000,
,,,0.016019320000,  37.60000,
,,,0.016019340000,  37.60000,
,,,0.016019360000,  37.60000,
,,,0.016019380000,  37.60000,
,,,0.016019400000,  38.40000,
,,,0.016019420000,  37.60000,
,,,0.016019440000,  36.80000,
,,,0.016019460000,  38.40000,
,,,0.016019480000,  37.60000,
,,,0.016019500000,  38.40000,
,,,0.016019520000,  38.40000,
,,,0.016019540000,  37.60000,
,,,0.016019560000,  38.40000,
,,,0.016019580000,  37.60000,
,,,0.016019600000,  38.40000,
,,,0.016019620000,  37.60000,
,,,0.016019640000,  37.60000,
,,,0.016019660000,  37.60000,
,,,0.016019680000,  36.80000,
,,,0.016019700000,  37.60000,
,,,0.016019720000,  37.60000,
,,,0.016019740000,  37.60000,
,,,0.016019760000,  36.80000,
,,,0.016019780000,  37.60000,
,,,0.016019800000,  37.60000,
,,,0.016019820000,  37.60000,
,,,0.016019840000,  36.80000,
,,,0.016019860000,  37.60000,
,,,0.016019880000,  37.60000,
,,,0.016019900000,  37.60000,
,,,0.016019920000,  37.60000,
,,,0.016019940000,  38.40000,
,,,0.016019960000,  38.40000,
,,,0.016019980000,  37.60000,
,,,0.016020000000,  36.80000,
,,,0.016020020000,  37.60000,
,,,0.016020040000,  37.60000,
,,,0.016020060000,  38.40000,
,,,0.016020080000,  38.40000,
,,,0.016020100000,  37.60000,
,,,0.016020120000,  37.60000,
,,,0.016020140000,  37.60000,
,,,0.016020160000,  37.60000,
,,,0.016020180000,  37.60000,
,,,0.016020200000,  37.60000,
,,,0.016020220000,  37.60000,
,,,0.016020240000,  37.60000,
,,,0.016020260000,  38.40000,
,,,0.016020280000,  36.80000,
,,,0.016020300000,  37.60000,
,,,0.016020320000,  37.60000,
,,,0.016020340000,  37.60000,
,,,0.016020360000,  37.60000,
,,,0.016020380000,  37.60000,
,,,0.016020400000,  37.60000,
,,,0.016020420000,  36.80000,
,,,0.016020440000,  37.60000,
,,,0.016020460000,  37.60000,
,,,0.016020480000,  38.40000,
,,,0.016020500000,  38.40000,
,,,0.016020520000,  36.80000,
,,,0.016020540000,  38.40000,
,,,0.016020560000,  38.40000,
,,,0.016020580000,  37.60000,
,,,0.016020600000,  36.80000,
,,,0.016020620000,  37.60000,
,,,0.016020640000,  37.60000,
,,,0.016020660000,  37.60000,
,,,0.016020680000,  36.80000,
,,,0.016020700000,  38.40000,
,,,0.016020720000,  37.60000,
,,,0.016020740000,  37.60000,
,,,0.016020760000,  38.40000,
,,,0.016020780000,  37.60000,
,,,0.016020800000,  37.60000,
,,,0.016020820000,  36.80000,
,,,0.016020840000,  37.60000,
,,,0.016020860000,  38.40000,
,,,0.016020880000,  37.60000,
,,,0.016020900000,  38.40000,
,,,0.016020920000,  38.40000,
,,,0.016020940000,  37.60000,
,,,0.016020960000,  38.40000,
,,,0.016020980000,  37.60000,
,,,0.016021000000,  37.60000,
,,,0.016021020000,  37.60000,
,,,0.016021040000,  37.60000,
,,,0.016021060000,  37.60000,
,,,0.016021080000,  37.60000,
,,,0.016021100000,  37.60000,
,,,0.016021120000,  38.40000,
,,,0.016021140000,  38.40000,
,,,0.016021160000,  38.40000,
,,,0.016021180000,  37.60000,
,,,0.016021200000,  37.60000,
,,,0.016021220000,  37.60000,
,,,0.016021240000,  38.40000,
,,,0.016021260000,  37.60000,
,,,0.016021280000,  37.60000,
,,,0.016021300000,  36.80000,
,,,0.016021320000,  36.80000,
,,,0.016021340000,  38.40000,
,,,0.016021360000,  37.60000,
,,,0.016021380000,  36.80000,
,,,0.016021400000,  37.60000,
,,,0.016021420000,  37.60000,
,,,0.016021440000,  36.80000,
,,,0.016021460000,  37.60000,
,,,0.016021480000,  37.60000,
,,,0.016021500000,  37.60000,
,,,0.016021520000,  38.40000,
,,,0.016021540000,  38.40000,
,,,0.016021560000,  38.40000,
,,,0.016021580000,  38.40000,
,,,0.016021600000,  37.60000,
,,,0.016021620000,  37.60000,
,,,0.016021640000,  37.60000,
,,,0.016021660000,  38.40000,
,,,0.016021680000,  36.80000,
,,,0.016021700000,  37.60000,
,,,0.016021720000,  37.60000,
,,,0.016021740000,  37.60000,
,,,0.016021760000,  38.40000,
,,,0.016021780000,  37.60000,
,,,0.016021800000,  36.80000,
,,,0.016021820000,  37.60000,
,,,0.016021840000,  36.80000,
,,,0.016021860000,  38.40000,
,,,0.016021880000,  39.20000,
,,,0.016021900000,  37.60000,
,,,0.016021920000,  37.60000,
,,,0.016021940000,  37.60000,
,,,0.016021960000,  36.80000,
,,,0.016021980000,  37.60000,
,,,0.016022000000,  36.80000,
,,,0.016022020000,  37.60000,
,,,0.016022040000,  37.60000,
,,,0.016022060000,  37.60000,
,,,0.016022080000,  36.80000,
,,,0.016022100000,  37.60000,
,,,0.016022120000,  38.40000,
,,,0.016022140000,  37.60000,
,,,0.016022160000,  37.60000,
,,,0.016022180000,  37.60000,
,,,0.016022200000,  36.80000,
,,,0.016022220000,  38.40000,
,,,0.016022240000,  38.40000,
,,,0.016022260000,  37.60000,
,,,0.016022280000,  37.60000,
,,,0.016022300000,  37.60000,
,,,0.016022320000,  38.40000,
,,,0.016022340000,  37.60000,
,,,0.016022360000,  37.60000,
,,,0.016022380000,  36.80000,
,,,0.016022400000,  37.60000,
,,,0.016022420000,  36.80000,
,,,0.016022440000,  37.60000,
,,,0.016022460000,  37.60000,
,,,0.016022480000,  38.40000,
,,,0.016022500000,  37.60000,
,,,0.016022520000,  38.40000,
,,,0.016022540000,  38.40000,
,,,0.016022560000,  37.60000,
,,,0.016022580000,  37.60000,
,,,0.016022600000,  37.60000,
,,,0.016022620000,  39.20000,
,,,0.016022640000,  37.60000,
,,,0.016022660000,  37.60000,
,,,0.016022680000,  37.60000,
,,,0.016022700000,  37.60000,
,,,0.016022720000,  37.60000,
,,,0.016022740000,  37.60000,
,,,0.016022760000,  37.60000,
,,,0.016022780000,  37.60000,
,,,0.016022800000,  37.60000,
,,,0.016022820000,  38.40000,
,,,0.016022840000,  37.60000,
,,,0.016022860000,  37.60000,
,,,0.016022880000,  37.60000,
,,,0.016022900000,  37.60000,
,,,0.016022920000,  36.80000,
,,,0.016022940000,  37.60000,
,,,0.016022960000,  37.60000,
,,,0.016022980000,  37.60000,
,,,0.016023000000,  37.60000,
,,,0.016023020000,  37.60000,
,,,0.016023040000,  37.60000,
,,,0.016023060000,  37.60000,
,,,0.016023080000,  37.60000,
,,,0.016023100000,  37.60000,
,,,0.016023120000,  39.20000,
,,,0.016023140000,  38.40000,
,,,0.016023160000,  37.60000,
,,,0.016023180000,  36.80000,
,,,0.016023200000,  37.60000,
,,,0.016023220000,  37.60000,
,,,0.016023240000,  37.60000,
,,,0.016023260000,  37.60000,
,,,0.016023280000,  37.60000,
,,,0.016023300000,  37.60000,
,,,0.016023320000,  38.40000,
,,,0.016023340000,  37.60000,
,,,0.016023360000,  38.40000,
,,,0.016023380000,  37.60000,
,,,0.016023400000,  37.60000,
,,,0.016023420000,  37.60000,
,,,0.016023440000,  38.40000,
,,,0.016023460000,  37.60000,
,,,0.016023480000,  36.80000,
,,,0.016023500000,  37.60000,
,,,0.016023520000,  37.60000,
,,,0.016023540000,  37.60000,
,,,0.016023560000,  38.40000,
,,,0.016023580000,  37.60000,
,,,0.016023600000,  38.40000,
,,,0.016023620000,  38.40000,
,,,0.016023640000,  38.40000,
,,,0.016023660000,  37.60000,
,,,0.016023680000,  37.60000,
,,,0.016023700000,  37.60000,
,,,0.016023720000,  36.80000,
,,,0.016023740000,  38.40000,
,,,0.016023760000,  38.40000,
,,,0.016023780000,  37.60000,
,,,0.016023800000,  37.60000,
,,,0.016023820000,  37.60000,
,,,0.016023840000,  37.60000,
,,,0.016023860000,  37.60000,
,,,0.016023880000,  37.60000,
,,,0.016023900000,  37.60000,
,,,0.016023920000,  37.60000,
,,,0.016023940000,  37.60000,
,,,0.016023960000,  38.40000,
,,,0.016023980000,  37.60000,
,,,0.016024000000,  37.60000,
,,,0.016024020000,  37.60000,
,,,0.016024040000,  37.60000,
,,,0.016024060000,  37.60000,
,,,0.016024080000,  37.60000,
,,,0.016024100000,  36.80000,
,,,0.016024120000,  37.60000,
,,,0.016024140000,  38.40000,
,,,0.016024160000,  37.60000,
,,,0.016024180000,  36.80000,
,,,0.016024200000,  38.40000,
,,,0.016024220000,  38.40000,
,,,0.016024240000,  37.60000,
,,,0.016024260000,  37.60000,
,,,0.016024280000,  37.60000,
,,,0.016024300000,  37.60000,
,,,0.016024320000,  36.80000,
,,,0.016024340000,  37.60000,
,,,0.016024360000,  37.60000,
,,,0.016024380000,  37.60000,
,,,0.016024400000,  37.60000,
,,,0.016024420000,  36.80000,
,,,0.016024440000,  38.40000,
,,,0.016024460000,  37.60000,
,,,0.016024480000,  38.40000,
,,,0.016024500000,  38.40000,
,,,0.016024520000,  37.60000,
,,,0.016024540000,  37.60000,
,,,0.016024560000,  37.60000,
,,,0.016024580000,  37.60000,
,,,0.016024600000,  37.60000,
,,,0.016024620000,  37.60000,
,,,0.016024640000,  37.60000,
,,,0.016024660000,  37.60000,
,,,0.016024680000,  37.60000,
,,,0.016024700000,  37.60000,
,,,0.016024720000,  37.60000,
,,,0.016024740000,  37.60000,
,,,0.016024760000,  37.60000,
,,,0.016024780000,  36.80000,
,,,0.016024800000,  36.80000,
,,,0.016024820000,  38.40000,
,,,0.016024840000,  37.60000,
,,,0.016024860000,  37.60000,
,,,0.016024880000,  37.60000,
,,,0.016024900000,  37.60000,
,,,0.016024920000,  36.80000,
,,,0.016024940000,  37.60000,
,,,0.016024960000,  37.60000,
,,,0.016024980000,  36.80000,
,,,0.016025000000,  38.40000,
,,,0.016025020000,  38.40000,
,,,0.016025040000,  37.60000,
,,,0.016025060000,  37.60000,
,,,0.016025080000,  37.60000,
,,,0.016025100000,  38.40000,
,,,0.016025120000,  38.40000,
,,,0.016025140000,  38.40000,
,,,0.016025160000,  37.60000,
,,,0.016025180000,  37.60000,
,,,0.016025200000,  37.60000,
,,,0.016025220000,  38.40000,
,,,0.016025240000,  37.60000,
,,,0.016025260000,  37.60000,
,,,0.016025280000,  38.40000,
,,,0.016025300000,  37.60000,
,,,0.016025320000,  38.40000,
,,,0.016025340000,  37.60000,
,,,0.016025360000,  36.80000,
,,,0.016025380000,  36.80000,
,,,0.016025400000,  36.80000,
,,,0.016025420000,  37.60000,
,,,0.016025440000,  38.40000,
,,,0.016025460000,  37.60000,
,,,0.016025480000,  38.40000,
,,,0.016025500000,  38.40000,
,,,0.016025520000,  38.40000,
,,,0.016025540000,  37.60000,
,,,0.016025560000,  37.60000,
,,,0.016025580000,  36.80000,
,,,0.016025600000,  37.60000,
,,,0.016025620000,  37.60000,
,,,0.016025640000,  37.60000,
,,,0.016025660000,  38.40000,
,,,0.016025680000,  37.60000,
,,,0.016025700000,  37.60000,
,,,0.016025720000,  38.40000,
,,,0.016025740000,  38.40000,
,,,0.016025760000,  38.40000,
,,,0.016025780000,  36.80000,
,,,0.016025800000,  37.60000,
,,,0.016025820000,  38.40000,
,,,0.016025840000,  38.40000,
,,,0.016025860000,  36.80000,
,,,0.016025880000,  37.60000,
,,,0.016025900000,  37.60000,
,,,0.016025920000,  37.60000,
,,,0.016025940000,  37.60000,
,,,0.016025960000,  37.60000,
,,,0.016025980000,  36.80000,
,,,0.016026000000,  37.60000,
,,,0.016026020000,  37.60000,
,,,0.016026040000,  38.40000,
,,,0.016026060000,  38.40000,
,,,0.016026080000,  37.60000,
,,,0.016026100000,  37.60000,
,,,0.016026120000,  37.60000,
,,,0.016026140000,  37.60000,
,,,0.016026160000,  38.40000,
,,,0.016026180000,  38.40000,
,,,0.016026200000,  37.60000,
,,,0.016026220000,  37.60000,
,,,0.016026240000,  37.60000,
,,,0.016026260000,  38.40000,
,,,0.016026280000,  38.40000,
,,,0.016026300000,  36.80000,
,,,0.016026320000,  38.40000,
,,,0.016026340000,  36.80000,
,,,0.016026360000,  37.60000,
,,,0.016026380000,  37.60000,
,,,0.016026400000,  37.60000,
,,,0.016026420000,  37.60000,
,,,0.016026440000,  37.60000,
,,,0.016026460000,  37.60000,
,,,0.016026480000,  37.60000,
,,,0.016026500000,  37.60000,
,,,0.016026520000,  37.60000,
,,,0.016026540000,  37.60000,
,,,0.016026560000,  38.40000,
,,,0.016026580000,  38.40000,
,,,0.016026600000,  37.60000,
,,,0.016026620000,  37.60000,
,,,0.016026640000,  38.40000,
,,,0.016026660000,  37.60000,
,,,0.016026680000,  38.40000,
,,,0.016026700000,  37.60000,
,,,0.016026720000,  38.40000,
,,,0.016026740000,  38.40000,
,,,0.016026760000,  37.60000,
,,,0.016026780000,  37.60000,
,,,0.016026800000,  37.60000,
,,,0.016026820000,  36.80000,
,,,0.016026840000,  38.40000,
,,,0.016026860000,  38.40000,
,,,0.016026880000,  37.60000,
,,,0.016026900000,  36.80000,
,,,0.016026920000,  37.60000,
,,,0.016026940000,  37.60000,
,,,0.016026960000,  37.60000,
,,,0.016026980000,  38.40000,
,,,0.016027000000,  37.60000,
,,,0.016027020000,  37.60000,
,,,0.016027040000,  37.60000,
,,,0.016027060000,  38.40000,
,,,0.016027080000,  37.60000,
,,,0.016027100000,  38.40000,
,,,0.016027120000,  37.60000,
,,,0.016027140000,  38.40000,
,,,0.016027160000,  36.80000,
,,,0.016027180000,  37.60000,
,,,0.016027200000,  38.40000,
,,,0.016027220000,  38.40000,
,,,0.016027240000,  37.60000,
,,,0.016027260000,  38.40000,
,,,0.016027280000,  38.40000,
,,,0.016027300000,  38.40000,
,,,0.016027320000,  37.60000,
,,,0.016027340000,  36.80000,
,,,0.016027360000,  37.60000,
,,,0.016027380000,  36.80000,
,,,0.016027400000,  38.40000,
,,,0.016027420000,  38.40000,
,,,0.016027440000,  37.60000,
,,,0.016027460000,  38.40000,
,,,0.016027480000,  39.20000,
,,,0.016027500000,  38.40000,
,,,0.016027520000,  38.40000,
,,,0.016027540000,  38.40000,
,,,0.016027560000,  38.40000,
,,,0.016027580000,  38.40000,
,,,0.016027600000,  38.40000,
,,,0.016027620000,  37.60000,
,,,0.016027640000,  37.60000,
,,,0.016027660000,  37.60000,
,,,0.016027680000,  38.40000,
,,,0.016027700000,  39.20000,
,,,0.016027720000,  37.60000,
,,,0.016027740000,  37.60000,
,,,0.016027760000,  37.60000,
,,,0.016027780000,  37.60000,
,,,0.016027800000,  36.80000,
,,,0.016027820000,  36.80000,
,,,0.016027840000,  37.60000,
,,,0.016027860000,  38.40000,
,,,0.016027880000,  37.60000,
,,,0.016027900000,  37.60000,
,,,0.016027920000,  38.40000,
,,,0.016027940000,  38.40000,
,,,0.016027960000,  37.60000,
,,,0.016027980000,  37.60000,
,,,0.016028000000,  37.60000,
,,,0.016028020000,  37.60000,
,,,0.016028040000,  37.60000,
,,,0.016028060000,  37.60000,
,,,0.016028080000,  38.40000,
,,,0.016028100000,  38.40000,
,,,0.016028120000,  37.60000,
,,,0.016028140000,  37.60000,
,,,0.016028160000,  37.60000,
,,,0.016028180000,  38.40000,
,,,0.016028200000,  36.80000,
,,,0.016028220000,  38.40000,
,,,0.016028240000,  38.40000,
,,,0.016028260000,  37.60000,
,,,0.016028280000,  37.60000,
,,,0.016028300000,  37.60000,
,,,0.016028320000,  37.60000,
,,,0.016028340000,  38.40000,
,,,0.016028360000,  37.60000,
,,,0.016028380000,  38.40000,
,,,0.016028400000,  37.60000,
,,,0.016028420000,  37.60000,
,,,0.016028440000,  37.60000,
,,,0.016028460000,  37.60000,
,,,0.016028480000,  38.40000,
,,,0.016028500000,  37.60000,
,,,0.016028520000,  37.60000,
,,,0.016028540000,  38.40000,
,,,0.016028560000,  37.60000,
,,,0.016028580000,  37.60000,
,,,0.016028600000,  37.60000,
,,,0.016028620000,  37.60000,
,,,0.016028640000,  37.60000,
,,,0.016028660000,  37.60000,
,,,0.016028680000,  37.60000,
,,,0.016028700000,  38.40000,
,,,0.016028720000,  38.40000,
,,,0.016028740000,  37.60000,
,,,0.016028760000,  37.60000,
,,,0.016028780000,  37.60000,
,,,0.016028800000,  38.40000,
,,,0.016028820000,  37.60000,
,,,0.016028840000,  37.60000,
,,,0.016028860000,  37.60000,
,,,0.016028880000,  37.60000,
,,,0.016028900000,  37.60000,
,,,0.016028920000,  38.40000,
,,,0.016028940000,  37.60000,
,,,0.016028960000,  38.40000,
,,,0.016028980000,  37.60000,
,,,0.016029000000,  38.40000,
,,,0.016029020000,  38.40000,
,,,0.016029040000,  37.60000,
,,,0.016029060000,  37.60000,
,,,0.016029080000,  37.60000,
,,,0.016029100000,  37.60000,
,,,0.016029120000,  37.60000,
,,,0.016029140000,  37.60000,
,,,0.016029160000,  37.60000,
,,,0.016029180000,  37.60000,
,,,0.016029200000,  38.40000,
,,,0.016029220000,  38.40000,
,,,0.016029240000,  38.40000,
,,,0.016029260000,  37.60000,
,,,0.016029280000,  37.60000,
,,,0.016029300000,  37.60000,
,,,0.016029320000,  37.60000,
,,,0.016029340000,  38.40000,
,,,0.016029360000,  37.60000,
,,,0.016029380000,  38.40000,
,,,0.016029400000,  38.40000,
,,,0.016029420000,  37.60000,
,,,0.016029440000,  38.40000,
,,,0.016029460000,  37.60000,
,,,0.016029480000,  37.60000,
,,,0.016029500000,  38.40000,
,,,0.016029520000,  38.40000,
,,,0.016029540000,  37.60000,
,,,0.016029560000,  38.40000,
,,,0.016029580000,  37.60000,
,,,0.016029600000,  37.60000,
,,,0.016029620000,  38.40000,
,,,0.016029640000,  37.60000,
,,,0.016029660000,  36.80000,
,,,0.016029680000,  38.40000,
,,,0.016029700000,  38.40000,
,,,0.016029720000,  36.80000,
,,,0.016029740000,  37.60000,
,,,0.016029760000,  37.60000,
,,,0.016029780000,  37.60000,
,,,0.016029800000,  37.60000,
,,,0.016029820000,  37.60000,
,,,0.016029840000,  38.40000,
,,,0.016029860000,  37.60000,
,,,0.016029880000,  37.60000,
,,,0.016029900000,  38.40000,
,,,0.016029920000,  37.60000,
,,,0.016029940000,  37.60000,
,,,0.016029960000,  37.60000,
,,,0.016029980000,  37.60000,
,,,0.016030000000,  37.60000,
,,,0.016030020000,  37.60000,
,,,0.016030040000,  38.40000,
,,,0.016030060000,  37.60000,
,,,0.016030080000,  38.40000,
,,,0.016030100000,  37.60000,
,,,0.016030120000,  37.60000,
,,,0.016030140000,  37.60000,
,,,0.016030160000,  38.40000,
,,,0.016030180000,  37.60000,
,,,0.016030200000,  38.40000,
,,,0.016030220000,  38.40000,
,,,0.016030240000,  37.60000,
,,,0.016030260000,  37.60000,
,,,0.016030280000,  36.80000,
,,,0.016030300000,  37.60000,
,,,0.016030320000,  37.60000,
,,,0.016030340000,  37.60000,
,,,0.016030360000,  37.60000,
,,,0.016030380000,  38.40000,
,,,0.016030400000,  37.60000,
,,,0.016030420000,  36.80000,
,,,0.016030440000,  37.60000,
,,,0.016030460000,  37.60000,
,,,0.016030480000,  36.80000,
,,,0.016030500000,  37.60000,
,,,0.016030520000,  36.80000,
,,,0.016030540000,  37.60000,
,,,0.016030560000,  37.60000,
,,,0.016030580000,  37.60000,
,,,0.016030600000,  37.60000,
,,,0.016030620000,  38.40000,
,,,0.016030640000,  36.80000,
,,,0.016030660000,  38.40000,
,,,0.016030680000,  38.40000,
,,,0.016030700000,  37.60000,
,,,0.016030720000,  36.80000,
,,,0.016030740000,  37.60000,
,,,0.016030760000,  37.60000,
,,,0.016030780000,  37.60000,
,,,0.016030800000,  37.60000,
,,,0.016030820000,  37.60000,
,,,0.016030840000,  37.60000,
,,,0.016030860000,  37.60000,
,,,0.016030880000,  37.60000,
,,,0.016030900000,  37.60000,
,,,0.016030920000,  38.40000,
,,,0.016030940000,  37.60000,
,,,0.016030960000,  37.60000,
,,,0.016030980000,  37.60000,
,,,0.016031000000,  38.40000,
,,,0.016031020000,  38.40000,
,,,0.016031040000,  38.40000,
,,,0.016031060000,  39.20000,
,,,0.016031080000,  37.60000,
,,,0.016031100000,  37.60000,
,,,0.016031120000,  36.80000,
,,,0.016031140000,  38.40000,
,,,0.016031160000,  38.40000,
,,,0.016031180000,  38.40000,
,,,0.016031200000,  37.60000,
,,,0.016031220000,  37.60000,
,,,0.016031240000,  38.40000,
,,,0.016031260000,  37.60000,
,,,0.016031280000,  37.60000,
,,,0.016031300000,  37.60000,
,,,0.016031320000,  38.40000,
,,,0.016031340000,  36.80000,
,,,0.016031360000,  38.40000,
,,,0.016031380000,  38.40000,
,,,0.016031400000,  36.80000,
,,,0.016031420000,  37.60000,
,,,0.016031440000,  37.60000,
,,,0.016031460000,  38.40000,
,,,0.016031480000,  38.40000,
,,,0.016031500000,  38.40000,
,,,0.016031520000,  36.80000,
,,,0.016031540000,  37.60000,
,,,0.016031560000,  37.60000,
,,,0.016031580000,  36.80000,
,,,0.016031600000,  37.60000,
,,,0.016031620000,  37.60000,
,,,0.016031640000,  36.80000,
,,,0.016031660000,  38.40000,
,,,0.016031680000,  37.60000,
,,,0.016031700000,  37.60000,
,,,0.016031720000,  37.60000,
,,,0.016031740000,  37.60000,
,,,0.016031760000,  38.40000,
,,,0.016031780000,  37.60000,
,,,0.016031800000,  36.80000,
,,,0.016031820000,  38.40000,
,,,0.016031840000,  38.40000,
,,,0.016031860000,  37.60000,
,,,0.016031880000,  37.60000,
,,,0.016031900000,  36.80000,
,,,0.016031920000,  37.60000,
,,,0.016031940000,  38.40000,
,,,0.016031960000,  37.60000,
,,,0.016031980000,  37.60000,
,,,0.016032000000,  37.60000,
,,,0.016032020000,  38.40000,
,,,0.016032040000,  37.60000,
,,,0.016032060000,  37.60000,
,,,0.016032080000,  38.40000,
,,,0.016032100000,  36.80000,
,,,0.016032120000,  37.60000,
,,,0.016032140000,  38.40000,
,,,0.016032160000,  38.40000,
,,,0.016032180000,  38.40000,
,,,0.016032200000,  38.40000,
,,,0.016032220000,  37.60000,
,,,0.016032240000,  37.60000,
,,,0.016032260000,  37.60000,
,,,0.016032280000,  37.60000,
,,,0.016032300000,  37.60000,
,,,0.016032320000,  36.80000,
,,,0.016032340000,  37.60000,
,,,0.016032360000,  38.40000,
,,,0.016032380000,  37.60000,
,,,0.016032400000,  37.60000,
,,,0.016032420000,  37.60000,
,,,0.016032440000,  38.40000,
,,,0.016032460000,  39.20000,
,,,0.016032480000,  37.60000,
,,,0.016032500000,  36.80000,
,,,0.016032520000,  37.60000,
,,,0.016032540000,  37.60000,
,,,0.016032560000,  37.60000,
,,,0.016032580000,  37.60000,
,,,0.016032600000,  37.60000,
,,,0.016032620000,  37.60000,
,,,0.016032640000,  38.40000,
,,,0.016032660000,  37.60000,
,,,0.016032680000,  37.60000,
,,,0.016032700000,  36.80000,
,,,0.016032720000,  36.80000,
,,,0.016032740000,  37.60000,
,,,0.016032760000,  37.60000,
,,,0.016032780000,  37.60000,
,,,0.016032800000,  38.40000,
,,,0.016032820000,  37.60000,
,,,0.016032840000,  36.80000,
,,,0.016032860000,  37.60000,
,,,0.016032880000,  37.60000,
,,,0.016032900000,  37.60000,
,,,0.016032920000,  38.40000,
,,,0.016032940000,  37.60000,
,,,0.016032960000,  37.60000,
,,,0.016032980000,  37.60000,
,,,0.016033000000,  37.60000,
,,,0.016033020000,  37.60000,
,,,0.016033040000,  37.60000,
,,,0.016033060000,  38.40000,
,,,0.016033080000,  38.40000,
,,,0.016033100000,  37.60000,
,,,0.016033120000,  37.60000,
,,,0.016033140000,  36.80000,
,,,0.016033160000,  37.60000,
,,,0.016033180000,  37.60000,
,,,0.016033200000,  37.60000,
,,,0.016033220000,  37.60000,
,,,0.016033240000,  37.60000,
,,,0.016033260000,  38.40000,
,,,0.016033280000,  37.60000,
,,,0.016033300000,  36.80000,
,,,0.016033320000,  37.60000,
,,,0.016033340000,  37.60000,
,,,0.016033360000,  37.60000,
,,,0.016033380000,  36.80000,
,,,0.016033400000,  37.60000,
,,,0.016033420000,  37.60000,
,,,0.016033440000,  37.60000,
,,,0.016033460000,  37.60000,
,,,0.016033480000,  36.80000,
,,,0.016033500000,  36.80000,
,,,0.016033520000,  36.80000,
,,,0.016033540000,  37.60000,
,,,0.016033560000,  37.60000,
,,,0.016033580000,  38.40000,
,,,0.016033600000,  37.60000,
,,,0.016033620000,  37.60000,
,,,0.016033640000,  36.80000,
,,,0.016033660000,  38.40000,
,,,0.016033680000,  37.60000,
,,,0.016033700000,  37.60000,
,,,0.016033720000,  37.60000,
,,,0.016033740000,  37.60000,
,,,0.016033760000,  37.60000,
,,,0.016033780000,  37.60000,
,,,0.016033800000,  38.40000,
,,,0.016033820000,  37.60000,
,,,0.016033840000,  37.60000,
,,,0.016033860000,  38.40000,
,,,0.016033880000,  37.60000,
,,,0.016033900000,  38.40000,
,,,0.016033920000,  37.60000,
,,,0.016033940000,  36.80000,
,,,0.016033960000,  37.60000,
,,,0.016033980000,  38.40000,
,,,0.016034000000,  37.60000,
,,,0.016034020000,  37.60000,
,,,0.016034040000,  37.60000,
,,,0.016034060000,  37.60000,
,,,0.016034080000,  36.80000,
,,,0.016034100000,  37.60000,
,,,0.016034120000,  37.60000,
,,,0.016034140000,  37.60000,
,,,0.016034160000,  37.60000,
,,,0.016034180000,  38.40000,
,,,0.016034200000,  37.60000,
,,,0.016034220000,  37.60000,
,,,0.016034240000,  38.40000,
,,,0.016034260000,  38.40000,
,,,0.016034280000,  38.40000,
,,,0.016034300000,  37.60000,
,,,0.016034320000,  36.80000,
,,,0.016034340000,  38.40000,
,,,0.016034360000,  38.40000,
,,,0.016034380000,  38.40000,
,,,0.016034400000,  38.40000,
,,,0.016034420000,  38.40000,
,,,0.016034440000,  37.60000,
,,,0.016034460000,  37.60000,
,,,0.016034480000,  37.60000,
,,,0.016034500000,  38.40000,
,,,0.016034520000,  37.60000,
,,,0.016034540000,  37.60000,
,,,0.016034560000,  36.80000,
,,,0.016034580000,  37.60000,
,,,0.016034600000,  38.40000,
,,,0.016034620000,  38.40000,
,,,0.016034640000,  38.40000,
,,,0.016034660000,  37.60000,
,,,0.016034680000,  37.60000,
,,,0.016034700000,  38.40000,
,,,0.016034720000,  38.40000,
,,,0.016034740000,  38.40000,
,,,0.016034760000,  37.60000,
,,,0.016034780000,  37.60000,
,,,0.016034800000,  37.60000,
,,,0.016034820000,  36.80000,
,,,0.016034840000,  38.40000,
,,,0.016034860000,  37.60000,
,,,0.016034880000,  38.40000,
,,,0.016034900000,  38.40000,
,,,0.016034920000,  37.60000,
,,,0.016034940000,  37.60000,
,,,0.016034960000,  37.60000,
,,,0.016034980000,  37.60000,
,,,0.016035000000,  37.60000,
,,,0.016035020000,  38.40000,
,,,0.016035040000,  38.40000,
,,,0.016035060000,  38.40000,
,,,0.016035080000,  36.80000,
,,,0.016035100000,  38.40000,
,,,0.016035120000,  37.60000,
,,,0.016035140000,  37.60000,
,,,0.016035160000,  38.40000,
,,,0.016035180000,  37.60000,
,,,0.016035200000,  37.60000,
,,,0.016035220000,  37.60000,
,,,0.016035240000,  36.80000,
,,,0.016035260000,  37.60000,
,,,0.016035280000,  37.60000,
,,,0.016035300000,  37.60000,
,,,0.016035320000,  37.60000,
,,,0.016035340000,  38.40000,
,,,0.016035360000,  36.80000,
,,,0.016035380000,  37.60000,
,,,0.016035400000,  37.60000,
,,,0.016035420000,  37.60000,
,,,0.016035440000,  37.60000,
,,,0.016035460000,  37.60000,
,,,0.016035480000,  37.60000,
,,,0.016035500000,  38.40000,
,,,0.016035520000,  37.60000,
,,,0.016035540000,  36.80000,
,,,0.016035560000,  37.60000,
,,,0.016035580000,  37.60000,
,,,0.016035600000,  38.40000,
,,,0.016035620000,  37.60000,
,,,0.016035640000,  37.60000,
,,,0.016035660000,  36.80000,
,,,0.016035680000,  37.60000,
,,,0.016035700000,  36.80000,
,,,0.016035720000,  37.60000,
,,,0.016035740000,  36.80000,
,,,0.016035760000,  37.60000,
,,,0.016035780000,  37.60000,
,,,0.016035800000,  38.40000,
,,,0.016035820000,  37.60000,
,,,0.016035840000,  37.60000,
,,,0.016035860000,  36.80000,
,,,0.016035880000,  36.80000,
,,,0.016035900000,  37.60000,
,,,0.016035920000,  38.40000,
,,,0.016035940000,  37.60000,
,,,0.016035960000,  36.80000,
,,,0.016035980000,  37.60000,
,,,0.016036000000,  37.60000,
,,,0.016036020000,  38.40000,
,,,0.016036040000,  37.60000,
,,,0.016036060000,  37.60000,
,,,0.016036080000,  38.40000,
,,,0.016036100000,  38.40000,
,,,0.016036120000,  37.60000,
,,,0.016036140000,  37.60000,
,,,0.016036160000,  37.60000,
,,,0.016036180000,  37.60000,
,,,0.016036200000,  37.60000,
,,,0.016036220000,  37.60000,
,,,0.016036240000,  37.60000,
,,,0.016036260000,  38.40000,
,,,0.016036280000,  36.80000,
,,,0.016036300000,  36.80000,
,,,0.016036320000,  38.40000,
,,,0.016036340000,  38.40000,
,,,0.016036360000,  37.60000,
,,,0.016036380000,  37.60000,
,,,0.016036400000,  37.60000,
,,,0.016036420000,  37.60000,
,,,0.016036440000,  37.60000,
,,,0.016036460000,  37.60000,
,,,0.016036480000,  36.80000,
,,,0.016036500000,  37.60000,
,,,0.016036520000,  37.60000,
,,,0.016036540000,  37.60000,
,,,0.016036560000,  38.40000,
,,,0.016036580000,  37.60000,
,,,0.016036600000,  37.60000,
,,,0.016036620000,  37.60000,
,,,0.016036640000,  37.60000,
,,,0.016036660000,  36.80000,
,,,0.016036680000,  37.60000,
,,,0.016036700000,  38.40000,
,,,0.016036720000,  38.40000,
,,,0.016036740000,  38.40000,
,,,0.016036760000,  37.60000,
,,,0.016036780000,  37.60000,
,,,0.016036800000,  37.60000,
,,,0.016036820000,  36.80000,
,,,0.016036840000,  37.60000,
,,,0.016036860000,  38.40000,
,,,0.016036880000,  37.60000,
,,,0.016036900000,  38.40000,
,,,0.016036920000,  36.80000,
,,,0.016036940000,  36.80000,
,,,0.016036960000,  38.40000,
,,,0.016036980000,  38.40000,
,,,0.016037000000,  37.60000,
,,,0.016037020000,  37.60000,
,,,0.016037040000,  37.60000,
,,,0.016037060000,  37.60000,
,,,0.016037080000,  38.40000,
,,,0.016037100000,  37.60000,
,,,0.016037120000,  38.40000,
,,,0.016037140000,  38.40000,
,,,0.016037160000,  38.40000,
,,,0.016037180000,  37.60000,
,,,0.016037200000,  37.60000,
,,,0.016037220000,  38.40000,
,,,0.016037240000,  37.60000,
,,,0.016037260000,  37.60000,
,,,0.016037280000,  37.60000,
,,,0.016037300000,  38.40000,
,,,0.016037320000,  37.60000,
,,,0.016037340000,  37.60000,
,,,0.016037360000,  37.60000,
,,,0.016037380000,  37.60000,
,,,0.016037400000,  37.60000,
,,,0.016037420000,  38.40000,
,,,0.016037440000,  38.40000,
,,,0.016037460000,  38.40000,
,,,0.016037480000,  38.40000,
,,,0.016037500000,  38.40000,
,,,0.016037520000,  37.60000,
,,,0.016037540000,  37.60000,
,,,0.016037560000,  37.60000,
,,,0.016037580000,  37.60000,
,,,0.016037600000,  37.60000,
,,,0.016037620000,  38.40000,
,,,0.016037640000,  37.60000,
,,,0.016037660000,  37.60000,
,,,0.016037680000,  37.60000,
,,,0.016037700000,  37.60000,
,,,0.016037720000,  37.60000,
,,,0.016037740000,  38.40000,
,,,0.016037760000,  38.40000,
,,,0.016037780000,  37.60000,
,,,0.016037800000,  37.60000,
,,,0.016037820000,  37.60000,
,,,0.016037840000,  37.60000,
,,,0.016037860000,  37.60000,
,,,0.016037880000,  37.60000,
,,,0.016037900000,  38.40000,
,,,0.016037920000,  37.60000,
,,,0.016037940000,  36.80000,
,,,0.016037960000,  37.60000,
,,,0.016037980000,  37.60000,
,,,0.016038000000,  37.60000,
,,,0.016038020000,  37.60000,
,,,0.016038040000,  37.60000,
,,,0.016038060000,  37.60000,
,,,0.016038080000,  38.40000,
,,,0.016038100000,  36.80000,
,,,0.016038120000,  37.60000,
,,,0.016038140000,  37.60000,
,,,0.016038160000,  37.60000,
,,,0.016038180000,  36.80000,
,,,0.016038200000,  37.60000,
,,,0.016038220000,  37.60000,
,,,0.016038240000,  38.40000,
,,,0.016038260000,  37.60000,
,,,0.016038280000,  38.40000,
,,,0.016038300000,  37.60000,
,,,0.016038320000,  38.40000,
,,,0.016038340000,  37.60000,
,,,0.016038360000,  38.40000,
,,,0.016038380000,  37.60000,
,,,0.016038400000,  36.80000,
,,,0.016038420000,  37.60000,
,,,0.016038440000,  37.60000,
,,,0.016038460000,  38.40000,
,,,0.016038480000,  38.40000,
,,,0.016038500000,  37.60000,
,,,0.016038520000,  37.60000,
,,,0.016038540000,  37.60000,
,,,0.016038560000,  37.60000,
,,,0.016038580000,  37.60000,
,,,0.016038600000,  37.60000,
,,,0.016038620000,  37.60000,
,,,0.016038640000,  36.80000,
,,,0.016038660000,  37.60000,
,,,0.016038680000,  38.40000,
,,,0.016038700000,  37.60000,
,,,0.016038720000,  38.40000,
,,,0.016038740000,  38.40000,
,,,0.016038760000,  38.40000,
,,,0.016038780000,  37.60000,
,,,0.016038800000,  36.80000,
,,,0.016038820000,  37.60000,
,,,0.016038840000,  37.60000,
,,,0.016038860000,  37.60000,
,,,0.016038880000,  37.60000,
,,,0.016038900000,  37.60000,
,,,0.016038920000,  37.60000,
,,,0.016038940000,  37.60000,
,,,0.016038960000,  37.60000,
,,,0.016038980000,  38.40000,
,,,0.016039000000,  38.40000,
,,,0.016039020000,  37.60000,
,,,0.016039040000,  37.60000,
,,,0.016039060000,  38.40000,
,,,0.016039080000,  37.60000,
,,,0.016039100000,  38.40000,
,,,0.016039120000,  37.60000,
,,,0.016039140000,  36.80000,
,,,0.016039160000,  38.40000,
,,,0.016039180000,  37.60000,
,,,0.016039200000,  37.60000,
,,,0.016039220000,  36.80000,
,,,0.016039240000,  37.60000,
,,,0.016039260000,  36.80000,
,,,0.016039280000,  37.60000,
,,,0.016039300000,  39.20000,
,,,0.016039320000,  37.60000,
,,,0.016039340000,  37.60000,
,,,0.016039360000,  37.60000,
,,,0.016039380000,  37.60000,
,,,0.016039400000,  38.40000,
,,,0.016039420000,  37.60000,
,,,0.016039440000,  37.60000,
,,,0.016039460000,  38.40000,
,,,0.016039480000,  37.60000,
,,,0.016039500000,  36.80000,
,,,0.016039520000,  36.80000,
,,,0.016039540000,  37.60000,
,,,0.016039560000,  37.60000,
,,,0.016039580000,  38.40000,
,,,0.016039600000,  38.40000,
,,,0.016039620000,  36.80000,
,,,0.016039640000,  37.60000,
,,,0.016039660000,  37.60000,
,,,0.016039680000,  37.60000,
,,,0.016039700000,  38.40000,
,,,0.016039720000,  37.60000,
,,,0.016039740000,  37.60000,
,,,0.016039760000,  38.40000,
,,,0.016039780000,  37.60000,
,,,0.016039800000,  38.40000,
,,,0.016039820000,  38.40000,
,,,0.016039840000,  38.40000,
,,,0.016039860000,  38.40000,
,,,0.016039880000,  37.60000,
,,,0.016039900000,  37.60000,
,,,0.016039920000,  36.80000,
,,,0.016039940000,  36.80000,
,,,0.016039960000,  37.60000,
,,,0.016039980000,  37.60000,
,,,0.016040000000,  36.80000,
,,,0.016040020000,  37.60000,
,,,0.016040040000,  37.60000,
,,,0.016040060000,  37.60000,
,,,0.016040080000,  37.60000,
,,,0.016040100000,  37.60000,
,,,0.016040120000,  38.40000,
,,,0.016040140000,  37.60000,
,,,0.016040160000,  36.80000,
,,,0.016040180000,  37.60000,
,,,0.016040200000,  38.40000,
,,,0.016040220000,  37.60000,
,,,0.016040240000,  36.80000,
,,,0.016040260000,  37.60000,
,,,0.016040280000,  38.40000,
,,,0.016040300000,  37.60000,
,,,0.016040320000,  36.80000,
,,,0.016040340000,  37.60000,
,,,0.016040360000,  37.60000,
,,,0.016040380000,  37.60000,
,,,0.016040400000,  37.60000,
,,,0.016040420000,  37.60000,
,,,0.016040440000,  37.60000,
,,,0.016040460000,  37.60000,
,,,0.016040480000,  37.60000,
,,,0.016040500000,  37.60000,
,,,0.016040520000,  37.60000,
,,,0.016040540000,  38.40000,
,,,0.016040560000,  38.40000,
,,,0.016040580000,  37.60000,
,,,0.016040600000,  37.60000,
,,,0.016040620000,  36.80000,
,,,0.016040640000,  37.60000,
,,,0.016040660000,  37.60000,
,,,0.016040680000,  38.40000,
,,,0.016040700000,  38.40000,
,,,0.016040720000,  37.60000,
,,,0.016040740000,  36.80000,
,,,0.016040760000,  36.80000,
,,,0.016040780000,  38.40000,
,,,0.016040800000,  36.80000,
,,,0.016040820000,  37.60000,
,,,0.016040840000,  38.40000,
,,,0.016040860000,  38.40000,
,,,0.016040880000,  37.60000,
,,,0.016040900000,  38.40000,
,,,0.016040920000,  37.60000,
,,,0.016040940000,  37.60000,
,,,0.016040960000,  37.60000,
,,,0.016040980000,  37.60000,
,,,0.016041000000,  37.60000,
,,,0.016041020000,  37.60000,
,,,0.016041040000,  37.60000,
,,,0.016041060000,  37.60000,
,,,0.016041080000,  37.60000,
,,,0.016041100000,  36.80000,
,,,0.016041120000,  37.60000,
,,,0.016041140000,  38.40000,
,,,0.016041160000,  38.40000,
,,,0.016041180000,  38.40000,
,,,0.016041200000,  38.40000,
,,,0.016041220000,  36.80000,
,,,0.016041240000,  36.80000,
,,,0.016041260000,  37.60000,
,,,0.016041280000,  38.40000,
,,,0.016041300000,  37.60000,
,,,0.016041320000,  38.40000,
,,,0.016041340000,  36.80000,
,,,0.016041360000,  38.40000,
,,,0.016041380000,  37.60000,
,,,0.016041400000,  37.60000,
,,,0.016041420000,  37.60000,
,,,0.016041440000,  37.60000,
,,,0.016041460000,  38.40000,
,,,0.016041480000,  37.60000,
,,,0.016041500000,  36.80000,
,,,0.016041520000,  37.60000,
,,,0.016041540000,  36.80000,
,,,0.016041560000,  37.60000,
,,,0.016041580000,  37.60000,
,,,0.016041600000,  36.80000,
,,,0.016041620000,  37.60000,
,,,0.016041640000,  37.60000,
,,,0.016041660000,  38.40000,
,,,0.016041680000,  37.60000,
,,,0.016041700000,  37.60000,
,,,0.016041720000,  38.40000,
,,,0.016041740000,  37.60000,
,,,0.016041760000,  37.60000,
,,,0.016041780000,  37.60000,
,,,0.016041800000,  38.40000,
,,,0.016041820000,  37.60000,
,,,0.016041840000,  38.40000,
,,,0.016041860000,  36.80000,
,,,0.016041880000,  38.40000,
,,,0.016041900000,  37.60000,
,,,0.016041920000,  37.60000,
,,,0.016041940000,  38.40000,
,,,0.016041960000,  37.60000,
,,,0.016041980000,  37.60000,
,,,0.016042000000,  36.80000,
,,,0.016042020000,  37.60000,
,,,0.016042040000,  37.60000,
,,,0.016042060000,  36.80000,
,,,0.016042080000,  37.60000,
,,,0.016042100000,  38.40000,
,,,0.016042120000,  37.60000,
,,,0.016042140000,  37.60000,
,,,0.016042160000,  37.60000,
,,,0.016042180000,  37.60000,
,,,0.016042200000,  37.60000,
,,,0.016042220000,  37.60000,
,,,0.016042240000,  38.40000,
,,,0.016042260000,  37.60000,
,,,0.016042280000,  38.40000,
,,,0.016042300000,  37.60000,
,,,0.016042320000,  38.40000,
,,,0.016042340000,  37.60000,
,,,0.016042360000,  38.40000,
,,,0.016042380000,  37.60000,
,,,0.016042400000,  37.60000,
,,,0.016042420000,  38.40000,
,,,0.016042440000,  38.40000,
,,,0.016042460000,  37.60000,
,,,0.016042480000,  37.60000,
,,,0.016042500000,  37.60000,
,,,0.016042520000,  37.60000,
,,,0.016042540000,  38.40000,
,,,0.016042560000,  38.40000,
,,,0.016042580000,  38.40000,
,,,0.016042600000,  37.60000,
,,,0.016042620000,  37.60000,
,,,0.016042640000,  38.40000,
,,,0.016042660000,  37.60000,
,,,0.016042680000,  38.40000,
,,,0.016042700000,  37.60000,
,,,0.016042720000,  37.60000,
,,,0.016042740000,  37.60000,
,,,0.016042760000,  36.80000,
,,,0.016042780000,  37.60000,
,,,0.016042800000,  37.60000,
,,,0.016042820000,  38.40000,
,,,0.016042840000,  37.60000,
,,,0.016042860000,  37.60000,
,,,0.016042880000,  37.60000,
,,,0.016042900000,  39.20000,
,,,0.016042920000,  37.60000,
,,,0.016042940000,  38.40000,
,,,0.016042960000,  38.40000,
,,,0.016042980000,  38.40000,
,,,0.016043000000,  36.80000,
,,,0.016043020000,  37.60000,
,,,0.016043040000,  37.60000,
,,,0.016043060000,  37.60000,
,,,0.016043080000,  38.40000,
,,,0.016043100000,  36.80000,
,,,0.016043120000,  38.40000,
,,,0.016043140000,  37.60000,
,,,0.016043160000,  37.60000,
,,,0.016043180000,  37.60000,
,,,0.016043200000,  38.40000,
,,,0.016043220000,  37.60000,
,,,0.016043240000,  37.60000,
,,,0.016043260000,  36.80000,
,,,0.016043280000,  37.60000,
,,,0.016043300000,  38.40000,
,,,0.016043320000,  37.60000,
,,,0.016043340000,  37.60000,
,,,0.016043360000,  37.60000,
,,,0.016043380000,  36.80000,
,,,0.016043400000,  37.60000,
,,,0.016043420000,  37.60000,
,,,0.016043440000,  37.60000,
,,,0.016043460000,  36.80000,
,,,0.016043480000,  37.60000,
,,,0.016043500000,  37.60000,
,,,0.016043520000,  36.80000,
,,,0.016043540000,  37.60000,
,,,0.016043560000,  37.60000,
,,,0.016043580000,  37.60000,
,,,0.016043600000,  36.80000,
,,,0.016043620000,  36.80000,
,,,0.016043640000,  37.60000,
,,,0.016043660000,  36.80000,
,,,0.016043680000,  37.60000,
,,,0.016043700000,  37.60000,
,,,0.016043720000,  37.60000,
,,,0.016043740000,  37.60000,
,,,0.016043760000,  37.60000,
,,,0.016043780000,  37.60000,
,,,0.016043800000,  38.40000,
,,,0.016043820000,  37.60000,
,,,0.016043840000,  37.60000,
,,,0.016043860000,  37.60000,
,,,0.016043880000,  37.60000,
,,,0.016043900000,  37.60000,
,,,0.016043920000,  38.40000,
,,,0.016043940000,  37.60000,
,,,0.016043960000,  37.60000,
,,,0.016043980000,  37.60000,
,,,0.016044000000,  37.60000,
,,,0.016044020000,  38.40000,
,,,0.016044040000,  37.60000,
,,,0.016044060000,  37.60000,
,,,0.016044080000,  37.60000,
,,,0.016044100000,  37.60000,
,,,0.016044120000,  37.60000,
,,,0.016044140000,  38.40000,
,,,0.016044160000,  37.60000,
,,,0.016044180000,  37.60000,
,,,0.016044200000,  37.60000,
,,,0.016044220000,  37.60000,
,,,0.016044240000,  38.40000,
,,,0.016044260000,  38.40000,
,,,0.016044280000,  36.80000,
,,,0.016044300000,  37.60000,
,,,0.016044320000,  37.60000,
,,,0.016044340000,  37.60000,
,,,0.016044360000,  37.60000,
,,,0.016044380000,  37.60000,
,,,0.016044400000,  37.60000,
,,,0.016044420000,  38.40000,
,,,0.016044440000,  37.60000,
,,,0.016044460000,  37.60000,
,,,0.016044480000,  37.60000,
,,,0.016044500000,  38.40000,
,,,0.016044520000,  37.60000,
,,,0.016044540000,  37.60000,
,,,0.016044560000,  37.60000,
,,,0.016044580000,  37.60000,
,,,0.016044600000,  36.80000,
,,,0.016044620000,  38.40000,
,,,0.016044640000,  38.40000,
,,,0.016044660000,  38.40000,
,,,0.016044680000,  37.60000,
,,,0.016044700000,  37.60000,
,,,0.016044720000,  37.60000,
,,,0.016044740000,  37.60000,
,,,0.016044760000,  37.60000,
,,,0.016044780000,  37.60000,
,,,0.016044800000,  37.60000,
,,,0.016044820000,  36.80000,
,,,0.016044840000,  37.60000,
,,,0.016044860000,  37.60000,
,,,0.016044880000,  37.60000,
,,,0.016044900000,  38.40000,
,,,0.016044920000,  37.60000,
,,,0.016044940000,  37.60000,
,,,0.016044960000,  38.40000,
,,,0.016044980000,  37.60000,
,,,0.016045000000,  38.40000,
,,,0.016045020000,  37.60000,
,,,0.016045040000,  38.40000,
,,,0.016045060000,  37.60000,
,,,0.016045080000,  38.40000,
,,,0.016045100000,  37.60000,
,,,0.016045120000,  37.60000,
,,,0.016045140000,  38.40000,
,,,0.016045160000,  37.60000,
,,,0.016045180000,  38.40000,
,,,0.016045200000,  36.80000,
,,,0.016045220000,  37.60000,
,,,0.016045240000,  38.40000,
,,,0.016045260000,  37.60000,
,,,0.016045280000,  37.60000,
,,,0.016045300000,  36.80000,
,,,0.016045320000,  36.80000,
,,,0.016045340000,  38.40000,
,,,0.016045360000,  37.60000,
,,,0.016045380000,  38.40000,
,,,0.016045400000,  38.40000,
,,,0.016045420000,  38.40000,
,,,0.016045440000,  37.60000,
,,,0.016045460000,  37.60000,
,,,0.016045480000,  38.40000,
,,,0.016045500000,  38.40000,
,,,0.016045520000,  37.60000,
,,,0.016045540000,  38.40000,
,,,0.016045560000,  36.80000,
,,,0.016045580000,  37.60000,
,,,0.016045600000,  36.80000,
,,,0.016045620000,  37.60000,
,,,0.016045640000,  37.60000,
,,,0.016045660000,  37.60000,
,,,0.016045680000,  37.60000,
,,,0.016045700000,  37.60000,
,,,0.016045720000,  36.80000,
,,,0.016045740000,  37.60000,
,,,0.016045760000,  37.60000,
,,,0.016045780000,  37.60000,
,,,0.016045800000,  37.60000,
,,,0.016045820000,  38.40000,
,,,0.016045840000,  38.40000,
,,,0.016045860000,  36.80000,
,,,0.016045880000,  36.80000,
,,,0.016045900000,  37.60000,
,,,0.016045920000,  38.40000,
,,,0.016045940000,  38.40000,
,,,0.016045960000,  37.60000,
,,,0.016045980000,  37.60000,
,,,0.016046000000,  37.60000,
,,,0.016046020000,  37.60000,
,,,0.016046040000,  37.60000,
,,,0.016046060000,  38.40000,
,,,0.016046080000,  37.60000,
,,,0.016046100000,  36.80000,
,,,0.016046120000,  37.60000,
,,,0.016046140000,  36.80000,
,,,0.016046160000,  37.60000,
,,,0.016046180000,  37.60000,
,,,0.016046200000,  37.60000,
,,,0.016046220000,  37.60000,
,,,0.016046240000,  37.60000,
,,,0.016046260000,  37.60000,
,,,0.016046280000,  37.60000,
,,,0.016046300000,  37.60000,
,,,0.016046320000,  36.80000,
,,,0.016046340000,  37.60000,
,,,0.016046360000,  36.80000,
,,,0.016046380000,  37.60000,
,,,0.016046400000,  37.60000,
,,,0.016046420000,  37.60000,
,,,0.016046440000,  37.60000,
,,,0.016046460000,  38.40000,
,,,0.016046480000,  36.80000,
,,,0.016046500000,  36.80000,
,,,0.016046520000,  38.40000,
,,,0.016046540000,  38.40000,
,,,0.016046560000,  37.60000,
,,,0.016046580000,  37.60000,
,,,0.016046600000,  38.40000,
,,,0.016046620000,  37.60000,
,,,0.016046640000,  37.60000,
,,,0.016046660000,  37.60000,
,,,0.016046680000,  37.60000,
,,,0.016046700000,  36.80000,
,,,0.016046720000,  37.60000,
,,,0.016046740000,  37.60000,
,,,0.016046760000,  38.40000,
,,,0.016046780000,  37.60000,
,,,0.016046800000,  37.60000,
,,,0.016046820000,  38.40000,
,,,0.016046840000,  37.60000,
,,,0.016046860000,  38.40000,
,,,0.016046880000,  37.60000,
,,,0.016046900000,  37.60000,
,,,0.016046920000,  37.60000,
,,,0.016046940000,  38.40000,
,,,0.016046960000,  36.80000,
,,,0.016046980000,  38.40000,
,,,0.016047000000,  37.60000,
,,,0.016047020000,  38.40000,
,,,0.016047040000,  37.60000,
,,,0.016047060000,  37.60000,
,,,0.016047080000,  37.60000,
,,,0.016047100000,  37.60000,
,,,0.016047120000,  37.60000,
,,,0.016047140000,  37.60000,
,,,0.016047160000,  37.60000,
,,,0.016047180000,  36.80000,
,,,0.016047200000,  37.60000,
,,,0.016047220000,  36.80000,
,,,0.016047240000,  37.60000,
,,,0.016047260000,  38.40000,
,,,0.016047280000,  37.60000,
,,,0.016047300000,  37.60000,
,,,0.016047320000,  38.40000,
,,,0.016047340000,  38.40000,
,,,0.016047360000,  37.60000,
,,,0.016047380000,  38.40000,
,,,0.016047400000,  37.60000,
,,,0.016047420000,  36.80000,
,,,0.016047440000,  37.60000,
,,,0.016047460000,  37.60000,
,,,0.016047480000,  36.80000,
,,,0.016047500000,  38.40000,
,,,0.016047520000,  37.60000,
,,,0.016047540000,  37.60000,
,,,0.016047560000,  38.40000,
,,,0.016047580000,  36.80000,
,,,0.016047600000,  37.60000,
,,,0.016047620000,  37.60000,
,,,0.016047640000,  36.80000,
,,,0.016047660000,  37.60000,
,,,0.016047680000,  37.60000,
,,,0.016047700000,  36.80000,
,,,0.016047720000,  37.60000,
,,,0.016047740000,  37.60000,
,,,0.016047760000,  37.60000,
,,,0.016047780000,  36.80000,
,,,0.016047800000,  36.80000,
,,,0.016047820000,  37.60000,
,,,0.016047840000,  36.80000,
,,,0.016047860000,  37.60000,
,,,0.016047880000,  37.60000,
,,,0.016047900000,  37.60000,
,,,0.016047920000,  37.60000,
,,,0.016047940000,  38.40000,
,,,0.016047960000,  38.40000,
,,,0.016047980000,  37.60000,
,,,0.016048000000,  36.80000,
,,,0.016048020000,  37.60000,
,,,0.016048040000,  38.40000,
,,,0.016048060000,  37.60000,
,,,0.016048080000,  36.80000,
,,,0.016048100000,  36.80000,
,,,0.016048120000,  36.80000,
,,,0.016048140000,  36.80000,
,,,0.016048160000,  37.60000,
,,,0.016048180000,  38.40000,
,,,0.016048200000,  37.60000,
,,,0.016048220000,  38.40000,
,,,0.016048240000,  37.60000,
,,,0.016048260000,  36.80000,
,,,0.016048280000,  36.80000,
,,,0.016048300000,  39.20000,
,,,0.016048320000,  37.60000,
,,,0.016048340000,  37.60000,
,,,0.016048360000,  37.60000,
,,,0.016048380000,  37.60000,
,,,0.016048400000,  37.60000,
,,,0.016048420000,  37.60000,
,,,0.016048440000,  37.60000,
,,,0.016048460000,  37.60000,
,,,0.016048480000,  37.60000,
,,,0.016048500000,  37.60000,
,,,0.016048520000,  38.40000,
,,,0.016048540000,  36.80000,
,,,0.016048560000,  36.80000,
,,,0.016048580000,  38.40000,
,,,0.016048600000,  36.80000,
,,,0.016048620000,  38.40000,
,,,0.016048640000,  38.40000,
,,,0.016048660000,  36.80000,
,,,0.016048680000,  36.80000,
,,,0.016048700000,  37.60000,
,,,0.016048720000,  37.60000,
,,,0.016048740000,  37.60000,
,,,0.016048760000,  38.40000,
,,,0.016048780000,  38.40000,
,,,0.016048800000,  37.60000,
,,,0.016048820000,  37.60000,
,,,0.016048840000,  38.40000,
,,,0.016048860000,  36.80000,
,,,0.016048880000,  37.60000,
,,,0.016048900000,  37.60000,
,,,0.016048920000,  38.40000,
,,,0.016048940000,  37.60000,
,,,0.016048960000,  37.60000,
,,,0.016048980000,  37.60000,
,,,0.016049000000,  37.60000,
,,,0.016049020000,  37.60000,
,,,0.016049040000,  37.60000,
,,,0.016049060000,  37.60000,
,,,0.016049080000,  38.40000,
,,,0.016049100000,  38.40000,
,,,0.016049120000,  37.60000,
,,,0.016049140000,  37.60000,
,,,0.016049160000,  36.80000,
,,,0.016049180000,  37.60000,
,,,0.016049200000,  38.40000,
,,,0.016049220000,  37.60000,
,,,0.016049240000,  37.60000,
,,,0.016049260000,  37.60000,
,,,0.016049280000,  38.40000,
,,,0.016049300000,  37.60000,
,,,0.016049320000,  37.60000,
,,,0.016049340000,  37.60000,
,,,0.016049360000,  36.80000,
,,,0.016049380000,  38.40000,
