Record Length,2.500000e+03,,   0.000024300000,   3.32000,
Sample Interval,4.000000e-10,,   0.000024300400,   3.32000,
Trigger Point,-6.075000000000e+04,,   0.000024300800,   3.32000,
,,,   0.000024301200,   3.28000,
,,,   0.000024301600,   3.28000,
,,,   0.000024302000,   3.28000,
Source,CH1,,   0.000024302400,   3.28000,
Vertical Units,V,,   0.000024302800,   3.32000,
Vertical Scale,1.000000e+00,,   0.000024303200,   3.28000,
Vertical Offset,-1.640000e+00,,   0.000024303600,   3.24000,
Horizontal Units,s,,   0.000024304000,   3.28000,
Horizontal Scale,1.000000e-07,,   0.000024304400,   3.28000,
Pt Fmt,Y,,   0.000024304800,   3.28000,
Yzero,0.000000e+00,,   0.000024305200,   3.28000,
Probe Atten,1.000000e+01,,   0.000024305600,   3.28000,
Model Number,TBS1102B,,   0.000024306000,   3.32000,
Serial Number,C033696,,   0.000024306400,   3.32000,
Firmware Version,FV:v4.06,,   0.000024306800,   3.32000,
,,,0.000024307200,   3.32000,
,,,0.000024307600,   3.32000,
,,,0.000024308000,   3.32000,
,,,0.000024308400,   3.36000,
,,,0.000024308800,   3.36000,
,,,0.000024309200,   3.36000,
,,,0.000024309600,   3.32000,
,,,0.000024310000,   3.32000,
,,,0.000024310400,   3.32000,
,,,0.000024310800,   3.32000,
,,,0.000024311200,   3.28000,
,,,0.000024311600,   3.28000,
,,,0.000024312000,   3.32000,
,,,0.000024312400,   3.32000,
,,,0.000024312800,   3.32000,
,,,0.000024313200,   3.32000,
,,,0.000024313600,   3.28000,
,,,0.000024314000,   3.24000,
,,,0.000024314400,   3.28000,
,,,0.000024314800,   3.32000,
,,,0.000024315200,   3.28000,
,,,0.000024315600,   3.24000,
,,,0.000024316000,   3.28000,
,,,0.000024316400,   3.32000,
,,,0.000024316800,   3.32000,
,,,0.000024317200,   3.28000,
,,,0.000024317600,   3.28000,
,,,0.000024318000,   3.32000,
,,,0.000024318400,   3.36000,
,,,0.000024318800,   3.36000,
,,,0.000024319200,   3.32000,
,,,0.000024319600,   3.32000,
,,,0.000024320000,   3.36000,
,,,0.000024320400,   3.32000,
,,,0.000024320800,   3.32000,
,,,0.000024321200,   3.28000,
,,,0.000024321600,   3.24000,
,,,0.000024322000,   3.28000,
,,,0.000024322400,   3.28000,
,,,0.000024322800,   3.28000,
,,,0.000024323200,   3.28000,
,,,0.000024323600,   3.32000,
,,,0.000024324000,   3.32000,
,,,0.000024324400,   3.32000,
,,,0.000024324800,   3.32000,
,,,0.000024325200,   3.32000,
,,,0.000024325600,   3.32000,
,,,0.000024326000,   3.28000,
,,,0.000024326400,   3.28000,
,,,0.000024326800,   3.32000,
,,,0.000024327200,   3.32000,
,,,0.000024327600,   3.32000,
,,,0.000024328000,   3.32000,
,,,0.000024328400,   3.32000,
,,,0.000024328800,   3.32000,
,,,0.000024329200,   3.28000,
,,,0.000024329600,   3.36000,
,,,0.000024330000,   3.36000,
,,,0.000024330400,   3.36000,
,,,0.000024330800,   3.36000,
,,,0.000024331200,   3.32000,
,,,0.000024331600,   3.32000,
,,,0.000024332000,   3.32000,
,,,0.000024332400,   3.32000,
,,,0.000024332800,   3.32000,
,,,0.000024333200,   3.32000,
,,,0.000024333600,   3.32000,
,,,0.000024334000,   3.32000,
,,,0.000024334400,   3.32000,
,,,0.000024334800,   3.32000,
,,,0.000024335200,   3.32000,
,,,0.000024335600,   3.32000,
,,,0.000024336000,   3.28000,
,,,0.000024336400,   3.28000,
,,,0.000024336800,   3.32000,
,,,0.000024337200,   3.32000,
,,,0.000024337600,   3.36000,
,,,0.000024338000,   3.32000,
,,,0.000024338400,   3.32000,
,,,0.000024338800,   3.32000,
,,,0.000024339200,   3.32000,
,,,0.000024339600,   3.32000,
,,,0.000024340000,   3.28000,
,,,0.000024340400,   3.28000,
,,,0.000024340800,   3.28000,
,,,0.000024341200,   3.28000,
,,,0.000024341600,   3.28000,
,,,0.000024342000,   3.32000,
,,,0.000024342400,   3.32000,
,,,0.000024342800,   3.32000,
,,,0.000024343200,   3.32000,
,,,0.000024343600,   3.36000,
,,,0.000024344000,   3.36000,
,,,0.000024344400,   3.32000,
,,,0.000024344800,   3.32000,
,,,0.000024345200,   3.28000,
,,,0.000024345600,   3.28000,
,,,0.000024346000,   3.32000,
,,,0.000024346400,   3.32000,
,,,0.000024346800,   3.36000,
,,,0.000024347200,   3.32000,
,,,0.000024347600,   3.28000,
,,,0.000024348000,   3.28000,
,,,0.000024348400,   3.32000,
,,,0.000024348800,   3.32000,
,,,0.000024349200,   3.32000,
,,,0.000024349600,   3.32000,
,,,0.000024350000,   3.32000,
,,,0.000024350400,   3.32000,
,,,0.000024350800,   3.32000,
,,,0.000024351200,   3.32000,
,,,0.000024351600,   3.32000,
,,,0.000024352000,   3.32000,
,,,0.000024352400,   3.32000,
,,,0.000024352800,   3.32000,
,,,0.000024353200,   3.32000,
,,,0.000024353600,   3.32000,
,,,0.000024354000,   3.32000,
,,,0.000024354400,   3.32000,
,,,0.000024354800,   3.32000,
,,,0.000024355200,   3.32000,
,,,0.000024355600,   3.32000,
,,,0.000024356000,   3.32000,
,,,0.000024356400,   3.32000,
,,,0.000024356800,   3.32000,
,,,0.000024357200,   3.32000,
,,,0.000024357600,   3.36000,
,,,0.000024358000,   3.32000,
,,,0.000024358400,   3.32000,
,,,0.000024358800,   3.32000,
,,,0.000024359200,   3.32000,
,,,0.000024359600,   3.32000,
,,,0.000024360000,   3.32000,
,,,0.000024360400,   3.32000,
,,,0.000024360800,   3.32000,
,,,0.000024361200,   3.32000,
,,,0.000024361600,   3.32000,
,,,0.000024362000,   3.36000,
,,,0.000024362400,   3.32000,
,,,0.000024362800,   3.32000,
,,,0.000024363200,   3.32000,
,,,0.000024363600,   3.32000,
,,,0.000024364000,   3.32000,
,,,0.000024364400,   3.36000,
,,,0.000024364800,   3.36000,
,,,0.000024365200,   3.32000,
,,,0.000024365600,   3.32000,
,,,0.000024366000,   3.28000,
,,,0.000024366400,   3.28000,
,,,0.000024366800,   3.28000,
,,,0.000024367200,   3.28000,
,,,0.000024367600,   3.28000,
,,,0.000024368000,   3.28000,
,,,0.000024368400,   3.32000,
,,,0.000024368800,   3.36000,
,,,0.000024369200,   3.32000,
,,,0.000024369600,   3.32000,
,,,0.000024370000,   3.36000,
,,,0.000024370400,   3.32000,
,,,0.000024370800,   3.32000,
,,,0.000024371200,   3.32000,
,,,0.000024371600,   3.32000,
,,,0.000024372000,   3.32000,
,,,0.000024372400,   3.32000,
,,,0.000024372800,   3.32000,
,,,0.000024373200,   3.32000,
,,,0.000024373600,   3.32000,
,,,0.000024374000,   3.32000,
,,,0.000024374400,   3.32000,
,,,0.000024374800,   3.32000,
,,,0.000024375200,   3.28000,
,,,0.000024375600,   3.28000,
,,,0.000024376000,   3.28000,
,,,0.000024376400,   3.28000,
,,,0.000024376800,   3.32000,
,,,0.000024377200,   3.32000,
,,,0.000024377600,   3.32000,
,,,0.000024378000,   3.32000,
,,,0.000024378400,   3.32000,
,,,0.000024378800,   3.32000,
,,,0.000024379200,   3.28000,
,,,0.000024379600,   3.28000,
,,,0.000024380000,   3.32000,
,,,0.000024380400,   3.28000,
,,,0.000024380800,   3.28000,
,,,0.000024381200,   3.28000,
,,,0.000024381600,   3.32000,
,,,0.000024382000,   3.32000,
,,,0.000024382400,   3.36000,
,,,0.000024382800,   3.36000,
,,,0.000024383200,   3.32000,
,,,0.000024383600,   3.32000,
,,,0.000024384000,   3.36000,
,,,0.000024384400,   3.32000,
,,,0.000024384800,   3.32000,
,,,0.000024385200,   3.28000,
,,,0.000024385600,   3.28000,
,,,0.000024386000,   3.32000,
,,,0.000024386400,   3.28000,
,,,0.000024386800,   3.28000,
,,,0.000024387200,   3.28000,
,,,0.000024387600,   3.32000,
,,,0.000024388000,   3.32000,
,,,0.000024388400,   3.28000,
,,,0.000024388800,   3.28000,
,,,0.000024389200,   3.28000,
,,,0.000024389600,   3.32000,
,,,0.000024390000,   3.32000,
,,,0.000024390400,   3.32000,
,,,0.000024390800,   3.32000,
,,,0.000024391200,   3.32000,
,,,0.000024391600,   3.32000,
,,,0.000024392000,   3.32000,
,,,0.000024392400,   3.32000,
,,,0.000024392800,   3.32000,
,,,0.000024393200,   3.32000,
,,,0.000024393600,   3.32000,
,,,0.000024394000,   3.32000,
,,,0.000024394400,   3.32000,
,,,0.000024394800,   3.32000,
,,,0.000024395200,   3.32000,
,,,0.000024395600,   3.32000,
,,,0.000024396000,   3.32000,
,,,0.000024396400,   3.32000,
,,,0.000024396800,   3.32000,
,,,0.000024397200,   3.32000,
,,,0.000024397600,   3.32000,
,,,0.000024398000,   3.32000,
,,,0.000024398400,   3.32000,
,,,0.000024398800,   3.32000,
,,,0.000024399200,   3.32000,
,,,0.000024399600,   3.32000,
,,,0.000024400000,   3.32000,
,,,0.000024400400,   3.32000,
,,,0.000024400800,   3.36000,
,,,0.000024401200,   3.32000,
,,,0.000024401600,   3.28000,
,,,0.000024402000,   3.28000,
,,,0.000024402400,   3.32000,
,,,0.000024402800,   3.36000,
,,,0.000024403200,   3.36000,
,,,0.000024403600,   3.32000,
,,,0.000024404000,   3.28000,
,,,0.000024404400,   3.32000,
,,,0.000024404800,   3.36000,
,,,0.000024405200,   3.32000,
,,,0.000024405600,   3.32000,
,,,0.000024406000,   3.32000,
,,,0.000024406400,   3.32000,
,,,0.000024406800,   3.32000,
,,,0.000024407200,   3.32000,
,,,0.000024407600,   3.36000,
,,,0.000024408000,   3.32000,
,,,0.000024408400,   3.32000,
,,,0.000024408800,   3.32000,
,,,0.000024409200,   3.32000,
,,,0.000024409600,   3.36000,
,,,0.000024410000,   3.32000,
,,,0.000024410400,   3.32000,
,,,0.000024410800,   3.32000,
,,,0.000024411200,   3.32000,
,,,0.000024411600,   3.36000,
,,,0.000024412000,   3.32000,
,,,0.000024412400,   3.32000,
,,,0.000024412800,   3.32000,
,,,0.000024413200,   3.32000,
,,,0.000024413600,   3.32000,
,,,0.000024414000,   3.32000,
,,,0.000024414400,   3.28000,
,,,0.000024414800,   3.28000,
,,,0.000024415200,   3.28000,
,,,0.000024415600,   3.28000,
,,,0.000024416000,   3.28000,
,,,0.000024416400,   3.28000,
,,,0.000024416800,   3.32000,
,,,0.000024417200,   3.36000,
,,,0.000024417600,   3.32000,
,,,0.000024418000,   3.32000,
,,,0.000024418400,   3.32000,
,,,0.000024418800,   3.32000,
,,,0.000024419200,   3.32000,
,,,0.000024419600,   3.28000,
,,,0.000024420000,   3.24000,
,,,0.000024420400,   3.28000,
,,,0.000024420800,   3.32000,
,,,0.000024421200,   3.32000,
,,,0.000024421600,   3.24000,
,,,0.000024422000,   3.24000,
,,,0.000024422400,   3.28000,
,,,0.000024422800,   3.32000,
,,,0.000024423200,   3.32000,
,,,0.000024423600,   3.28000,
,,,0.000024424000,   3.24000,
,,,0.000024424400,   3.28000,
,,,0.000024424800,   3.32000,
,,,0.000024425200,   3.36000,
,,,0.000024425600,   3.32000,
,,,0.000024426000,   3.32000,
,,,0.000024426400,   3.32000,
,,,0.000024426800,   3.32000,
,,,0.000024427200,   3.32000,
,,,0.000024427600,   3.32000,
,,,0.000024428000,   3.32000,
,,,0.000024428400,   3.32000,
,,,0.000024428800,   3.32000,
,,,0.000024429200,   3.32000,
,,,0.000024429600,   3.36000,
,,,0.000024430000,   3.32000,
,,,0.000024430400,   3.28000,
,,,0.000024430800,   3.32000,
,,,0.000024431200,   3.32000,
,,,0.000024431600,   3.28000,
,,,0.000024432000,   3.28000,
,,,0.000024432400,   3.32000,
,,,0.000024432800,   3.32000,
,,,0.000024433200,   3.32000,
,,,0.000024433600,   3.32000,
,,,0.000024434000,   3.32000,
,,,0.000024434400,   3.32000,
,,,0.000024434800,   3.32000,
,,,0.000024435200,   3.32000,
,,,0.000024435600,   3.32000,
,,,0.000024436000,   3.32000,
,,,0.000024436400,   3.32000,
,,,0.000024436800,   3.36000,
,,,0.000024437200,   3.36000,
,,,0.000024437600,   3.36000,
,,,0.000024438000,   3.36000,
,,,0.000024438400,   3.32000,
,,,0.000024438800,   3.32000,
,,,0.000024439200,   3.32000,
,,,0.000024439600,   3.32000,
,,,0.000024440000,   3.32000,
,,,0.000024440400,   3.28000,
,,,0.000024440800,   3.28000,
,,,0.000024441200,   3.32000,
,,,0.000024441600,   3.36000,
,,,0.000024442000,   3.32000,
,,,0.000024442400,   3.32000,
,,,0.000024442800,   3.32000,
,,,0.000024443200,   3.32000,
,,,0.000024443600,   3.32000,
,,,0.000024444000,   3.32000,
,,,0.000024444400,   3.32000,
,,,0.000024444800,   3.36000,
,,,0.000024445200,   3.36000,
,,,0.000024445600,   3.28000,
,,,0.000024446000,   3.24000,
,,,0.000024446400,   3.28000,
,,,0.000024446800,   3.32000,
,,,0.000024447200,   3.32000,
,,,0.000024447600,   3.32000,
,,,0.000024448000,   3.32000,
,,,0.000024448400,   3.36000,
,,,0.000024448800,   3.36000,
,,,0.000024449200,   3.32000,
,,,0.000024449600,   3.28000,
,,,0.000024450000,   3.24000,
,,,0.000024450400,   3.28000,
,,,0.000024450800,   3.32000,
,,,0.000024451200,   3.32000,
,,,0.000024451600,   3.28000,
,,,0.000024452000,   3.24000,
,,,0.000024452400,   3.28000,
,,,0.000024452800,   3.32000,
,,,0.000024453200,   3.32000,
,,,0.000024453600,   3.32000,
,,,0.000024454000,   3.28000,
,,,0.000024454400,   3.24000,
,,,0.000024454800,   3.28000,
,,,0.000024455200,   3.32000,
,,,0.000024455600,   3.32000,
,,,0.000024456000,   3.28000,
,,,0.000024456400,   3.28000,
,,,0.000024456800,   3.32000,
,,,0.000024457200,   3.32000,
,,,0.000024457600,   3.36000,
,,,0.000024458000,   3.32000,
,,,0.000024458400,   3.32000,
,,,0.000024458800,   3.36000,
,,,0.000024459200,   3.36000,
,,,0.000024459600,   3.32000,
,,,0.000024460000,   3.32000,
,,,0.000024460400,   3.36000,
,,,0.000024460800,   3.40000,
,,,0.000024461200,   3.36000,
,,,0.000024461600,   3.36000,
,,,0.000024462000,   3.32000,
,,,0.000024462400,   3.32000,
,,,0.000024462800,   3.32000,
,,,0.000024463200,   3.32000,
,,,0.000024463600,   3.32000,
,,,0.000024464000,   3.32000,
,,,0.000024464400,   3.32000,
,,,0.000024464800,   3.36000,
,,,0.000024465200,   3.36000,
,,,0.000024465600,   3.32000,
,,,0.000024466000,   3.32000,
,,,0.000024466400,   3.36000,
,,,0.000024466800,   3.36000,
,,,0.000024467200,   3.32000,
,,,0.000024467600,   3.32000,
,,,0.000024468000,   3.32000,
,,,0.000024468400,   3.32000,
,,,0.000024468800,   3.32000,
,,,0.000024469200,   3.32000,
,,,0.000024469600,   3.32000,
,,,0.000024470000,   3.32000,
,,,0.000024470400,   3.32000,
,,,0.000024470800,   3.32000,
,,,0.000024471200,   3.32000,
,,,0.000024471600,   3.32000,
,,,0.000024472000,   3.32000,
,,,0.000024472400,   3.28000,
,,,0.000024472800,   3.28000,
,,,0.000024473200,   3.24000,
,,,0.000024473600,   3.32000,
,,,0.000024474000,   3.32000,
,,,0.000024474400,   3.32000,
,,,0.000024474800,   3.32000,
,,,0.000024475200,   3.32000,
,,,0.000024475600,   3.32000,
,,,0.000024476000,   3.36000,
,,,0.000024476400,   3.36000,
,,,0.000024476800,   3.36000,
,,,0.000024477200,   3.36000,
,,,0.000024477600,   3.32000,
,,,0.000024478000,   3.32000,
,,,0.000024478400,   3.32000,
,,,0.000024478800,   3.32000,
,,,0.000024479200,   3.32000,
,,,0.000024479600,   3.32000,
,,,0.000024480000,   3.28000,
,,,0.000024480400,   3.28000,
,,,0.000024480800,   3.32000,
,,,0.000024481200,   3.32000,
,,,0.000024481600,   3.28000,
,,,0.000024482000,   3.28000,
,,,0.000024482400,   3.28000,
,,,0.000024482800,   3.28000,
,,,0.000024483200,   3.28000,
,,,0.000024483600,   3.32000,
,,,0.000024484000,   3.32000,
,,,0.000024484400,   3.32000,
,,,0.000024484800,   3.32000,
,,,0.000024485200,   3.32000,
,,,0.000024485600,   3.32000,
,,,0.000024486000,   3.32000,
,,,0.000024486400,   3.32000,
,,,0.000024486800,   3.36000,
,,,0.000024487200,   3.32000,
,,,0.000024487600,   3.32000,
,,,0.000024488000,   3.32000,
,,,0.000024488400,   3.32000,
,,,0.000024488800,   3.32000,
,,,0.000024489200,   3.32000,
,,,0.000024489600,   3.32000,
,,,0.000024490000,   3.32000,
,,,0.000024490400,   3.32000,
,,,0.000024490800,   3.32000,
,,,0.000024491200,   3.32000,
,,,0.000024491600,   3.32000,
,,,0.000024492000,   3.32000,
,,,0.000024492400,   3.28000,
,,,0.000024492800,   3.28000,
,,,0.000024493200,   3.28000,
,,,0.000024493600,   3.32000,
,,,0.000024494000,   3.32000,
,,,0.000024494400,   3.32000,
,,,0.000024494800,   3.32000,
,,,0.000024495200,   3.32000,
,,,0.000024495600,   3.32000,
,,,0.000024496000,   3.32000,
,,,0.000024496400,   3.36000,
,,,0.000024496800,   3.36000,
,,,0.000024497200,   3.32000,
,,,0.000024497600,   3.28000,
,,,0.000024498000,   3.32000,
,,,0.000024498400,   3.36000,
,,,0.000024498800,   3.36000,
,,,0.000024499200,   3.32000,
,,,0.000024499600,   3.28000,
,,,0.000024500000,   3.24000,
,,,0.000024500400,   3.28000,
,,,0.000024500800,   3.36000,
,,,0.000024501200,   3.32000,
,,,0.000024501600,   3.32000,
,,,0.000024502000,   3.36000,
,,,0.000024502400,   3.32000,
,,,0.000024502800,   3.32000,
,,,0.000024503200,   3.32000,
,,,0.000024503600,   3.32000,
,,,0.000024504000,   3.32000,
,,,0.000024504400,   3.32000,
,,,0.000024504800,   3.32000,
,,,0.000024505200,   3.32000,
,,,0.000024505600,   3.32000,
,,,0.000024506000,   3.32000,
,,,0.000024506400,   3.32000,
,,,0.000024506800,   3.32000,
,,,0.000024507200,   3.32000,
,,,0.000024507600,   3.36000,
,,,0.000024508000,   3.32000,
,,,0.000024508400,   3.32000,
,,,0.000024508800,   3.32000,
,,,0.000024509200,   3.28000,
,,,0.000024509600,   3.24000,
,,,0.000024510000,   3.28000,
,,,0.000024510400,   3.28000,
,,,0.000024510800,   3.28000,
,,,0.000024511200,   3.28000,
,,,0.000024511600,   3.28000,
,,,0.000024512000,   3.28000,
,,,0.000024512400,   3.28000,
,,,0.000024512800,   3.32000,
,,,0.000024513200,   3.28000,
,,,0.000024513600,   3.24000,
,,,0.000024514000,   3.28000,
,,,0.000024514400,   3.28000,
,,,0.000024514800,   3.28000,
,,,0.000024515200,   3.28000,
,,,0.000024515600,   3.28000,
,,,0.000024516000,   3.28000,
,,,0.000024516400,   3.28000,
,,,0.000024516800,   3.28000,
,,,0.000024517200,   3.28000,
,,,0.000024517600,   3.32000,
,,,0.000024518000,   3.32000,
,,,0.000024518400,   3.28000,
,,,0.000024518800,   3.28000,
,,,0.000024519200,   3.28000,
,,,0.000024519600,   3.28000,
,,,0.000024520000,   3.28000,
,,,0.000024520400,   3.28000,
,,,0.000024520800,   3.28000,
,,,0.000024521200,   3.28000,
,,,0.000024521600,   3.28000,
,,,0.000024522000,   3.32000,
,,,0.000024522400,   3.32000,
,,,0.000024522800,   3.32000,
,,,0.000024523200,   3.32000,
,,,0.000024523600,   3.32000,
,,,0.000024524000,   3.32000,
,,,0.000024524400,   3.32000,
,,,0.000024524800,   3.32000,
,,,0.000024525200,   3.32000,
,,,0.000024525600,   3.28000,
,,,0.000024526000,   3.24000,
,,,0.000024526400,   3.28000,
,,,0.000024526800,   3.32000,
,,,0.000024527200,   3.32000,
,,,0.000024527600,   3.32000,
,,,0.000024528000,   3.32000,
,,,0.000024528400,   3.32000,
,,,0.000024528800,   3.36000,
,,,0.000024529200,   3.32000,
,,,0.000024529600,   3.28000,
,,,0.000024530000,   3.32000,
,,,0.000024530400,   3.32000,
,,,0.000024530800,   3.32000,
,,,0.000024531200,   3.32000,
,,,0.000024531600,   3.32000,
,,,0.000024532000,   3.32000,
,,,0.000024532400,   3.28000,
,,,0.000024532800,   3.28000,
,,,0.000024533200,   3.28000,
,,,0.000024533600,   3.28000,
,,,0.000024534000,   3.32000,
,,,0.000024534400,   3.32000,
,,,0.000024534800,   3.36000,
,,,0.000024535200,   3.32000,
,,,0.000024535600,   3.32000,
,,,0.000024536000,   3.32000,
,,,0.000024536400,   3.32000,
,,,0.000024536800,   3.36000,
,,,0.000024537200,   3.32000,
,,,0.000024537600,   3.32000,
,,,0.000024538000,   3.32000,
,,,0.000024538400,   3.32000,
,,,0.000024538800,   3.32000,
,,,0.000024539200,   3.32000,
,,,0.000024539600,   3.28000,
,,,0.000024540000,   3.28000,
,,,0.000024540400,   3.28000,
,,,0.000024540800,   3.28000,
,,,0.000024541200,   3.28000,
,,,0.000024541600,   3.32000,
,,,0.000024542000,   3.32000,
,,,0.000024542400,   3.32000,
,,,0.000024542800,   3.32000,
,,,0.000024543200,   3.28000,
,,,0.000024543600,   3.24000,
,,,0.000024544000,   3.28000,
,,,0.000024544400,   3.36000,
,,,0.000024544800,   3.36000,
,,,0.000024545200,   3.28000,
,,,0.000024545600,   3.28000,
,,,0.000024546000,   3.28000,
,,,0.000024546400,   3.28000,
,,,0.000024546800,   3.28000,
,,,0.000024547200,   3.28000,
,,,0.000024547600,   3.32000,
,,,0.000024548000,   3.32000,
,,,0.000024548400,   3.32000,
,,,0.000024548800,   3.32000,
,,,0.000024549200,   3.32000,
,,,0.000024549600,   3.32000,
,,,0.000024550000,   3.28000,
,,,0.000024550400,   3.28000,
,,,0.000024550800,   3.32000,
,,,0.000024551200,   3.32000,
,,,0.000024551600,   3.32000,
,,,0.000024552000,   3.32000,
,,,0.000024552400,   3.32000,
,,,0.000024552800,   3.32000,
,,,0.000024553200,   3.32000,
,,,0.000024553600,   3.32000,
,,,0.000024554000,   3.32000,
,,,0.000024554400,   3.28000,
,,,0.000024554800,   3.28000,
,,,0.000024555200,   3.28000,
,,,0.000024555600,   3.32000,
,,,0.000024556000,   3.32000,
,,,0.000024556400,   3.28000,
,,,0.000024556800,   3.28000,
,,,0.000024557200,   3.28000,
,,,0.000024557600,   3.32000,
,,,0.000024558000,   3.32000,
,,,0.000024558400,   3.32000,
,,,0.000024558800,   3.32000,
,,,0.000024559200,   3.32000,
,,,0.000024559600,   3.32000,
,,,0.000024560000,   3.32000,
,,,0.000024560400,   3.32000,
,,,0.000024560800,   3.32000,
,,,0.000024561200,   3.32000,
,,,0.000024561600,   3.32000,
,,,0.000024562000,   3.32000,
,,,0.000024562400,   3.36000,
,,,0.000024562800,   3.36000,
,,,0.000024563200,   3.32000,
,,,0.000024563600,   3.32000,
,,,0.000024564000,   3.32000,
,,,0.000024564400,   3.28000,
,,,0.000024564800,   3.28000,
,,,0.000024565200,   3.28000,
,,,0.000024565600,   3.32000,
,,,0.000024566000,   3.32000,
,,,0.000024566400,   3.32000,
,,,0.000024566800,   3.32000,
,,,0.000024567200,   3.32000,
,,,0.000024567600,   3.28000,
,,,0.000024568000,   3.28000,
,,,0.000024568400,   3.32000,
,,,0.000024568800,   3.32000,
,,,0.000024569200,   3.28000,
,,,0.000024569600,   3.28000,
,,,0.000024570000,   3.28000,
,,,0.000024570400,   3.28000,
,,,0.000024570800,   3.32000,
,,,0.000024571200,   3.32000,
,,,0.000024571600,   3.28000,
,,,0.000024572000,   3.24000,
,,,0.000024572400,   3.28000,
,,,0.000024572800,   3.32000,
,,,0.000024573200,   3.28000,
,,,0.000024573600,   3.28000,
,,,0.000024574000,   3.28000,
,,,0.000024574400,   3.28000,
,,,0.000024574800,   3.28000,
,,,0.000024575200,   3.28000,
,,,0.000024575600,   3.32000,
,,,0.000024576000,   3.32000,
,,,0.000024576400,   3.32000,
,,,0.000024576800,   3.32000,
,,,0.000024577200,   3.32000,
,,,0.000024577600,   3.32000,
,,,0.000024578000,   3.32000,
,,,0.000024578400,   3.32000,
,,,0.000024578800,   3.32000,
,,,0.000024579200,   3.32000,
,,,0.000024579600,   3.32000,
,,,0.000024580000,   3.32000,
,,,0.000024580400,   3.36000,
,,,0.000024580800,   3.36000,
,,,0.000024581200,   3.32000,
,,,0.000024581600,   3.32000,
,,,0.000024582000,   3.32000,
,,,0.000024582400,   3.32000,
,,,0.000024582800,   3.32000,
,,,0.000024583200,   3.28000,
,,,0.000024583600,   3.24000,
,,,0.000024584000,   3.28000,
,,,0.000024584400,   3.32000,
,,,0.000024584800,   3.32000,
,,,0.000024585200,   3.32000,
,,,0.000024585600,   3.32000,
,,,0.000024586000,   3.32000,
,,,0.000024586400,   3.32000,
,,,0.000024586800,   3.32000,
,,,0.000024587200,   3.32000,
,,,0.000024587600,   3.28000,
,,,0.000024588000,   3.28000,
,,,0.000024588400,   3.28000,
,,,0.000024588800,   3.28000,
,,,0.000024589200,   3.28000,
,,,0.000024589600,   3.32000,
,,,0.000024590000,   3.32000,
,,,0.000024590400,   3.32000,
,,,0.000024590800,   3.32000,
,,,0.000024591200,   3.32000,
,,,0.000024591600,   3.32000,
,,,0.000024592000,   3.32000,
,,,0.000024592400,   3.28000,
,,,0.000024592800,   3.28000,
,,,0.000024593200,   3.28000,
,,,0.000024593600,   3.32000,
,,,0.000024594000,   3.32000,
,,,0.000024594400,   3.32000,
,,,0.000024594800,   3.32000,
,,,0.000024595200,   3.32000,
,,,0.000024595600,   3.32000,
,,,0.000024596000,   3.32000,
,,,0.000024596400,   3.28000,
,,,0.000024596800,   3.28000,
,,,0.000024597200,   3.28000,
,,,0.000024597600,   3.32000,
,,,0.000024598000,   3.28000,
,,,0.000024598400,   3.28000,
,,,0.000024598800,   3.32000,
,,,0.000024599200,   3.28000,
,,,0.000024599600,   3.24000,
,,,0.000024600000,   3.28000,
,,,0.000024600400,   3.36000,
,,,0.000024600800,   3.36000,
,,,0.000024601200,   3.32000,
,,,0.000024601600,   3.28000,
,,,0.000024602000,   3.32000,
,,,0.000024602400,   3.36000,
,,,0.000024602800,   3.36000,
,,,0.000024603200,   3.32000,
,,,0.000024603600,   3.28000,
,,,0.000024604000,   3.28000,
,,,0.000024604400,   3.32000,
,,,0.000024604800,   3.32000,
,,,0.000024605200,   3.32000,
,,,0.000024605600,   3.32000,
,,,0.000024606000,   3.28000,
,,,0.000024606400,   3.32000,
,,,0.000024606800,   3.36000,
,,,0.000024607200,   3.36000,
,,,0.000024607600,   3.36000,
,,,0.000024608000,   3.36000,
,,,0.000024608400,   3.32000,
,,,0.000024608800,   3.32000,
,,,0.000024609200,   3.32000,
,,,0.000024609600,   3.28000,
,,,0.000024610000,   3.24000,
,,,0.000024610400,   3.28000,
,,,0.000024610800,   3.32000,
,,,0.000024611200,   3.32000,
,,,0.000024611600,   3.32000,
,,,0.000024612000,   3.32000,
,,,0.000024612400,   3.28000,
,,,0.000024612800,   3.28000,
,,,0.000024613200,   3.28000,
,,,0.000024613600,   3.28000,
,,,0.000024614000,   3.24000,
,,,0.000024614400,   3.28000,
,,,0.000024614800,   3.32000,
,,,0.000024615200,   3.32000,
,,,0.000024615600,   3.28000,
,,,0.000024616000,   3.28000,
,,,0.000024616400,   3.32000,
,,,0.000024616800,   3.32000,
,,,0.000024617200,   3.32000,
,,,0.000024617600,   3.32000,
,,,0.000024618000,   3.28000,
,,,0.000024618400,   3.28000,
,,,0.000024618800,   3.28000,
,,,0.000024619200,   3.28000,
,,,0.000024619600,   3.28000,
,,,0.000024620000,   3.28000,
,,,0.000024620400,   3.32000,
,,,0.000024620800,   3.32000,
,,,0.000024621200,   3.28000,
,,,0.000024621600,   3.28000,
,,,0.000024622000,   3.32000,
,,,0.000024622400,   3.32000,
,,,0.000024622800,   3.36000,
,,,0.000024623200,   3.32000,
,,,0.000024623600,   3.32000,
,,,0.000024624000,   3.32000,
,,,0.000024624400,   3.32000,
,,,0.000024624800,   3.32000,
,,,0.000024625200,   3.28000,
,,,0.000024625600,   3.24000,
,,,0.000024626000,   3.28000,
,,,0.000024626400,   3.32000,
,,,0.000024626800,   3.36000,
,,,0.000024627200,   3.32000,
,,,0.000024627600,   3.32000,
,,,0.000024628000,   3.28000,
,,,0.000024628400,   3.28000,
,,,0.000024628800,   3.32000,
,,,0.000024629200,   3.28000,
,,,0.000024629600,   3.28000,
,,,0.000024630000,   3.28000,
,,,0.000024630400,   3.28000,
,,,0.000024630800,   3.28000,
,,,0.000024631200,   3.32000,
,,,0.000024631600,   3.32000,
,,,0.000024632000,   3.28000,
,,,0.000024632400,   3.28000,
,,,0.000024632800,   3.28000,
,,,0.000024633200,   3.28000,
,,,0.000024633600,   3.32000,
,,,0.000024634000,   3.32000,
,,,0.000024634400,   3.32000,
,,,0.000024634800,   3.32000,
,,,0.000024635200,   3.32000,
,,,0.000024635600,   3.32000,
,,,0.000024636000,   3.32000,
,,,0.000024636400,   3.32000,
,,,0.000024636800,   3.32000,
,,,0.000024637200,   3.32000,
,,,0.000024637600,   3.32000,
,,,0.000024638000,   3.32000,
,,,0.000024638400,   3.32000,
,,,0.000024638800,   3.32000,
,,,0.000024639200,   3.32000,
,,,0.000024639600,   3.28000,
,,,0.000024640000,   3.28000,
,,,0.000024640400,   3.32000,
,,,0.000024640800,   3.32000,
,,,0.000024641200,   3.32000,
,,,0.000024641600,   3.32000,
,,,0.000024642000,   3.28000,
,,,0.000024642400,   3.28000,
,,,0.000024642800,   3.32000,
,,,0.000024643200,   3.36000,
,,,0.000024643600,   3.32000,
,,,0.000024644000,   3.32000,
,,,0.000024644400,   3.32000,
,,,0.000024644800,   3.32000,
,,,0.000024645200,   3.32000,
,,,0.000024645600,   3.32000,
,,,0.000024646000,   3.32000,
,,,0.000024646400,   3.32000,
,,,0.000024646800,   3.32000,
,,,0.000024647200,   3.32000,
,,,0.000024647600,   3.32000,
,,,0.000024648000,   3.32000,
,,,0.000024648400,   3.28000,
,,,0.000024648800,   3.28000,
,,,0.000024649200,   3.28000,
,,,0.000024649600,   3.28000,
,,,0.000024650000,   3.24000,
,,,0.000024650400,   3.28000,
,,,0.000024650800,   3.36000,
,,,0.000024651200,   3.36000,
,,,0.000024651600,   3.32000,
,,,0.000024652000,   3.32000,
,,,0.000024652400,   3.32000,
,,,0.000024652800,   3.32000,
,,,0.000024653200,   3.32000,
,,,0.000024653600,   3.28000,
,,,0.000024654000,   3.28000,
,,,0.000024654400,   3.32000,
,,,0.000024654800,   3.32000,
,,,0.000024655200,   3.32000,
,,,0.000024655600,   3.36000,
,,,0.000024656000,   3.32000,
,,,0.000024656400,   3.28000,
,,,0.000024656800,   3.28000,
,,,0.000024657200,   3.28000,
,,,0.000024657600,   3.32000,
,,,0.000024658000,   3.32000,
,,,0.000024658400,   3.32000,
,,,0.000024658800,   3.36000,
,,,0.000024659200,   3.32000,
,,,0.000024659600,   3.32000,
,,,0.000024660000,   3.36000,
,,,0.000024660400,   3.32000,
,,,0.000024660800,   3.32000,
,,,0.000024661200,   3.32000,
,,,0.000024661600,   3.36000,
,,,0.000024662000,   3.32000,
,,,0.000024662400,   3.32000,
,,,0.000024662800,   3.36000,
,,,0.000024663200,   3.32000,
,,,0.000024663600,   3.28000,
,,,0.000024664000,   3.28000,
,,,0.000024664400,   3.32000,
,,,0.000024664800,   3.32000,
,,,0.000024665200,   3.28000,
,,,0.000024665600,   3.28000,
,,,0.000024666000,   3.28000,
,,,0.000024666400,   3.28000,
,,,0.000024666800,   3.32000,
,,,0.000024667200,   3.28000,
,,,0.000024667600,   3.24000,
,,,0.000024668000,   3.28000,
,,,0.000024668400,   3.28000,
,,,0.000024668800,   3.28000,
,,,0.000024669200,   3.28000,
,,,0.000024669600,   3.28000,
,,,0.000024670000,   3.32000,
,,,0.000024670400,   3.28000,
,,,0.000024670800,   3.28000,
,,,0.000024671200,   3.24000,
,,,0.000024671600,   3.32000,
,,,0.000024672000,   3.36000,
,,,0.000024672400,   3.36000,
,,,0.000024672800,   3.36000,
,,,0.000024673200,   3.32000,
,,,0.000024673600,   3.32000,
,,,0.000024674000,   3.36000,
,,,0.000024674400,   3.36000,
,,,0.000024674800,   3.36000,
,,,0.000024675200,   3.32000,
,,,0.000024675600,   3.32000,
,,,0.000024676000,   3.32000,
,,,0.000024676400,   3.32000,
,,,0.000024676800,   3.36000,
,,,0.000024677200,   3.32000,
,,,0.000024677600,   3.32000,
,,,0.000024678000,   3.36000,
,,,0.000024678400,   3.32000,
,,,0.000024678800,   3.28000,
,,,0.000024679200,   3.28000,
,,,0.000024679600,   3.28000,
,,,0.000024680000,   3.28000,
,,,0.000024680400,   3.32000,
,,,0.000024680800,   3.32000,
,,,0.000024681200,   3.24000,
,,,0.000024681600,   3.20000,
,,,0.000024682000,   3.24000,
,,,0.000024682400,   3.28000,
,,,0.000024682800,   3.32000,
,,,0.000024683200,   3.32000,
,,,0.000024683600,   3.36000,
,,,0.000024684000,   3.36000,
,,,0.000024684400,   3.36000,
,,,0.000024684800,   3.36000,
,,,0.000024685200,   3.36000,
,,,0.000024685600,   3.32000,
,,,0.000024686000,   3.32000,
,,,0.000024686400,   3.28000,
,,,0.000024686800,   3.28000,
,,,0.000024687200,   3.28000,
,,,0.000024687600,   3.32000,
,,,0.000024688000,   3.32000,
,,,0.000024688400,   3.36000,
,,,0.000024688800,   3.36000,
,,,0.000024689200,   3.32000,
,,,0.000024689600,   3.28000,
,,,0.000024690000,   3.32000,
,,,0.000024690400,   3.36000,
,,,0.000024690800,   3.36000,
,,,0.000024691200,   3.32000,
,,,0.000024691600,   3.32000,
,,,0.000024692000,   3.32000,
,,,0.000024692400,   3.32000,
,,,0.000024692800,   3.32000,
,,,0.000024693200,   3.32000,
,,,0.000024693600,   3.32000,
,,,0.000024694000,   3.32000,
,,,0.000024694400,   3.32000,
,,,0.000024694800,   3.32000,
,,,0.000024695200,   3.32000,
,,,0.000024695600,   3.36000,
,,,0.000024696000,   3.32000,
,,,0.000024696400,   3.32000,
,,,0.000024696800,   3.32000,
,,,0.000024697200,   3.32000,
,,,0.000024697600,   3.32000,
,,,0.000024698000,   3.32000,
,,,0.000024698400,   3.36000,
,,,0.000024698800,   3.36000,
,,,0.000024699200,   3.32000,
,,,0.000024699600,   3.32000,
,,,0.000024700000,   3.32000,
,,,0.000024700400,   3.32000,
,,,0.000024700800,   3.36000,
,,,0.000024701200,   3.36000,
,,,0.000024701600,   3.28000,
,,,0.000024702000,   3.24000,
,,,0.000024702400,   3.28000,
,,,0.000024702800,   3.36000,
,,,0.000024703200,   3.32000,
,,,0.000024703600,   3.28000,
,,,0.000024704000,   3.32000,
,,,0.000024704400,   3.36000,
,,,0.000024704800,   3.36000,
,,,0.000024705200,   3.36000,
,,,0.000024705600,   3.36000,
,,,0.000024706000,   3.36000,
,,,0.000024706400,   3.36000,
,,,0.000024706800,   3.36000,
,,,0.000024707200,   3.32000,
,,,0.000024707600,   3.32000,
,,,0.000024708000,   3.32000,
,,,0.000024708400,   3.32000,
,,,0.000024708800,   3.32000,
,,,0.000024709200,   3.32000,
,,,0.000024709600,   3.28000,
,,,0.000024710000,   3.28000,
,,,0.000024710400,   3.28000,
,,,0.000024710800,   3.28000,
,,,0.000024711200,   3.28000,
,,,0.000024711600,   3.24000,
,,,0.000024712000,   3.28000,
,,,0.000024712400,   3.36000,
,,,0.000024712800,   3.32000,
,,,0.000024713200,   3.28000,
,,,0.000024713600,   3.24000,
,,,0.000024714000,   3.28000,
,,,0.000024714400,   3.32000,
,,,0.000024714800,   3.32000,
,,,0.000024715200,   3.28000,
,,,0.000024715600,   3.24000,
,,,0.000024716000,   3.28000,
,,,0.000024716400,   3.28000,
,,,0.000024716800,   3.28000,
,,,0.000024717200,   3.28000,
,,,0.000024717600,   3.32000,
,,,0.000024718000,   3.32000,
,,,0.000024718400,   3.28000,
,,,0.000024718800,   3.28000,
,,,0.000024719200,   3.24000,
,,,0.000024719600,   3.32000,
,,,0.000024720000,   3.36000,
,,,0.000024720400,   3.32000,
,,,0.000024720800,   3.32000,
,,,0.000024721200,   3.32000,
,,,0.000024721600,   3.32000,
,,,0.000024722000,   3.32000,
,,,0.000024722400,   3.28000,
,,,0.000024722800,   3.28000,
,,,0.000024723200,   3.28000,
,,,0.000024723600,   3.32000,
,,,0.000024724000,   3.32000,
,,,0.000024724400,   3.32000,
,,,0.000024724800,   3.32000,
,,,0.000024725200,   3.32000,
,,,0.000024725600,   3.32000,
,,,0.000024726000,   3.32000,
,,,0.000024726400,   3.32000,
,,,0.000024726800,   3.36000,
,,,0.000024727200,   3.32000,
,,,0.000024727600,   3.28000,
,,,0.000024728000,   3.32000,
,,,0.000024728400,   3.36000,
,,,0.000024728800,   3.36000,
,,,0.000024729200,   3.32000,
,,,0.000024729600,   3.28000,
,,,0.000024730000,   3.28000,
,,,0.000024730400,   3.28000,
,,,0.000024730800,   3.28000,
,,,0.000024731200,   3.28000,
,,,0.000024731600,   3.32000,
,,,0.000024732000,   3.28000,
,,,0.000024732400,   3.28000,
,,,0.000024732800,   3.32000,
,,,0.000024733200,   3.32000,
,,,0.000024733600,   3.32000,
,,,0.000024734000,   3.32000,
,,,0.000024734400,   3.36000,
,,,0.000024734800,   3.32000,
,,,0.000024735200,   3.28000,
,,,0.000024735600,   3.28000,
,,,0.000024736000,   3.32000,
,,,0.000024736400,   3.32000,
,,,0.000024736800,   3.32000,
,,,0.000024737200,   3.32000,
,,,0.000024737600,   3.32000,
,,,0.000024738000,   3.32000,
,,,0.000024738400,   3.32000,
,,,0.000024738800,   3.32000,
,,,0.000024739200,   3.32000,
,,,0.000024739600,   3.32000,
,,,0.000024740000,   3.32000,
,,,0.000024740400,   3.32000,
,,,0.000024740800,   3.32000,
,,,0.000024741200,   3.32000,
,,,0.000024741600,   3.32000,
,,,0.000024742000,   3.32000,
,,,0.000024742400,   3.28000,
,,,0.000024742800,   3.28000,
,,,0.000024743200,   3.28000,
,,,0.000024743600,   3.28000,
,,,0.000024744000,   3.28000,
,,,0.000024744400,   3.28000,
,,,0.000024744800,   3.32000,
,,,0.000024745200,   3.32000,
,,,0.000024745600,   3.32000,
,,,0.000024746000,   3.28000,
,,,0.000024746400,   3.28000,
,,,0.000024746800,   3.28000,
,,,0.000024747200,   3.28000,
,,,0.000024747600,   3.32000,
,,,0.000024748000,   3.32000,
,,,0.000024748400,   3.32000,
,,,0.000024748800,   3.36000,
,,,0.000024749200,   3.36000,
,,,0.000024749600,   3.32000,
,,,0.000024750000,   3.28000,
,,,0.000024750400,   3.28000,
,,,0.000024750800,   3.32000,
,,,0.000024751200,   3.36000,
,,,0.000024751600,   3.28000,
,,,0.000024752000,   3.28000,
,,,0.000024752400,   3.32000,
,,,0.000024752800,   3.32000,
,,,0.000024753200,   3.32000,
,,,0.000024753600,   3.32000,
,,,0.000024754000,   3.28000,
,,,0.000024754400,   3.28000,
,,,0.000024754800,   3.28000,
,,,0.000024755200,   3.28000,
,,,0.000024755600,   3.32000,
,,,0.000024756000,   3.32000,
,,,0.000024756400,   3.36000,
,,,0.000024756800,   3.36000,
,,,0.000024757200,   3.32000,
,,,0.000024757600,   3.28000,
,,,0.000024758000,   3.28000,
,,,0.000024758400,   3.36000,
,,,0.000024758800,   3.36000,
,,,0.000024759200,   3.36000,
,,,0.000024759600,   3.36000,
,,,0.000024760000,   3.32000,
,,,0.000024760400,   3.32000,
,,,0.000024760800,   3.32000,
,,,0.000024761200,   3.32000,
,,,0.000024761600,   3.36000,
,,,0.000024762000,   3.32000,
,,,0.000024762400,   3.24000,
,,,0.000024762800,   3.28000,
,,,0.000024763200,   3.32000,
,,,0.000024763600,   3.32000,
,,,0.000024764000,   3.28000,
,,,0.000024764400,   3.28000,
,,,0.000024764800,   3.32000,
,,,0.000024765200,   3.32000,
,,,0.000024765600,   3.28000,
,,,0.000024766000,   3.28000,
,,,0.000024766400,   3.28000,
,,,0.000024766800,   3.28000,
,,,0.000024767200,   3.28000,
,,,0.000024767600,   3.28000,
,,,0.000024768000,   3.32000,
,,,0.000024768400,   3.32000,
,,,0.000024768800,   3.32000,
,,,0.000024769200,   3.32000,
,,,0.000024769600,   3.36000,
,,,0.000024770000,   3.32000,
,,,0.000024770400,   3.28000,
,,,0.000024770800,   3.32000,
,,,0.000024771200,   3.36000,
,,,0.000024771600,   3.32000,
,,,0.000024772000,   3.32000,
,,,0.000024772400,   3.32000,
,,,0.000024772800,   3.32000,
,,,0.000024773200,   3.32000,
,,,0.000024773600,   3.32000,
,,,0.000024774000,   3.32000,
,,,0.000024774400,   3.32000,
,,,0.000024774800,   3.32000,
,,,0.000024775200,   3.32000,
,,,0.000024775600,   3.32000,
,,,0.000024776000,   3.32000,
,,,0.000024776400,   3.28000,
,,,0.000024776800,   3.28000,
,,,0.000024777200,   3.28000,
,,,0.000024777600,   3.28000,
,,,0.000024778000,   3.28000,
,,,0.000024778400,   3.28000,
,,,0.000024778800,   3.28000,
,,,0.000024779200,   3.28000,
,,,0.000024779600,   3.32000,
,,,0.000024780000,   3.32000,
,,,0.000024780400,   3.32000,
,,,0.000024780800,   3.32000,
,,,0.000024781200,   3.28000,
,,,0.000024781600,   3.28000,
,,,0.000024782000,   3.32000,
,,,0.000024782400,   3.32000,
,,,0.000024782800,   3.32000,
,,,0.000024783200,   3.32000,
,,,0.000024783600,   3.32000,
,,,0.000024784000,   3.32000,
,,,0.000024784400,   3.28000,
,,,0.000024784800,   3.28000,
,,,0.000024785200,   3.28000,
,,,0.000024785600,   3.28000,
,,,0.000024786000,   3.32000,
,,,0.000024786400,   3.28000,
,,,0.000024786800,   3.28000,
,,,0.000024787200,   3.28000,
,,,0.000024787600,   3.32000,
,,,0.000024788000,   3.32000,
,,,0.000024788400,   3.32000,
,,,0.000024788800,   3.32000,
,,,0.000024789200,   3.32000,
,,,0.000024789600,   3.32000,
,,,0.000024790000,   3.28000,
,,,0.000024790400,   3.28000,
,,,0.000024790800,   3.32000,
,,,0.000024791200,   3.36000,
,,,0.000024791600,   3.32000,
,,,0.000024792000,   3.32000,
,,,0.000024792400,   3.32000,
,,,0.000024792800,   3.32000,
,,,0.000024793200,   3.32000,
,,,0.000024793600,   3.32000,
,,,0.000024794000,   3.32000,
,,,0.000024794400,   3.32000,
,,,0.000024794800,   3.32000,
,,,0.000024795200,   3.32000,
,,,0.000024795600,   3.32000,
,,,0.000024796000,   3.28000,
,,,0.000024796400,   3.28000,
,,,0.000024796800,   3.28000,
,,,0.000024797200,   3.24000,
,,,0.000024797600,   3.20000,
,,,0.000024798000,   3.08000,
,,,0.000024798400,   2.96000,
,,,0.000024798800,   2.80000,
,,,0.000024799200,   2.64000,
,,,0.000024799600,   2.36000,
,,,0.000024800000,   2.08000,
,,,0.000024800400,   1.80000,
,,,0.000024800800,   1.52000,
,,,0.000024801200,   1.20000,
,,,0.000024801600,   0.92000,
,,,0.000024802000,   0.68000,
,,,0.000024802400,   0.44000,
,,,0.000024802800,   0.24000,
,,,0.000024803200,   0.08000,
,,,0.000024803600,  -0.04000,
,,,0.000024804000,  -0.12000,
,,,0.000024804400,  -0.20000,
,,,0.000024804800,  -0.20000,
,,,0.000024805200,  -0.20000,
,,,0.000024805600,  -0.24000,
,,,0.000024806000,  -0.20000,
,,,0.000024806400,  -0.12000,
,,,0.000024806800,  -0.08000,
,,,0.000024807200,  -0.08000,
,,,0.000024807600,  -0.04000,
,,,0.000024808000,   0.00000,
,,,0.000024808400,   0.00000,
,,,0.000024808800,   0.00000,
,,,0.000024809200,   0.00000,
,,,0.000024809600,   0.00000,
,,,0.000024810000,   0.00000,
,,,0.000024810400,   0.00000,
,,,0.000024810800,   0.00000,
,,,0.000024811200,   0.00000,
,,,0.000024811600,   0.00000,
,,,0.000024812000,   0.00000,
,,,0.000024812400,   0.00000,
,,,0.000024812800,   0.00000,
,,,0.000024813200,   0.00000,
,,,0.000024813600,   0.04000,
,,,0.000024814000,   0.04000,
,,,0.000024814400,   0.04000,
,,,0.000024814800,   0.04000,
,,,0.000024815200,   0.00000,
,,,0.000024815600,   0.00000,
,,,0.000024816000,   0.00000,
,,,0.000024816400,  -0.04000,
,,,0.000024816800,  -0.04000,
,,,0.000024817200,  -0.04000,
,,,0.000024817600,  -0.04000,
,,,0.000024818000,  -0.04000,
,,,0.000024818400,  -0.04000,
,,,0.000024818800,  -0.04000,
,,,0.000024819200,  -0.08000,
,,,0.000024819600,  -0.08000,
,,,0.000024820000,  -0.04000,
,,,0.000024820400,  -0.04000,
,,,0.000024820800,  -0.04000,
,,,0.000024821200,  -0.08000,
,,,0.000024821600,  -0.08000,
,,,0.000024822000,  -0.08000,
,,,0.000024822400,  -0.08000,
,,,0.000024822800,  -0.04000,
,,,0.000024823200,  -0.08000,
,,,0.000024823600,  -0.08000,
,,,0.000024824000,  -0.04000,
,,,0.000024824400,   0.00000,
,,,0.000024824800,   0.00000,
,,,0.000024825200,  -0.04000,
,,,0.000024825600,  -0.04000,
,,,0.000024826000,   0.00000,
,,,0.000024826400,   0.00000,
,,,0.000024826800,   0.04000,
,,,0.000024827200,   0.00000,
,,,0.000024827600,  -0.04000,
,,,0.000024828000,   0.00000,
,,,0.000024828400,   0.04000,
,,,0.000024828800,   0.00000,
,,,0.000024829200,  -0.04000,
,,,0.000024829600,  -0.08000,
,,,0.000024830000,  -0.04000,
,,,0.000024830400,   0.00000,
,,,0.000024830800,   0.00000,
,,,0.000024831200,  -0.04000,
,,,0.000024831600,  -0.08000,
,,,0.000024832000,  -0.08000,
,,,0.000024832400,  -0.04000,
,,,0.000024832800,  -0.04000,
,,,0.000024833200,  -0.04000,
,,,0.000024833600,  -0.04000,
,,,0.000024834000,  -0.04000,
,,,0.000024834400,  -0.04000,
,,,0.000024834800,  -0.04000,
,,,0.000024835200,  -0.04000,
,,,0.000024835600,  -0.04000,
,,,0.000024836000,  -0.04000,
,,,0.000024836400,  -0.04000,
,,,0.000024836800,  -0.04000,
,,,0.000024837200,  -0.04000,
,,,0.000024837600,  -0.04000,
,,,0.000024838000,  -0.04000,
,,,0.000024838400,  -0.04000,
,,,0.000024838800,  -0.04000,
,,,0.000024839200,  -0.04000,
,,,0.000024839600,  -0.04000,
,,,0.000024840000,  -0.04000,
,,,0.000024840400,  -0.04000,
,,,0.000024840800,   0.00000,
,,,0.000024841200,   0.00000,
,,,0.000024841600,   0.00000,
,,,0.000024842000,  -0.04000,
,,,0.000024842400,  -0.04000,
,,,0.000024842800,  -0.04000,
,,,0.000024843200,  -0.04000,
,,,0.000024843600,   0.00000,
,,,0.000024844000,  -0.04000,
,,,0.000024844400,  -0.04000,
,,,0.000024844800,  -0.04000,
,,,0.000024845200,  -0.04000,
,,,0.000024845600,  -0.04000,
,,,0.000024846000,  -0.04000,
,,,0.000024846400,   0.00000,
,,,0.000024846800,   0.00000,
,,,0.000024847200,  -0.04000,
,,,0.000024847600,  -0.08000,
,,,0.000024848000,  -0.08000,
,,,0.000024848400,  -0.04000,
,,,0.000024848800,   0.00000,
,,,0.000024849200,  -0.04000,
,,,0.000024849600,  -0.04000,
,,,0.000024850000,  -0.04000,
,,,0.000024850400,  -0.04000,
,,,0.000024850800,   0.00000,
,,,0.000024851200,   0.00000,
,,,0.000024851600,  -0.04000,
,,,0.000024852000,  -0.04000,
,,,0.000024852400,   0.00000,
,,,0.000024852800,   0.04000,
,,,0.000024853200,   0.04000,
,,,0.000024853600,   0.00000,
,,,0.000024854000,  -0.04000,
,,,0.000024854400,  -0.04000,
,,,0.000024854800,   0.00000,
,,,0.000024855200,   0.00000,
,,,0.000024855600,  -0.04000,
,,,0.000024856000,  -0.04000,
,,,0.000024856400,  -0.04000,
,,,0.000024856800,  -0.04000,
,,,0.000024857200,  -0.04000,
,,,0.000024857600,  -0.04000,
,,,0.000024858000,  -0.04000,
,,,0.000024858400,  -0.04000,
,,,0.000024858800,   0.00000,
,,,0.000024859200,   0.00000,
,,,0.000024859600,  -0.04000,
,,,0.000024860000,  -0.08000,
,,,0.000024860400,  -0.04000,
,,,0.000024860800,   0.00000,
,,,0.000024861200,   0.00000,
,,,0.000024861600,  -0.04000,
,,,0.000024862000,  -0.04000,
,,,0.000024862400,  -0.04000,
,,,0.000024862800,  -0.04000,
,,,0.000024863200,  -0.04000,
,,,0.000024863600,  -0.04000,
,,,0.000024864000,  -0.04000,
,,,0.000024864400,  -0.04000,
,,,0.000024864800,   0.00000,
,,,0.000024865200,  -0.04000,
,,,0.000024865600,  -0.08000,
,,,0.000024866000,  -0.04000,
,,,0.000024866400,   0.04000,
,,,0.000024866800,   0.00000,
,,,0.000024867200,   0.00000,
,,,0.000024867600,  -0.04000,
,,,0.000024868000,  -0.04000,
,,,0.000024868400,  -0.04000,
,,,0.000024868800,  -0.04000,
,,,0.000024869200,  -0.04000,
,,,0.000024869600,   0.00000,
,,,0.000024870000,   0.00000,
,,,0.000024870400,   0.00000,
,,,0.000024870800,   0.00000,
,,,0.000024871200,  -0.04000,
,,,0.000024871600,  -0.04000,
,,,0.000024872000,  -0.04000,
,,,0.000024872400,  -0.04000,
,,,0.000024872800,   0.00000,
,,,0.000024873200,  -0.04000,
,,,0.000024873600,  -0.08000,
,,,0.000024874000,  -0.04000,
,,,0.000024874400,  -0.04000,
,,,0.000024874800,  -0.04000,
,,,0.000024875200,  -0.04000,
,,,0.000024875600,  -0.08000,
,,,0.000024876000,  -0.08000,
,,,0.000024876400,  -0.04000,
,,,0.000024876800,  -0.04000,
,,,0.000024877200,  -0.04000,
,,,0.000024877600,   0.00000,
,,,0.000024878000,  -0.04000,
,,,0.000024878400,  -0.04000,
,,,0.000024878800,  -0.04000,
,,,0.000024879200,  -0.04000,
,,,0.000024879600,   0.00000,
,,,0.000024880000,   0.00000,
,,,0.000024880400,  -0.04000,
,,,0.000024880800,  -0.04000,
,,,0.000024881200,  -0.04000,
,,,0.000024881600,  -0.04000,
,,,0.000024882000,   0.00000,
,,,0.000024882400,   0.00000,
,,,0.000024882800,   0.00000,
,,,0.000024883200,  -0.04000,
,,,0.000024883600,  -0.08000,
,,,0.000024884000,  -0.04000,
,,,0.000024884400,  -0.04000,
,,,0.000024884800,  -0.04000,
,,,0.000024885200,  -0.04000,
,,,0.000024885600,   0.00000,
,,,0.000024886000,   0.00000,
,,,0.000024886400,   0.00000,
,,,0.000024886800,   0.00000,
,,,0.000024887200,   0.00000,
,,,0.000024887600,   0.00000,
,,,0.000024888000,   0.00000,
,,,0.000024888400,   0.00000,
,,,0.000024888800,   0.00000,
,,,0.000024889200,  -0.04000,
,,,0.000024889600,  -0.04000,
,,,0.000024890000,   0.00000,
,,,0.000024890400,   0.00000,
,,,0.000024890800,   0.00000,
,,,0.000024891200,   0.00000,
,,,0.000024891600,   0.04000,
,,,0.000024892000,   0.00000,
,,,0.000024892400,  -0.04000,
,,,0.000024892800,   0.00000,
,,,0.000024893200,   0.00000,
,,,0.000024893600,  -0.04000,
,,,0.000024894000,  -0.08000,
,,,0.000024894400,  -0.08000,
,,,0.000024894800,  -0.04000,
,,,0.000024895200,  -0.04000,
,,,0.000024895600,   0.00000,
,,,0.000024896000,   0.00000,
,,,0.000024896400,   0.00000,
,,,0.000024896800,   0.00000,
,,,0.000024897200,  -0.04000,
,,,0.000024897600,  -0.04000,
,,,0.000024898000,   0.00000,
,,,0.000024898400,  -0.04000,
,,,0.000024898800,  -0.04000,
,,,0.000024899200,  -0.04000,
,,,0.000024899600,  -0.04000,
,,,0.000024900000,  -0.04000,
,,,0.000024900400,   0.00000,
,,,0.000024900800,   0.04000,
,,,0.000024901200,  -0.04000,
,,,0.000024901600,  -0.08000,
,,,0.000024902000,  -0.04000,
,,,0.000024902400,   0.00000,
,,,0.000024902800,   0.00000,
,,,0.000024903200,  -0.04000,
,,,0.000024903600,  -0.08000,
,,,0.000024904000,  -0.08000,
,,,0.000024904400,   0.00000,
,,,0.000024904800,   0.00000,
,,,0.000024905200,  -0.04000,
,,,0.000024905600,  -0.04000,
,,,0.000024906000,  -0.04000,
,,,0.000024906400,  -0.04000,
,,,0.000024906800,   0.00000,
,,,0.000024907200,   0.00000,
,,,0.000024907600,   0.00000,
,,,0.000024908000,   0.00000,
,,,0.000024908400,   0.00000,
,,,0.000024908800,   0.00000,
,,,0.000024909200,   0.00000,
,,,0.000024909600,   0.00000,
,,,0.000024910000,  -0.04000,
,,,0.000024910400,  -0.04000,
,,,0.000024910800,   0.00000,
,,,0.000024911200,  -0.04000,
,,,0.000024911600,  -0.04000,
,,,0.000024912000,  -0.04000,
,,,0.000024912400,  -0.04000,
,,,0.000024912800,   0.00000,
,,,0.000024913200,   0.00000,
,,,0.000024913600,  -0.04000,
,,,0.000024914000,  -0.08000,
,,,0.000024914400,  -0.04000,
,,,0.000024914800,   0.00000,
,,,0.000024915200,  -0.04000,
,,,0.000024915600,  -0.08000,
,,,0.000024916000,  -0.04000,
,,,0.000024916400,  -0.04000,
,,,0.000024916800,  -0.04000,
,,,0.000024917200,  -0.04000,
,,,0.000024917600,  -0.04000,
,,,0.000024918000,  -0.04000,
,,,0.000024918400,  -0.04000,
,,,0.000024918800,  -0.04000,
,,,0.000024919200,  -0.04000,
,,,0.000024919600,   0.00000,
,,,0.000024920000,   0.00000,
,,,0.000024920400,   0.00000,
,,,0.000024920800,   0.00000,
,,,0.000024921200,   0.00000,
,,,0.000024921600,   0.04000,
,,,0.000024922000,   0.00000,
,,,0.000024922400,  -0.04000,
,,,0.000024922800,   0.00000,
,,,0.000024923200,   0.00000,
,,,0.000024923600,  -0.04000,
,,,0.000024924000,  -0.08000,
,,,0.000024924400,  -0.04000,
,,,0.000024924800,   0.00000,
,,,0.000024925200,   0.00000,
,,,0.000024925600,   0.00000,
,,,0.000024926000,  -0.04000,
,,,0.000024926400,  -0.04000,
,,,0.000024926800,   0.00000,
,,,0.000024927200,   0.04000,
,,,0.000024927600,   0.00000,
,,,0.000024928000,   0.00000,
,,,0.000024928400,  -0.04000,
,,,0.000024928800,  -0.04000,
,,,0.000024929200,  -0.04000,
,,,0.000024929600,  -0.04000,
,,,0.000024930000,  -0.08000,
,,,0.000024930400,  -0.08000,
,,,0.000024930800,  -0.04000,
,,,0.000024931200,  -0.04000,
,,,0.000024931600,  -0.04000,
,,,0.000024932000,  -0.04000,
,,,0.000024932400,  -0.04000,
,,,0.000024932800,   0.00000,
,,,0.000024933200,   0.00000,
,,,0.000024933600,   0.00000,
,,,0.000024934000,  -0.04000,
,,,0.000024934400,  -0.04000,
,,,0.000024934800,   0.00000,
,,,0.000024935200,   0.00000,
,,,0.000024935600,   0.00000,
,,,0.000024936000,  -0.04000,
,,,0.000024936400,  -0.04000,
,,,0.000024936800,   0.00000,
,,,0.000024937200,   0.00000,
,,,0.000024937600,   0.00000,
,,,0.000024938000,  -0.04000,
,,,0.000024938400,  -0.04000,
,,,0.000024938800,  -0.04000,
,,,0.000024939200,  -0.04000,
,,,0.000024939600,  -0.04000,
,,,0.000024940000,  -0.08000,
,,,0.000024940400,  -0.08000,
,,,0.000024940800,  -0.04000,
,,,0.000024941200,   0.00000,
,,,0.000024941600,  -0.04000,
,,,0.000024942000,  -0.04000,
,,,0.000024942400,   0.00000,
,,,0.000024942800,   0.00000,
,,,0.000024943200,  -0.04000,
,,,0.000024943600,  -0.08000,
,,,0.000024944000,  -0.04000,
,,,0.000024944400,   0.00000,
,,,0.000024944800,   0.00000,
,,,0.000024945200,   0.00000,
,,,0.000024945600,   0.00000,
,,,0.000024946000,   0.00000,
,,,0.000024946400,  -0.04000,
,,,0.000024946800,  -0.04000,
,,,0.000024947200,  -0.04000,
,,,0.000024947600,  -0.04000,
,,,0.000024948000,  -0.08000,
,,,0.000024948400,  -0.08000,
,,,0.000024948800,  -0.04000,
,,,0.000024949200,  -0.04000,
,,,0.000024949600,   0.00000,
,,,0.000024950000,   0.00000,
,,,0.000024950400,   0.00000,
,,,0.000024950800,   0.00000,
,,,0.000024951200,   0.00000,
,,,0.000024951600,  -0.04000,
,,,0.000024952000,  -0.08000,
,,,0.000024952400,  -0.04000,
,,,0.000024952800,   0.00000,
,,,0.000024953200,  -0.04000,
,,,0.000024953600,  -0.04000,
,,,0.000024954000,  -0.04000,
,,,0.000024954400,  -0.04000,
,,,0.000024954800,   0.00000,
,,,0.000024955200,   0.00000,
,,,0.000024955600,  -0.04000,
,,,0.000024956000,  -0.04000,
,,,0.000024956400,  -0.04000,
,,,0.000024956800,  -0.04000,
,,,0.000024957200,  -0.04000,
,,,0.000024957600,  -0.04000,
,,,0.000024958000,  -0.04000,
,,,0.000024958400,   0.00000,
,,,0.000024958800,   0.00000,
,,,0.000024959200,   0.00000,
,,,0.000024959600,   0.00000,
,,,0.000024960000,  -0.04000,
,,,0.000024960400,  -0.04000,
,,,0.000024960800,  -0.04000,
,,,0.000024961200,  -0.04000,
,,,0.000024961600,  -0.04000,
,,,0.000024962000,  -0.04000,
,,,0.000024962400,  -0.04000,
,,,0.000024962800,  -0.04000,
,,,0.000024963200,  -0.04000,
,,,0.000024963600,  -0.04000,
,,,0.000024964000,   0.00000,
,,,0.000024964400,   0.00000,
,,,0.000024964800,   0.00000,
,,,0.000024965200,  -0.04000,
,,,0.000024965600,  -0.04000,
,,,0.000024966000,  -0.04000,
,,,0.000024966400,  -0.04000,
,,,0.000024966800,  -0.04000,
,,,0.000024967200,  -0.04000,
,,,0.000024967600,   0.00000,
,,,0.000024968000,   0.00000,
,,,0.000024968400,  -0.04000,
,,,0.000024968800,   0.00000,
,,,0.000024969200,   0.00000,
,,,0.000024969600,   0.00000,
,,,0.000024970000,   0.00000,
,,,0.000024970400,   0.00000,
,,,0.000024970800,   0.04000,
,,,0.000024971200,   0.00000,
,,,0.000024971600,   0.00000,
,,,0.000024972000,  -0.04000,
,,,0.000024972400,  -0.04000,
,,,0.000024972800,  -0.04000,
,,,0.000024973200,  -0.04000,
,,,0.000024973600,  -0.04000,
,,,0.000024974000,   0.00000,
,,,0.000024974400,  -0.04000,
,,,0.000024974800,  -0.04000,
,,,0.000024975200,  -0.04000,
,,,0.000024975600,  -0.04000,
,,,0.000024976000,  -0.04000,
,,,0.000024976400,  -0.04000,
,,,0.000024976800,  -0.04000,
,,,0.000024977200,  -0.04000,
,,,0.000024977600,   0.00000,
,,,0.000024978000,  -0.04000,
,,,0.000024978400,  -0.04000,
,,,0.000024978800,  -0.04000,
,,,0.000024979200,  -0.04000,
,,,0.000024979600,  -0.04000,
,,,0.000024980000,  -0.04000,
,,,0.000024980400,   0.00000,
,,,0.000024980800,   0.00000,
,,,0.000024981200,   0.00000,
,,,0.000024981600,   0.00000,
,,,0.000024982000,   0.00000,
,,,0.000024982400,   0.00000,
,,,0.000024982800,   0.00000,
,,,0.000024983200,   0.00000,
,,,0.000024983600,   0.00000,
,,,0.000024984000,  -0.04000,
,,,0.000024984400,  -0.04000,
,,,0.000024984800,  -0.04000,
,,,0.000024985200,  -0.04000,
,,,0.000024985600,  -0.04000,
,,,0.000024986000,   0.00000,
,,,0.000024986400,  -0.04000,
,,,0.000024986800,  -0.04000,
,,,0.000024987200,   0.00000,
,,,0.000024987600,   0.00000,
,,,0.000024988000,   0.00000,
,,,0.000024988400,   0.00000,
,,,0.000024988800,   0.00000,
,,,0.000024989200,   0.00000,
,,,0.000024989600,   0.00000,
,,,0.000024990000,  -0.04000,
,,,0.000024990400,  -0.04000,
,,,0.000024990800,   0.00000,
,,,0.000024991200,   0.04000,
,,,0.000024991600,   0.00000,
,,,0.000024992000,   0.00000,
,,,0.000024992400,   0.04000,
,,,0.000024992800,   0.04000,
,,,0.000024993200,  -0.04000,
,,,0.000024993600,  -0.04000,
,,,0.000024994000,   0.00000,
,,,0.000024994400,   0.00000,
,,,0.000024994800,  -0.04000,
,,,0.000024995200,  -0.04000,
,,,0.000024995600,  -0.04000,
,,,0.000024996000,  -0.04000,
,,,0.000024996400,  -0.04000,
,,,0.000024996800,   0.00000,
,,,0.000024997200,  -0.04000,
,,,0.000024997600,  -0.08000,
,,,0.000024998000,  -0.04000,
,,,0.000024998400,   0.00000,
,,,0.000024998800,   0.00000,
,,,0.000024999200,   0.00000,
,,,0.000024999600,   0.00000,
,,,0.000025000000,   0.00000,
,,,0.000025000400,   0.00000,
,,,0.000025000800,   0.00000,
,,,0.000025001200,  -0.04000,
,,,0.000025001600,  -0.04000,
,,,0.000025002000,  -0.04000,
,,,0.000025002400,  -0.08000,
,,,0.000025002800,  -0.12000,
,,,0.000025003200,  -0.16000,
,,,0.000025003600,  -0.08000,
,,,0.000025004000,  -0.04000,
,,,0.000025004400,  -0.04000,
,,,0.000025004800,  -0.04000,
,,,0.000025005200,  -0.04000,
,,,0.000025005600,  -0.04000,
,,,0.000025006000,   0.00000,
,,,0.000025006400,   0.00000,
,,,0.000025006800,   0.04000,
,,,0.000025007200,   0.04000,
,,,0.000025007600,   0.04000,
,,,0.000025008000,   0.04000,
,,,0.000025008400,   0.08000,
,,,0.000025008800,   0.08000,
,,,0.000025009200,   0.04000,
,,,0.000025009600,   0.04000,
,,,0.000025010000,   0.08000,
,,,0.000025010400,   0.04000,
,,,0.000025010800,   0.00000,
,,,0.000025011200,  -0.04000,
,,,0.000025011600,  -0.04000,
,,,0.000025012000,  -0.04000,
,,,0.000025012400,  -0.04000,
,,,0.000025012800,  -0.04000,
,,,0.000025013200,  -0.08000,
,,,0.000025013600,  -0.08000,
,,,0.000025014000,  -0.12000,
,,,0.000025014400,  -0.16000,
,,,0.000025014800,  -0.12000,
,,,0.000025015200,  -0.08000,
,,,0.000025015600,  -0.04000,
,,,0.000025016000,  -0.04000,
,,,0.000025016400,  -0.04000,
,,,0.000025016800,   0.00000,
,,,0.000025017200,   0.00000,
,,,0.000025017600,   0.04000,
,,,0.000025018000,   0.04000,
,,,0.000025018400,   0.08000,
,,,0.000025018800,   0.04000,
,,,0.000025019200,   0.00000,
,,,0.000025019600,  -0.04000,
,,,0.000025020000,   0.00000,
,,,0.000025020400,   0.00000,
,,,0.000025020800,   0.00000,
,,,0.000025021200,   0.00000,
,,,0.000025021600,   0.00000,
,,,0.000025022000,  -0.04000,
,,,0.000025022400,  -0.04000,
,,,0.000025022800,   0.00000,
,,,0.000025023200,   0.00000,
,,,0.000025023600,   0.00000,
,,,0.000025024000,   0.00000,
,,,0.000025024400,   0.00000,
,,,0.000025024800,   0.00000,
,,,0.000025025200,  -0.04000,
,,,0.000025025600,  -0.04000,
,,,0.000025026000,   0.00000,
,,,0.000025026400,  -0.04000,
,,,0.000025026800,  -0.04000,
,,,0.000025027200,  -0.04000,
,,,0.000025027600,  -0.04000,
,,,0.000025028000,  -0.04000,
,,,0.000025028400,   0.00000,
,,,0.000025028800,   0.00000,
,,,0.000025029200,  -0.04000,
,,,0.000025029600,  -0.04000,
,,,0.000025030000,  -0.04000,
,,,0.000025030400,  -0.04000,
,,,0.000025030800,   0.00000,
,,,0.000025031200,   0.00000,
,,,0.000025031600,   0.00000,
,,,0.000025032000,   0.00000,
,,,0.000025032400,   0.00000,
,,,0.000025032800,   0.04000,
,,,0.000025033200,   0.00000,
,,,0.000025033600,   0.00000,
,,,0.000025034000,   0.04000,
,,,0.000025034400,   0.00000,
,,,0.000025034800,   0.00000,
,,,0.000025035200,   0.00000,
,,,0.000025035600,   0.00000,
,,,0.000025036000,  -0.04000,
,,,0.000025036400,  -0.04000,
,,,0.000025036800,   0.00000,
,,,0.000025037200,  -0.04000,
,,,0.000025037600,  -0.04000,
,,,0.000025038000,  -0.04000,
,,,0.000025038400,  -0.04000,
,,,0.000025038800,   0.00000,
,,,0.000025039200,  -0.04000,
,,,0.000025039600,  -0.04000,
,,,0.000025040000,   0.00000,
,,,0.000025040400,   0.04000,
,,,0.000025040800,   0.00000,
,,,0.000025041200,  -0.04000,
,,,0.000025041600,  -0.08000,
,,,0.000025042000,  -0.04000,
,,,0.000025042400,  -0.04000,
,,,0.000025042800,  -0.04000,
,,,0.000025043200,  -0.04000,
,,,0.000025043600,  -0.04000,
,,,0.000025044000,  -0.04000,
,,,0.000025044400,   0.00000,
,,,0.000025044800,   0.00000,
,,,0.000025045200,  -0.04000,
,,,0.000025045600,  -0.04000,
,,,0.000025046000,   0.00000,
,,,0.000025046400,   0.00000,
,,,0.000025046800,   0.00000,
,,,0.000025047200,   0.00000,
,,,0.000025047600,   0.00000,
,,,0.000025048000,   0.00000,
,,,0.000025048400,   0.00000,
,,,0.000025048800,   0.00000,
,,,0.000025049200,   0.00000,
,,,0.000025049600,  -0.04000,
,,,0.000025050000,  -0.04000,
,,,0.000025050400,  -0.04000,
,,,0.000025050800,  -0.04000,
,,,0.000025051200,  -0.04000,
,,,0.000025051600,   0.00000,
,,,0.000025052000,   0.00000,
,,,0.000025052400,   0.00000,
,,,0.000025052800,   0.00000,
,,,0.000025053200,  -0.04000,
,,,0.000025053600,  -0.04000,
,,,0.000025054000,  -0.04000,
,,,0.000025054400,  -0.04000,
,,,0.000025054800,  -0.04000,
,,,0.000025055200,  -0.04000,
,,,0.000025055600,   0.00000,
,,,0.000025056000,   0.00000,
,,,0.000025056400,   0.00000,
,,,0.000025056800,   0.00000,
,,,0.000025057200,   0.00000,
,,,0.000025057600,   0.04000,
,,,0.000025058000,   0.00000,
,,,0.000025058400,   0.00000,
,,,0.000025058800,   0.04000,
,,,0.000025059200,   0.04000,
,,,0.000025059600,   0.00000,
,,,0.000025060000,  -0.04000,
,,,0.000025060400,  -0.04000,
,,,0.000025060800,  -0.04000,
,,,0.000025061200,  -0.04000,
,,,0.000025061600,  -0.04000,
,,,0.000025062000,  -0.04000,
,,,0.000025062400,  -0.04000,
,,,0.000025062800,  -0.04000,
,,,0.000025063200,  -0.04000,
,,,0.000025063600,  -0.04000,
,,,0.000025064000,  -0.04000,
,,,0.000025064400,  -0.04000,
,,,0.000025064800,  -0.04000,
,,,0.000025065200,  -0.04000,
,,,0.000025065600,  -0.04000,
,,,0.000025066000,  -0.04000,
,,,0.000025066400,  -0.04000,
,,,0.000025066800,  -0.04000,
,,,0.000025067200,  -0.04000,
,,,0.000025067600,  -0.04000,
,,,0.000025068000,  -0.04000,
,,,0.000025068400,  -0.04000,
,,,0.000025068800,   0.00000,
,,,0.000025069200,  -0.04000,
,,,0.000025069600,  -0.04000,
,,,0.000025070000,   0.00000,
,,,0.000025070400,   0.04000,
,,,0.000025070800,   0.00000,
,,,0.000025071200,  -0.04000,
,,,0.000025071600,  -0.04000,
,,,0.000025072000,   0.00000,
,,,0.000025072400,   0.00000,
,,,0.000025072800,   0.00000,
,,,0.000025073200,   0.00000,
,,,0.000025073600,  -0.04000,
,,,0.000025074000,  -0.04000,
,,,0.000025074400,   0.00000,
,,,0.000025074800,   0.00000,
,,,0.000025075200,   0.00000,
,,,0.000025075600,   0.00000,
,,,0.000025076000,   0.00000,
,,,0.000025076400,   0.00000,
,,,0.000025076800,   0.00000,
,,,0.000025077200,  -0.04000,
,,,0.000025077600,  -0.08000,
,,,0.000025078000,  -0.04000,
,,,0.000025078400,   0.00000,
,,,0.000025078800,   0.00000,
,,,0.000025079200,   0.00000,
,,,0.000025079600,   0.00000,
,,,0.000025080000,   0.00000,
,,,0.000025080400,  -0.04000,
,,,0.000025080800,  -0.04000,
,,,0.000025081200,  -0.04000,
,,,0.000025081600,  -0.04000,
,,,0.000025082000,  -0.04000,
,,,0.000025082400,  -0.04000,
,,,0.000025082800,  -0.04000,
,,,0.000025083200,  -0.04000,
,,,0.000025083600,   0.00000,
,,,0.000025084000,  -0.04000,
,,,0.000025084400,  -0.04000,
,,,0.000025084800,   0.00000,
,,,0.000025085200,   0.00000,
,,,0.000025085600,   0.00000,
,,,0.000025086000,   0.00000,
,,,0.000025086400,   0.00000,
,,,0.000025086800,   0.00000,
,,,0.000025087200,   0.00000,
,,,0.000025087600,  -0.04000,
,,,0.000025088000,  -0.04000,
,,,0.000025088400,   0.00000,
,,,0.000025088800,   0.00000,
,,,0.000025089200,   0.00000,
,,,0.000025089600,  -0.04000,
,,,0.000025090000,  -0.04000,
,,,0.000025090400,  -0.04000,
,,,0.000025090800,  -0.04000,
,,,0.000025091200,   0.00000,
,,,0.000025091600,   0.00000,
,,,0.000025092000,  -0.04000,
,,,0.000025092400,  -0.04000,
,,,0.000025092800,   0.04000,
,,,0.000025093200,   0.04000,
,,,0.000025093600,   0.00000,
,,,0.000025094000,  -0.04000,
,,,0.000025094400,  -0.04000,
,,,0.000025094800,  -0.04000,
,,,0.000025095200,  -0.04000,
,,,0.000025095600,   0.00000,
,,,0.000025096000,   0.04000,
,,,0.000025096400,   0.00000,
,,,0.000025096800,   0.00000,
,,,0.000025097200,   0.00000,
,,,0.000025097600,   0.00000,
,,,0.000025098000,   0.00000,
,,,0.000025098400,   0.00000,
,,,0.000025098800,   0.00000,
,,,0.000025099200,   0.00000,
,,,0.000025099600,   0.00000,
,,,0.000025100000,  -0.04000,
,,,0.000025100400,  -0.04000,
,,,0.000025100800,   0.00000,
,,,0.000025101200,  -0.04000,
,,,0.000025101600,  -0.04000,
,,,0.000025102000,  -0.04000,
,,,0.000025102400,  -0.04000,
,,,0.000025102800,   0.00000,
,,,0.000025103200,   0.00000,
,,,0.000025103600,  -0.04000,
,,,0.000025104000,  -0.08000,
,,,0.000025104400,  -0.04000,
,,,0.000025104800,   0.04000,
,,,0.000025105200,   0.04000,
,,,0.000025105600,   0.00000,
,,,0.000025106000,   0.00000,
,,,0.000025106400,   0.00000,
,,,0.000025106800,   0.00000,
,,,0.000025107200,   0.00000,
,,,0.000025107600,  -0.04000,
,,,0.000025108000,  -0.04000,
,,,0.000025108400,   0.00000,
,,,0.000025108800,   0.00000,
,,,0.000025109200,  -0.04000,
,,,0.000025109600,  -0.04000,
,,,0.000025110000,  -0.04000,
,,,0.000025110400,  -0.04000,
,,,0.000025110800,   0.00000,
,,,0.000025111200,   0.00000,
,,,0.000025111600,  -0.04000,
,,,0.000025112000,  -0.04000,
,,,0.000025112400,  -0.04000,
,,,0.000025112800,  -0.04000,
,,,0.000025113200,  -0.04000,
,,,0.000025113600,  -0.04000,
,,,0.000025114000,  -0.04000,
,,,0.000025114400,  -0.04000,
,,,0.000025114800,   0.00000,
,,,0.000025115200,   0.00000,
,,,0.000025115600,   0.00000,
,,,0.000025116000,   0.00000,
,,,0.000025116400,   0.00000,
,,,0.000025116800,   0.00000,
,,,0.000025117200,   0.00000,
,,,0.000025117600,   0.00000,
,,,0.000025118000,   0.00000,
,,,0.000025118400,   0.00000,
,,,0.000025118800,   0.00000,
,,,0.000025119200,   0.00000,
,,,0.000025119600,  -0.04000,
,,,0.000025120000,  -0.08000,
,,,0.000025120400,  -0.04000,
,,,0.000025120800,   0.00000,
,,,0.000025121200,  -0.04000,
,,,0.000025121600,  -0.08000,
,,,0.000025122000,  -0.04000,
,,,0.000025122400,  -0.04000,
,,,0.000025122800,  -0.04000,
,,,0.000025123200,  -0.08000,
,,,0.000025123600,   0.00000,
,,,0.000025124000,   0.00000,
,,,0.000025124400,   0.00000,
,,,0.000025124800,   0.00000,
,,,0.000025125200,   0.00000,
,,,0.000025125600,  -0.04000,
,,,0.000025126000,  -0.08000,
,,,0.000025126400,  -0.04000,
,,,0.000025126800,   0.00000,
,,,0.000025127200,   0.00000,
,,,0.000025127600,  -0.04000,
,,,0.000025128000,  -0.04000,
,,,0.000025128400,  -0.04000,
,,,0.000025128800,  -0.04000,
,,,0.000025129200,  -0.04000,
,,,0.000025129600,   0.00000,
,,,0.000025130000,   0.00000,
,,,0.000025130400,   0.00000,
,,,0.000025130800,   0.00000,
,,,0.000025131200,  -0.04000,
,,,0.000025131600,  -0.04000,
,,,0.000025132000,   0.00000,
,,,0.000025132400,   0.00000,
,,,0.000025132800,   0.00000,
,,,0.000025133200,   0.00000,
,,,0.000025133600,  -0.04000,
,,,0.000025134000,  -0.08000,
,,,0.000025134400,  -0.04000,
,,,0.000025134800,   0.04000,
,,,0.000025135200,   0.00000,
,,,0.000025135600,   0.00000,
,,,0.000025136000,   0.00000,
,,,0.000025136400,   0.00000,
,,,0.000025136800,   0.00000,
,,,0.000025137200,   0.00000,
,,,0.000025137600,  -0.04000,
,,,0.000025138000,  -0.04000,
,,,0.000025138400,  -0.04000,
,,,0.000025138800,  -0.04000,
,,,0.000025139200,  -0.04000,
,,,0.000025139600,  -0.04000,
,,,0.000025140000,  -0.04000,
,,,0.000025140400,   0.00000,
,,,0.000025140800,   0.00000,
,,,0.000025141200,   0.00000,
,,,0.000025141600,   0.00000,
,,,0.000025142000,   0.00000,
,,,0.000025142400,   0.00000,
,,,0.000025142800,   0.00000,
,,,0.000025143200,   0.00000,
,,,0.000025143600,   0.04000,
,,,0.000025144000,   0.00000,
,,,0.000025144400,  -0.04000,
,,,0.000025144800,   0.00000,
,,,0.000025145200,   0.00000,
,,,0.000025145600,   0.04000,
,,,0.000025146000,   0.00000,
,,,0.000025146400,   0.00000,
,,,0.000025146800,   0.00000,
,,,0.000025147200,   0.00000,
,,,0.000025147600,   0.00000,
,,,0.000025148000,   0.00000,
,,,0.000025148400,   0.00000,
,,,0.000025148800,   0.00000,
,,,0.000025149200,   0.00000,
,,,0.000025149600,   0.00000,
,,,0.000025150000,   0.00000,
,,,0.000025150400,   0.00000,
,,,0.000025150800,   0.00000,
,,,0.000025151200,   0.00000,
,,,0.000025151600,   0.00000,
,,,0.000025152000,   0.00000,
,,,0.000025152400,   0.04000,
,,,0.000025152800,   0.00000,
,,,0.000025153200,  -0.04000,
,,,0.000025153600,  -0.04000,
,,,0.000025154000,  -0.04000,
,,,0.000025154400,  -0.04000,
,,,0.000025154800,  -0.04000,
,,,0.000025155200,  -0.04000,
,,,0.000025155600,   0.00000,
,,,0.000025156000,   0.04000,
,,,0.000025156400,   0.00000,
,,,0.000025156800,   0.00000,
,,,0.000025157200,   0.00000,
,,,0.000025157600,   0.00000,
,,,0.000025158000,   0.04000,
,,,0.000025158400,   0.00000,
,,,0.000025158800,   0.00000,
,,,0.000025159200,  -0.04000,
,,,0.000025159600,  -0.08000,
,,,0.000025160000,  -0.04000,
,,,0.000025160400,   0.00000,
,,,0.000025160800,   0.00000,
,,,0.000025161200,  -0.04000,
,,,0.000025161600,  -0.04000,
,,,0.000025162000,  -0.04000,
,,,0.000025162400,  -0.04000,
,,,0.000025162800,  -0.04000,
,,,0.000025163200,  -0.04000,
,,,0.000025163600,  -0.04000,
,,,0.000025164000,   0.00000,
,,,0.000025164400,   0.00000,
,,,0.000025164800,   0.00000,
,,,0.000025165200,   0.00000,
,,,0.000025165600,  -0.04000,
,,,0.000025166000,  -0.04000,
,,,0.000025166400,   0.00000,
,,,0.000025166800,   0.00000,
,,,0.000025167200,  -0.04000,
,,,0.000025167600,  -0.04000,
,,,0.000025168000,  -0.04000,
,,,0.000025168400,  -0.04000,
,,,0.000025168800,   0.00000,
,,,0.000025169200,   0.00000,
,,,0.000025169600,   0.00000,
,,,0.000025170000,  -0.04000,
,,,0.000025170400,  -0.04000,
,,,0.000025170800,   0.00000,
,,,0.000025171200,  -0.04000,
,,,0.000025171600,  -0.04000,
,,,0.000025172000,   0.00000,
,,,0.000025172400,   0.00000,
,,,0.000025172800,   0.00000,
,,,0.000025173200,   0.00000,
,,,0.000025173600,   0.00000,
,,,0.000025174000,   0.00000,
,,,0.000025174400,   0.00000,
,,,0.000025174800,   0.00000,
,,,0.000025175200,  -0.04000,
,,,0.000025175600,  -0.04000,
,,,0.000025176000,  -0.08000,
,,,0.000025176400,  -0.04000,
,,,0.000025176800,   0.04000,
,,,0.000025177200,   0.04000,
,,,0.000025177600,   0.00000,
,,,0.000025178000,   0.00000,
,,,0.000025178400,   0.00000,
,,,0.000025178800,   0.00000,
,,,0.000025179200,  -0.04000,
,,,0.000025179600,  -0.08000,
,,,0.000025180000,  -0.04000,
,,,0.000025180400,   0.00000,
,,,0.000025180800,   0.00000,
,,,0.000025181200,   0.00000,
,,,0.000025181600,  -0.04000,
,,,0.000025182000,  -0.08000,
,,,0.000025182400,  -0.04000,
,,,0.000025182800,   0.00000,
,,,0.000025183200,   0.00000,
,,,0.000025183600,   0.00000,
,,,0.000025184000,  -0.04000,
,,,0.000025184400,  -0.08000,
,,,0.000025184800,  -0.04000,
,,,0.000025185200,   0.00000,
,,,0.000025185600,   0.00000,
,,,0.000025186000,   0.00000,
,,,0.000025186400,  -0.04000,
,,,0.000025186800,  -0.04000,
,,,0.000025187200,  -0.04000,
,,,0.000025187600,  -0.04000,
,,,0.000025188000,  -0.04000,
,,,0.000025188400,   0.00000,
,,,0.000025188800,   0.00000,
,,,0.000025189200,   0.00000,
,,,0.000025189600,   0.00000,
,,,0.000025190000,  -0.04000,
,,,0.000025190400,  -0.04000,
,,,0.000025190800,   0.00000,
,,,0.000025191200,  -0.04000,
,,,0.000025191600,  -0.04000,
,,,0.000025192000,   0.00000,
,,,0.000025192400,   0.00000,
,,,0.000025192800,   0.00000,
,,,0.000025193200,   0.00000,
,,,0.000025193600,   0.00000,
,,,0.000025194000,   0.00000,
,,,0.000025194400,  -0.04000,
,,,0.000025194800,  -0.04000,
,,,0.000025195200,  -0.04000,
,,,0.000025195600,   0.00000,
,,,0.000025196000,   0.00000,
,,,0.000025196400,  -0.04000,
,,,0.000025196800,  -0.04000,
,,,0.000025197200,  -0.08000,
,,,0.000025197600,   0.00000,
,,,0.000025198000,   0.00000,
,,,0.000025198400,  -0.04000,
,,,0.000025198800,  -0.04000,
,,,0.000025199200,  -0.04000,
,,,0.000025199600,   0.00000,
,,,0.000025200000,  -0.04000,
,,,0.000025200400,  -0.04000,
,,,0.000025200800,  -0.04000,
,,,0.000025201200,  -0.04000,
,,,0.000025201600,   0.00000,
,,,0.000025202000,  -0.04000,
,,,0.000025202400,  -0.04000,
,,,0.000025202800,  -0.04000,
,,,0.000025203200,  -0.08000,
,,,0.000025203600,  -0.08000,
,,,0.000025204000,  -0.04000,
,,,0.000025204400,   0.00000,
,,,0.000025204800,   0.00000,
,,,0.000025205200,   0.00000,
,,,0.000025205600,   0.00000,
,,,0.000025206000,   0.00000,
,,,0.000025206400,   0.00000,
,,,0.000025206800,   0.00000,
,,,0.000025207200,   0.00000,
,,,0.000025207600,  -0.04000,
,,,0.000025208000,  -0.08000,
,,,0.000025208400,  -0.04000,
,,,0.000025208800,   0.00000,
,,,0.000025209200,   0.00000,
,,,0.000025209600,   0.00000,
,,,0.000025210000,  -0.04000,
,,,0.000025210400,  -0.04000,
,,,0.000025210800,  -0.04000,
,,,0.000025211200,  -0.04000,
,,,0.000025211600,  -0.04000,
,,,0.000025212000,  -0.04000,
,,,0.000025212400,   0.00000,
,,,0.000025212800,   0.00000,
,,,0.000025213200,   0.00000,
,,,0.000025213600,   0.00000,
,,,0.000025214000,   0.00000,
,,,0.000025214400,   0.00000,
,,,0.000025214800,   0.00000,
,,,0.000025215200,   0.00000,
,,,0.000025215600,  -0.04000,
,,,0.000025216000,  -0.04000,
,,,0.000025216400,   0.00000,
,,,0.000025216800,   0.00000,
,,,0.000025217200,   0.00000,
,,,0.000025217600,   0.00000,
,,,0.000025218000,   0.00000,
,,,0.000025218400,  -0.04000,
,,,0.000025218800,  -0.04000,
,,,0.000025219200,  -0.04000,
,,,0.000025219600,   0.00000,
,,,0.000025220000,  -0.04000,
,,,0.000025220400,  -0.04000,
,,,0.000025220800,   0.00000,
,,,0.000025221200,  -0.04000,
,,,0.000025221600,  -0.08000,
,,,0.000025222000,  -0.08000,
,,,0.000025222400,  -0.04000,
,,,0.000025222800,  -0.04000,
,,,0.000025223200,  -0.04000,
,,,0.000025223600,   0.00000,
,,,0.000025224000,  -0.04000,
,,,0.000025224400,  -0.08000,
,,,0.000025224800,  -0.04000,
,,,0.000025225200,   0.00000,
,,,0.000025225600,   0.04000,
,,,0.000025226000,   0.00000,
,,,0.000025226400,  -0.04000,
,,,0.000025226800,  -0.04000,
,,,0.000025227200,  -0.04000,
,,,0.000025227600,  -0.04000,
,,,0.000025228000,  -0.04000,
,,,0.000025228400,   0.00000,
,,,0.000025228800,   0.00000,
,,,0.000025229200,  -0.04000,
,,,0.000025229600,  -0.04000,
,,,0.000025230000,  -0.04000,
,,,0.000025230400,  -0.04000,
,,,0.000025230800,   0.00000,
,,,0.000025231200,  -0.04000,
,,,0.000025231600,  -0.04000,
,,,0.000025232000,   0.00000,
,,,0.000025232400,   0.00000,
,,,0.000025232800,   0.00000,
,,,0.000025233200,   0.00000,
,,,0.000025233600,   0.00000,
,,,0.000025234000,   0.00000,
,,,0.000025234400,   0.00000,
,,,0.000025234800,   0.04000,
,,,0.000025235200,   0.00000,
,,,0.000025235600,   0.00000,
,,,0.000025236000,  -0.04000,
,,,0.000025236400,  -0.04000,
,,,0.000025236800,   0.00000,
,,,0.000025237200,   0.00000,
,,,0.000025237600,   0.00000,
,,,0.000025238000,   0.00000,
,,,0.000025238400,   0.00000,
,,,0.000025238800,   0.00000,
,,,0.000025239200,   0.00000,
,,,0.000025239600,   0.00000,
,,,0.000025240000,   0.00000,
,,,0.000025240400,  -0.04000,
,,,0.000025240800,  -0.04000,
,,,0.000025241200,  -0.04000,
,,,0.000025241600,  -0.04000,
,,,0.000025242000,  -0.08000,
,,,0.000025242400,  -0.04000,
,,,0.000025242800,   0.00000,
,,,0.000025243200,   0.00000,
,,,0.000025243600,   0.00000,
,,,0.000025244000,   0.00000,
,,,0.000025244400,  -0.04000,
,,,0.000025244800,  -0.04000,
,,,0.000025245200,  -0.04000,
,,,0.000025245600,  -0.04000,
,,,0.000025246000,   0.00000,
,,,0.000025246400,   0.00000,
,,,0.000025246800,   0.00000,
,,,0.000025247200,   0.00000,
,,,0.000025247600,  -0.04000,
,,,0.000025248000,  -0.04000,
,,,0.000025248400,  -0.04000,
,,,0.000025248800,  -0.04000,
,,,0.000025249200,  -0.08000,
,,,0.000025249600,   0.00000,
,,,0.000025250000,   0.04000,
,,,0.000025250400,   0.00000,
,,,0.000025250800,   0.00000,
,,,0.000025251200,   0.00000,
,,,0.000025251600,   0.00000,
,,,0.000025252000,  -0.04000,
,,,0.000025252400,  -0.04000,
,,,0.000025252800,   0.00000,
,,,0.000025253200,   0.00000,
,,,0.000025253600,   0.00000,
,,,0.000025254000,   0.04000,
,,,0.000025254400,   0.00000,
,,,0.000025254800,   0.00000,
,,,0.000025255200,   0.00000,
,,,0.000025255600,   0.00000,
,,,0.000025256000,   0.00000,
,,,0.000025256400,   0.00000,
,,,0.000025256800,   0.04000,
,,,0.000025257200,   0.00000,
,,,0.000025257600,  -0.04000,
,,,0.000025258000,  -0.04000,
,,,0.000025258400,  -0.04000,
,,,0.000025258800,  -0.04000,
,,,0.000025259200,  -0.04000,
,,,0.000025259600,   0.00000,
,,,0.000025260000,  -0.04000,
,,,0.000025260400,  -0.04000,
,,,0.000025260800,   0.00000,
,,,0.000025261200,  -0.04000,
,,,0.000025261600,  -0.04000,
,,,0.000025262000,   0.00000,
,,,0.000025262400,   0.00000,
,,,0.000025262800,   0.00000,
,,,0.000025263200,   0.00000,
,,,0.000025263600,   0.00000,
,,,0.000025264000,   0.00000,
,,,0.000025264400,   0.04000,
,,,0.000025264800,   0.04000,
,,,0.000025265200,  -0.04000,
,,,0.000025265600,  -0.04000,
,,,0.000025266000,   0.00000,
,,,0.000025266400,   0.00000,
,,,0.000025266800,   0.04000,
,,,0.000025267200,   0.00000,
,,,0.000025267600,  -0.04000,
,,,0.000025268000,   0.00000,
,,,0.000025268400,   0.00000,
,,,0.000025268800,   0.00000,
,,,0.000025269200,   0.00000,
,,,0.000025269600,   0.00000,
,,,0.000025270000,  -0.04000,
,,,0.000025270400,  -0.04000,
,,,0.000025270800,   0.00000,
,,,0.000025271200,   0.00000,
,,,0.000025271600,  -0.04000,
,,,0.000025272000,  -0.04000,
,,,0.000025272400,   0.00000,
,,,0.000025272800,   0.00000,
,,,0.000025273200,   0.00000,
,,,0.000025273600,   0.00000,
,,,0.000025274000,   0.00000,
,,,0.000025274400,  -0.04000,
,,,0.000025274800,  -0.04000,
,,,0.000025275200,  -0.04000,
,,,0.000025275600,  -0.04000,
,,,0.000025276000,  -0.04000,
,,,0.000025276400,  -0.04000,
,,,0.000025276800,  -0.04000,
,,,0.000025277200,  -0.04000,
,,,0.000025277600,  -0.04000,
,,,0.000025278000,  -0.04000,
,,,0.000025278400,   0.00000,
,,,0.000025278800,   0.04000,
,,,0.000025279200,   0.00000,
,,,0.000025279600,   0.00000,
,,,0.000025280000,   0.00000,
,,,0.000025280400,  -0.04000,
,,,0.000025280800,  -0.04000,
,,,0.000025281200,  -0.04000,
,,,0.000025281600,  -0.04000,
,,,0.000025282000,  -0.04000,
,,,0.000025282400,  -0.04000,
,,,0.000025282800,  -0.04000,
,,,0.000025283200,  -0.04000,
,,,0.000025283600,   0.00000,
,,,0.000025284000,   0.00000,
,,,0.000025284400,   0.00000,
,,,0.000025284800,   0.04000,
,,,0.000025285200,   0.00000,
,,,0.000025285600,  -0.04000,
,,,0.000025286000,  -0.04000,
,,,0.000025286400,  -0.04000,
,,,0.000025286800,  -0.04000,
,,,0.000025287200,  -0.04000,
,,,0.000025287600,   0.00000,
,,,0.000025288000,   0.00000,
,,,0.000025288400,   0.00000,
,,,0.000025288800,   0.00000,
,,,0.000025289200,   0.00000,
,,,0.000025289600,  -0.04000,
,,,0.000025290000,  -0.08000,
,,,0.000025290400,  -0.04000,
,,,0.000025290800,   0.00000,
,,,0.000025291200,   0.00000,
,,,0.000025291600,   0.00000,
,,,0.000025292000,   0.00000,
,,,0.000025292400,  -0.04000,
,,,0.000025292800,  -0.04000,
,,,0.000025293200,  -0.04000,
,,,0.000025293600,   0.00000,
,,,0.000025294000,   0.00000,
,,,0.000025294400,   0.00000,
,,,0.000025294800,   0.00000,
,,,0.000025295200,   0.00000,
,,,0.000025295600,   0.00000,
,,,0.000025296000,   0.00000,
,,,0.000025296400,   0.04000,
,,,0.000025296800,   0.04000,
,,,0.000025297200,  -0.04000,
,,,0.000025297600,  -0.08000,
,,,0.000025298000,  -0.04000,
,,,0.000025298400,   0.04000,
,,,0.000025298800,   0.04000,
,,,0.000025299200,   0.00000,
,,,0.000025299600,   0.00000,
