Record Length,2.500000e+03,,  -0.000000500000,   0.04000,
Sample Interval,4.000000e-10,,  -0.000000499600,   0.04000,
Trigger Point,1.250000000000e+03,,  -0.000000499200,   0.08000,
,,,  -0.000000498800,   0.08000,
,,,  -0.000000498400,   0.08000,
,,,  -0.000000498000,   0.12000,
Source,CH2,,  -0.000000497600,   0.08000,
Vertical Units,V,,  -0.000000497200,   0.08000,
Vertical Scale,1.000000e+00,,  -0.000000496800,   0.12000,
Vertical Offset,-1.640000e+00,,  -0.000000496400,   0.08000,
Horizontal Units,s,,  -0.000000496000,   0.04000,
Horizontal Scale,1.000000e-07,,  -0.000000495600,   0.08000,
Pt Fmt,Y,,  -0.000000495200,   0.12000,
Yzero,0.000000e+00,,  -0.000000494800,   0.12000,
Probe Atten,1.000000e+01,,  -0.000000494400,   0.08000,
Model Number,TBS1102B,,  -0.000000494000,   0.08000,
Serial Number,C033696,,  -0.000000493600,   0.08000,
Firmware Version,FV:v4.06,,  -0.000000493200,   0.04000,
,,,-00.000000492800,   0.04000,
,,,-00.000000492400,   0.04000,
,,,-00.000000492000,   0.04000,
,,,-00.000000491600,   0.04000,
,,,-00.000000491200,   0.04000,
,,,-00.000000490800,   0.04000,
,,,-00.000000490400,   0.04000,
,,,-00.000000490000,   0.08000,
,,,-00.000000489600,   0.04000,
,,,-00.000000489200,   0.04000,
,,,-00.000000488800,   0.08000,
,,,-00.000000488400,   0.08000,
,,,-00.000000488000,   0.08000,
,,,-00.000000487600,   0.08000,
,,,-00.000000487200,   0.08000,
,,,-00.000000486800,   0.08000,
,,,-00.000000486400,   0.08000,
,,,-00.000000486000,   0.08000,
,,,-00.000000485600,   0.12000,
,,,-00.000000485200,   0.08000,
,,,-00.000000484800,   0.04000,
,,,-00.000000484400,   0.04000,
,,,-00.000000484000,   0.04000,
,,,-00.000000483600,   0.04000,
,,,-00.000000483200,   0.08000,
,,,-00.000000482800,   0.08000,
,,,-00.000000482400,   0.08000,
,,,-00.000000482000,   0.08000,
,,,-00.000000481600,   0.08000,
,,,-00.000000481200,   0.08000,
,,,-00.000000480800,   0.08000,
,,,-00.000000480400,   0.08000,
,,,-00.000000480000,   0.08000,
,,,-00.000000479600,   0.08000,
,,,-00.000000479200,   0.08000,
,,,-00.000000478800,   0.08000,
,,,-00.000000478400,   0.04000,
,,,-00.000000478000,   0.00000,
,,,-00.000000477600,   0.04000,
,,,-00.000000477200,   0.08000,
,,,-00.000000476800,   0.08000,
,,,-00.000000476400,   0.08000,
,,,-00.000000476000,   0.08000,
,,,-00.000000475600,   0.08000,
,,,-00.000000475200,   0.08000,
,,,-00.000000474800,   0.08000,
,,,-00.000000474400,   0.08000,
,,,-00.000000474000,   0.12000,
,,,-00.000000473600,   0.08000,
,,,-00.000000473200,   0.04000,
,,,-00.000000472800,   0.08000,
,,,-00.000000472400,   0.12000,
,,,-00.000000472000,   0.08000,
,,,-00.000000471600,   0.04000,
,,,-00.000000471200,   0.04000,
,,,-00.000000470800,   0.04000,
,,,-00.000000470400,   0.04000,
,,,-00.000000470000,   0.08000,
,,,-00.000000469600,   0.08000,
,,,-00.000000469200,   0.12000,
,,,-00.000000468800,   0.08000,
,,,-00.000000468400,   0.04000,
,,,-00.000000468000,   0.04000,
,,,-00.000000467600,   0.08000,
,,,-00.000000467200,   0.04000,
,,,-00.000000466800,   0.04000,
,,,-00.000000466400,   0.04000,
,,,-00.000000466000,   0.04000,
,,,-00.000000465600,   0.08000,
,,,-00.000000465200,   0.04000,
,,,-00.000000464800,   0.04000,
,,,-00.000000464400,   0.04000,
,,,-00.000000464000,   0.04000,
,,,-00.000000463600,   0.08000,
,,,-00.000000463200,   0.04000,
,,,-00.000000462800,   0.04000,
,,,-00.000000462400,   0.04000,
,,,-00.000000462000,   0.04000,
,,,-00.000000461600,   0.08000,
,,,-00.000000461200,   0.12000,
,,,-00.000000460800,   0.12000,
,,,-00.000000460400,   0.08000,
,,,-00.000000460000,   0.08000,
,,,-00.000000459600,   0.08000,
,,,-00.000000459200,   0.08000,
,,,-00.000000458800,   0.08000,
,,,-00.000000458400,   0.08000,
,,,-00.000000458000,   0.12000,
,,,-00.000000457600,   0.08000,
,,,-00.000000457200,   0.08000,
,,,-00.000000456800,   0.08000,
,,,-00.000000456400,   0.08000,
,,,-00.000000456000,   0.08000,
,,,-00.000000455600,   0.08000,
,,,-00.000000455200,   0.08000,
,,,-00.000000454800,   0.12000,
,,,-00.000000454400,   0.08000,
,,,-00.000000454000,   0.08000,
,,,-00.000000453600,   0.04000,
,,,-00.000000453200,   0.04000,
,,,-00.000000452800,   0.04000,
,,,-00.000000452400,   0.04000,
,,,-00.000000452000,   0.08000,
,,,-00.000000451600,   0.04000,
,,,-00.000000451200,   0.04000,
,,,-00.000000450800,   0.04000,
,,,-00.000000450400,   0.04000,
,,,-00.000000450000,   0.04000,
,,,-00.000000449600,   0.08000,
,,,-00.000000449200,   0.08000,
,,,-00.000000448800,   0.08000,
,,,-00.000000448400,   0.08000,
,,,-00.000000448000,   0.12000,
,,,-00.000000447600,   0.08000,
,,,-00.000000447200,   0.08000,
,,,-00.000000446800,   0.08000,
,,,-00.000000446400,   0.08000,
,,,-00.000000446000,   0.12000,
,,,-00.000000445600,   0.08000,
,,,-00.000000445200,   0.00000,
,,,-00.000000444800,   0.04000,
,,,-00.000000444400,   0.04000,
,,,-00.000000444000,   0.08000,
,,,-00.000000443600,   0.08000,
,,,-00.000000443200,   0.08000,
,,,-00.000000442800,   0.08000,
,,,-00.000000442400,   0.08000,
,,,-00.000000442000,   0.08000,
,,,-00.000000441600,   0.08000,
,,,-00.000000441200,   0.08000,
,,,-00.000000440800,   0.08000,
,,,-00.000000440400,   0.08000,
,,,-00.000000440000,   0.08000,
,,,-00.000000439600,   0.04000,
,,,-00.000000439200,   0.08000,
,,,-00.000000438800,   0.12000,
,,,-00.000000438400,   0.08000,
,,,-00.000000438000,   0.08000,
,,,-00.000000437600,   0.08000,
,,,-00.000000437200,   0.08000,
,,,-00.000000436800,   0.08000,
,,,-00.000000436400,   0.08000,
,,,-00.000000436000,   0.08000,
,,,-00.000000435600,   0.08000,
,,,-00.000000435200,   0.08000,
,,,-00.000000434800,   0.08000,
,,,-00.000000434400,   0.08000,
,,,-00.000000434000,   0.08000,
,,,-00.000000433600,   0.08000,
,,,-00.000000433200,   0.08000,
,,,-00.000000432800,   0.08000,
,,,-00.000000432400,   0.08000,
,,,-00.000000432000,   0.08000,
,,,-00.000000431600,   0.08000,
,,,-00.000000431200,   0.08000,
,,,-00.000000430800,   0.08000,
,,,-00.000000430400,   0.08000,
,,,-00.000000430000,   0.08000,
,,,-00.000000429600,   0.08000,
,,,-00.000000429200,   0.08000,
,,,-00.000000428800,   0.08000,
,,,-00.000000428400,   0.04000,
,,,-00.000000428000,   0.04000,
,,,-00.000000427600,   0.04000,
,,,-00.000000427200,   0.04000,
,,,-00.000000426800,   0.04000,
,,,-00.000000426400,   0.04000,
,,,-00.000000426000,   0.08000,
,,,-00.000000425600,   0.04000,
,,,-00.000000425200,   0.04000,
,,,-00.000000424800,   0.08000,
,,,-00.000000424400,   0.08000,
,,,-00.000000424000,   0.08000,
,,,-00.000000423600,   0.08000,
,,,-00.000000423200,   0.04000,
,,,-00.000000422800,   0.04000,
,,,-00.000000422400,   0.04000,
,,,-00.000000422000,   0.08000,
,,,-00.000000421600,   0.08000,
,,,-00.000000421200,   0.08000,
,,,-00.000000420800,   0.08000,
,,,-00.000000420400,   0.08000,
,,,-00.000000420000,   0.08000,
,,,-00.000000419600,   0.04000,
,,,-00.000000419200,   0.04000,
,,,-00.000000418800,   0.04000,
,,,-00.000000418400,   0.04000,
,,,-00.000000418000,   0.04000,
,,,-00.000000417600,   0.04000,
,,,-00.000000417200,   0.04000,
,,,-00.000000416800,   0.08000,
,,,-00.000000416400,   0.08000,
,,,-00.000000416000,   0.08000,
,,,-00.000000415600,   0.12000,
,,,-00.000000415200,   0.08000,
,,,-00.000000414800,   0.04000,
,,,-00.000000414400,   0.04000,
,,,-00.000000414000,   0.04000,
,,,-00.000000413600,   0.00000,
,,,-00.000000413200,   0.04000,
,,,-00.000000412800,   0.08000,
,,,-00.000000412400,   0.08000,
,,,-00.000000412000,   0.08000,
,,,-00.000000411600,   0.08000,
,,,-00.000000411200,   0.08000,
,,,-00.000000410800,   0.08000,
,,,-00.000000410400,   0.08000,
,,,-00.000000410000,   0.08000,
,,,-00.000000409600,   0.08000,
,,,-00.000000409200,   0.08000,
,,,-00.000000408800,   0.12000,
,,,-00.000000408400,   0.08000,
,,,-00.000000408000,   0.04000,
,,,-00.000000407600,   0.04000,
,,,-00.000000407200,   0.04000,
,,,-00.000000406800,   0.04000,
,,,-00.000000406400,   0.04000,
,,,-00.000000406000,   0.04000,
,,,-00.000000405600,   0.04000,
,,,-00.000000405200,   0.08000,
,,,-00.000000404800,   0.12000,
,,,-00.000000404400,   0.08000,
,,,-00.000000404000,   0.08000,
,,,-00.000000403600,   0.08000,
,,,-00.000000403200,   0.08000,
,,,-00.000000402800,   0.08000,
,,,-00.000000402400,   0.08000,
,,,-00.000000402000,   0.08000,
,,,-00.000000401600,   0.08000,
,,,-00.000000401200,   0.08000,
,,,-00.000000400800,   0.08000,
,,,-00.000000400400,   0.08000,
,,,-00.000000400000,   0.08000,
,,,-00.000000399600,   0.08000,
,,,-00.000000399200,   0.12000,
,,,-00.000000398800,   0.12000,
,,,-00.000000398400,   0.08000,
,,,-00.000000398000,   0.08000,
,,,-00.000000397600,   0.08000,
,,,-00.000000397200,   0.08000,
,,,-00.000000396800,   0.12000,
,,,-00.000000396400,   0.12000,
,,,-00.000000396000,   0.08000,
,,,-00.000000395600,   0.04000,
,,,-00.000000395200,   0.04000,
,,,-00.000000394800,   0.08000,
,,,-00.000000394400,   0.04000,
,,,-00.000000394000,   0.00000,
,,,-00.000000393600,   0.04000,
,,,-00.000000393200,   0.08000,
,,,-00.000000392800,   0.08000,
,,,-00.000000392400,   0.08000,
,,,-00.000000392000,   0.08000,
,,,-00.000000391600,   0.04000,
,,,-00.000000391200,   0.04000,
,,,-00.000000390800,   0.08000,
,,,-00.000000390400,   0.12000,
,,,-00.000000390000,   0.08000,
,,,-00.000000389600,   0.04000,
,,,-00.000000389200,   0.04000,
,,,-00.000000388800,   0.08000,
,,,-00.000000388400,   0.08000,
,,,-00.000000388000,   0.08000,
,,,-00.000000387600,   0.08000,
,,,-00.000000387200,   0.08000,
,,,-00.000000386800,   0.08000,
,,,-00.000000386400,   0.08000,
,,,-00.000000386000,   0.08000,
,,,-00.000000385600,   0.08000,
,,,-00.000000385200,   0.08000,
,,,-00.000000384800,   0.08000,
,,,-00.000000384400,   0.04000,
,,,-00.000000384000,   0.04000,
,,,-00.000000383600,   0.08000,
,,,-00.000000383200,   0.08000,
,,,-00.000000382800,   0.08000,
,,,-00.000000382400,   0.08000,
,,,-00.000000382000,   0.04000,
,,,-00.000000381600,   0.00000,
,,,-00.000000381200,   0.04000,
,,,-00.000000380800,   0.12000,
,,,-00.000000380400,   0.12000,
,,,-00.000000380000,   0.04000,
,,,-00.000000379600,   0.04000,
,,,-00.000000379200,   0.08000,
,,,-00.000000378800,   0.08000,
,,,-00.000000378400,   0.08000,
,,,-00.000000378000,   0.04000,
,,,-00.000000377600,   0.00000,
,,,-00.000000377200,   0.04000,
,,,-00.000000376800,   0.08000,
,,,-00.000000376400,   0.04000,
,,,-00.000000376000,   0.04000,
,,,-00.000000375600,   0.08000,
,,,-00.000000375200,   0.08000,
,,,-00.000000374800,   0.08000,
,,,-00.000000374400,   0.08000,
,,,-00.000000374000,   0.08000,
,,,-00.000000373600,   0.08000,
,,,-00.000000373200,   0.08000,
,,,-00.000000372800,   0.12000,
,,,-00.000000372400,   0.08000,
,,,-00.000000372000,   0.08000,
,,,-00.000000371600,   0.12000,
,,,-00.000000371200,   0.12000,
,,,-00.000000370800,   0.12000,
,,,-00.000000370400,   0.12000,
,,,-00.000000370000,   0.08000,
,,,-00.000000369600,   0.08000,
,,,-00.000000369200,   0.08000,
,,,-00.000000368800,   0.08000,
,,,-00.000000368400,   0.08000,
,,,-00.000000368000,   0.08000,
,,,-00.000000367600,   0.04000,
,,,-00.000000367200,   0.04000,
,,,-00.000000366800,   0.04000,
,,,-00.000000366400,   0.04000,
,,,-00.000000366000,   0.08000,
,,,-00.000000365600,   0.04000,
,,,-00.000000365200,   0.04000,
,,,-00.000000364800,   0.08000,
,,,-00.000000364400,   0.08000,
,,,-00.000000364000,   0.08000,
,,,-00.000000363600,   0.12000,
,,,-00.000000363200,   0.12000,
,,,-00.000000362800,   0.12000,
,,,-00.000000362400,   0.08000,
,,,-00.000000362000,   0.04000,
,,,-00.000000361600,   0.08000,
,,,-00.000000361200,   0.12000,
,,,-00.000000360800,   0.12000,
,,,-00.000000360400,   0.08000,
,,,-00.000000360000,   0.08000,
,,,-00.000000359600,   0.08000,
,,,-00.000000359200,   0.04000,
,,,-00.000000358800,   0.04000,
,,,-00.000000358400,   0.04000,
,,,-00.000000358000,   0.04000,
,,,-00.000000357600,   0.04000,
,,,-00.000000357200,   0.04000,
,,,-00.000000356800,   0.08000,
,,,-00.000000356400,   0.12000,
,,,-00.000000356000,   0.04000,
,,,-00.000000355600,   0.00000,
,,,-00.000000355200,   0.04000,
,,,-00.000000354800,   0.08000,
,,,-00.000000354400,   0.08000,
,,,-00.000000354000,   0.04000,
,,,-00.000000353600,   0.00000,
,,,-00.000000353200,   0.04000,
,,,-00.000000352800,   0.08000,
,,,-00.000000352400,   0.08000,
,,,-00.000000352000,   0.04000,
,,,-00.000000351600,   0.04000,
,,,-00.000000351200,   0.08000,
,,,-00.000000350800,   0.08000,
,,,-00.000000350400,   0.08000,
,,,-00.000000350000,   0.08000,
,,,-00.000000349600,   0.04000,
,,,-00.000000349200,   0.04000,
,,,-00.000000348800,   0.04000,
,,,-00.000000348400,   0.04000,
,,,-00.000000348000,   0.04000,
,,,-00.000000347600,   0.00000,
,,,-00.000000347200,   0.04000,
,,,-00.000000346800,   0.08000,
,,,-00.000000346400,   0.08000,
,,,-00.000000346000,   0.12000,
,,,-00.000000345600,   0.08000,
,,,-00.000000345200,   0.08000,
,,,-00.000000344800,   0.08000,
,,,-00.000000344400,   0.08000,
,,,-00.000000344000,   0.08000,
,,,-00.000000343600,   0.08000,
,,,-00.000000343200,   0.04000,
,,,-00.000000342800,   0.04000,
,,,-00.000000342400,   0.04000,
,,,-00.000000342000,   0.08000,
,,,-00.000000341600,   0.08000,
,,,-00.000000341200,   0.08000,
,,,-00.000000340800,   0.08000,
,,,-00.000000340400,   0.08000,
,,,-00.000000340000,   0.04000,
,,,-00.000000339600,   0.04000,
,,,-00.000000339200,   0.08000,
,,,-00.000000338800,   0.12000,
,,,-00.000000338400,   0.08000,
,,,-00.000000338000,   0.08000,
,,,-00.000000337600,   0.08000,
,,,-00.000000337200,   0.08000,
,,,-00.000000336800,   0.08000,
,,,-00.000000336400,   0.08000,
,,,-00.000000336000,   0.08000,
,,,-00.000000335600,   0.08000,
,,,-00.000000335200,   0.08000,
,,,-00.000000334800,   0.08000,
,,,-00.000000334400,   0.08000,
,,,-00.000000334000,   0.08000,
,,,-00.000000333600,   0.08000,
,,,-00.000000333200,   0.08000,
,,,-00.000000332800,   0.08000,
,,,-00.000000332400,   0.08000,
,,,-00.000000332000,   0.04000,
,,,-00.000000331600,   0.04000,
,,,-00.000000331200,   0.08000,
,,,-00.000000330800,   0.08000,
,,,-00.000000330400,   0.04000,
,,,-00.000000330000,   0.04000,
,,,-00.000000329600,   0.08000,
,,,-00.000000329200,   0.08000,
,,,-00.000000328800,   0.08000,
,,,-00.000000328400,   0.08000,
,,,-00.000000328000,   0.08000,
,,,-00.000000327600,   0.08000,
,,,-00.000000327200,   0.08000,
,,,-00.000000326800,   0.08000,
,,,-00.000000326400,   0.08000,
,,,-00.000000326000,   0.08000,
,,,-00.000000325600,   0.08000,
,,,-00.000000325200,   0.08000,
,,,-00.000000324800,   0.08000,
,,,-00.000000324400,   0.08000,
,,,-00.000000324000,   0.08000,
,,,-00.000000323600,   0.08000,
,,,-00.000000323200,   0.08000,
,,,-00.000000322800,   0.08000,
,,,-00.000000322400,   0.08000,
,,,-00.000000322000,   0.08000,
,,,-00.000000321600,   0.08000,
,,,-00.000000321200,   0.08000,
,,,-00.000000320800,   0.12000,
,,,-00.000000320400,   0.08000,
,,,-00.000000320000,   0.04000,
,,,-00.000000319600,   0.08000,
,,,-00.000000319200,   0.08000,
,,,-00.000000318800,   0.08000,
,,,-00.000000318400,   0.08000,
,,,-00.000000318000,   0.12000,
,,,-00.000000317600,   0.08000,
,,,-00.000000317200,   0.04000,
,,,-00.000000316800,   0.08000,
,,,-00.000000316400,   0.08000,
,,,-00.000000316000,   0.04000,
,,,-00.000000315600,   0.00000,
,,,-00.000000315200,   0.04000,
,,,-00.000000314800,   0.08000,
,,,-00.000000314400,   0.08000,
,,,-00.000000314000,   0.04000,
,,,-00.000000313600,   0.00000,
,,,-00.000000313200,   0.04000,
,,,-00.000000312800,   0.08000,
,,,-00.000000312400,   0.04000,
,,,-00.000000312000,   0.00000,
,,,-00.000000311600,   0.04000,
,,,-00.000000311200,   0.08000,
,,,-00.000000310800,   0.12000,
,,,-00.000000310400,   0.12000,
,,,-00.000000310000,   0.08000,
,,,-00.000000309600,   0.08000,
,,,-00.000000309200,   0.08000,
,,,-00.000000308800,   0.08000,
,,,-00.000000308400,   0.08000,
,,,-00.000000308000,   0.08000,
,,,-00.000000307600,   0.08000,
,,,-00.000000307200,   0.08000,
,,,-00.000000306800,   0.08000,
,,,-00.000000306400,   0.08000,
,,,-00.000000306000,   0.08000,
,,,-00.000000305600,   0.08000,
,,,-00.000000305200,   0.08000,
,,,-00.000000304800,   0.08000,
,,,-00.000000304400,   0.04000,
,,,-00.000000304000,   0.00000,
,,,-00.000000303600,   0.00000,
,,,-00.000000303200,   0.08000,
,,,-00.000000302800,   0.08000,
,,,-00.000000302400,   0.00000,
,,,-00.000000302000,  -0.04000,
,,,-00.000000301600,   0.00000,
,,,-00.000000301200,   0.08000,
,,,-00.000000300800,   0.08000,
,,,-00.000000300400,   0.04000,
,,,-00.000000300000,   0.04000,
,,,-00.000000299600,   0.08000,
,,,-00.000000299200,   0.04000,
,,,-00.000000298800,   0.04000,
,,,-00.000000298400,   0.00000,
,,,-00.000000298000,   0.08000,
,,,-00.000000297600,   0.12000,
,,,-00.000000297200,   0.08000,
,,,-00.000000296800,   0.08000,
,,,-00.000000296400,   0.08000,
,,,-00.000000296000,   0.08000,
,,,-00.000000295600,   0.04000,
,,,-00.000000295200,   0.04000,
,,,-00.000000294800,   0.08000,
,,,-00.000000294400,   0.08000,
,,,-00.000000294000,   0.04000,
,,,-00.000000293600,   0.04000,
,,,-00.000000293200,   0.04000,
,,,-00.000000292800,   0.04000,
,,,-00.000000292400,   0.04000,
,,,-00.000000292000,   0.08000,
,,,-00.000000291600,   0.04000,
,,,-00.000000291200,   0.00000,
,,,-00.000000290800,   0.04000,
,,,-00.000000290400,   0.08000,
,,,-00.000000290000,   0.12000,
,,,-00.000000289600,   0.08000,
,,,-00.000000289200,   0.04000,
,,,-00.000000288800,   0.08000,
,,,-00.000000288400,   0.08000,
,,,-00.000000288000,   0.08000,
,,,-00.000000287600,   0.08000,
,,,-00.000000287200,   0.08000,
,,,-00.000000286800,   0.08000,
,,,-00.000000286400,   0.08000,
,,,-00.000000286000,   0.08000,
,,,-00.000000285600,   0.04000,
,,,-00.000000285200,   0.04000,
,,,-00.000000284800,   0.08000,
,,,-00.000000284400,   0.08000,
,,,-00.000000284000,   0.04000,
,,,-00.000000283600,   0.04000,
,,,-00.000000283200,   0.08000,
,,,-00.000000282800,   0.08000,
,,,-00.000000282400,   0.04000,
,,,-00.000000282000,   0.00000,
,,,-00.000000281600,   0.04000,
,,,-00.000000281200,   0.04000,
,,,-00.000000280800,   0.04000,
,,,-00.000000280400,   0.04000,
,,,-00.000000280000,   0.04000,
,,,-00.000000279600,   0.00000,
,,,-00.000000279200,   0.04000,
,,,-00.000000278800,   0.08000,
,,,-00.000000278400,   0.12000,
,,,-00.000000278000,   0.08000,
,,,-00.000000277600,   0.04000,
,,,-00.000000277200,   0.04000,
,,,-00.000000276800,   0.08000,
,,,-00.000000276400,   0.08000,
,,,-00.000000276000,   0.08000,
,,,-00.000000275600,   0.08000,
,,,-00.000000275200,   0.08000,
,,,-00.000000274800,   0.08000,
,,,-00.000000274400,   0.08000,
,,,-00.000000274000,   0.04000,
,,,-00.000000273600,   0.00000,
,,,-00.000000273200,   0.04000,
,,,-00.000000272800,   0.08000,
,,,-00.000000272400,   0.08000,
,,,-00.000000272000,   0.08000,
,,,-00.000000271600,   0.08000,
,,,-00.000000271200,   0.04000,
,,,-00.000000270800,   0.04000,
,,,-00.000000270400,   0.04000,
,,,-00.000000270000,   0.08000,
,,,-00.000000269600,   0.08000,
,,,-00.000000269200,   0.12000,
,,,-00.000000268800,   0.12000,
,,,-00.000000268400,   0.04000,
,,,-00.000000268000,   0.00000,
,,,-00.000000267600,   0.04000,
,,,-00.000000267200,   0.12000,
,,,-00.000000266800,   0.08000,
,,,-00.000000266400,   0.08000,
,,,-00.000000266000,   0.08000,
,,,-00.000000265600,   0.08000,
,,,-00.000000265200,   0.12000,
,,,-00.000000264800,   0.12000,
,,,-00.000000264400,   0.08000,
,,,-00.000000264000,   0.08000,
,,,-00.000000263600,   0.12000,
,,,-00.000000263200,   0.08000,
,,,-00.000000262800,   0.08000,
,,,-00.000000262400,   0.08000,
,,,-00.000000262000,   0.08000,
,,,-00.000000261600,   0.08000,
,,,-00.000000261200,   0.04000,
,,,-00.000000260800,   0.04000,
,,,-00.000000260400,   0.04000,
,,,-00.000000260000,   0.08000,
,,,-00.000000259600,   0.04000,
,,,-00.000000259200,   0.04000,
,,,-00.000000258800,   0.04000,
,,,-00.000000258400,   0.04000,
,,,-00.000000258000,   0.04000,
,,,-00.000000257600,   0.08000,
,,,-00.000000257200,   0.08000,
,,,-00.000000256800,   0.08000,
,,,-00.000000256400,   0.08000,
,,,-00.000000256000,   0.08000,
,,,-00.000000255600,   0.08000,
,,,-00.000000255200,   0.08000,
,,,-00.000000254800,   0.12000,
,,,-00.000000254400,   0.12000,
,,,-00.000000254000,   0.12000,
,,,-00.000000253600,   0.12000,
,,,-00.000000253200,   0.08000,
,,,-00.000000252800,   0.08000,
,,,-00.000000252400,   0.08000,
,,,-00.000000252000,   0.08000,
,,,-00.000000251600,   0.08000,
,,,-00.000000251200,   0.08000,
,,,-00.000000250800,   0.08000,
,,,-00.000000250400,   0.08000,
,,,-00.000000250000,   0.04000,
,,,-00.000000249600,   0.00000,
,,,-00.000000249200,   0.04000,
,,,-00.000000248800,   0.08000,
,,,-00.000000248400,   0.08000,
,,,-00.000000248000,   0.04000,
,,,-00.000000247600,   0.00000,
,,,-00.000000247200,   0.04000,
,,,-00.000000246800,   0.08000,
,,,-00.000000246400,   0.08000,
,,,-00.000000246000,   0.12000,
,,,-00.000000245600,   0.08000,
,,,-00.000000245200,   0.08000,
,,,-00.000000244800,   0.08000,
,,,-00.000000244400,   0.08000,
,,,-00.000000244000,   0.08000,
,,,-00.000000243600,   0.08000,
,,,-00.000000243200,   0.08000,
,,,-00.000000242800,   0.08000,
,,,-00.000000242400,   0.08000,
,,,-00.000000242000,   0.04000,
,,,-00.000000241600,   0.04000,
,,,-00.000000241200,   0.08000,
,,,-00.000000240800,   0.12000,
,,,-00.000000240400,   0.08000,
,,,-00.000000240000,   0.04000,
,,,-00.000000239600,   0.08000,
,,,-00.000000239200,   0.12000,
,,,-00.000000238800,   0.08000,
,,,-00.000000238400,   0.04000,
,,,-00.000000238000,   0.04000,
,,,-00.000000237600,   0.08000,
,,,-00.000000237200,   0.08000,
,,,-00.000000236800,   0.08000,
,,,-00.000000236400,   0.08000,
,,,-00.000000236000,   0.08000,
,,,-00.000000235600,   0.08000,
,,,-00.000000235200,   0.08000,
,,,-00.000000234800,   0.08000,
,,,-00.000000234400,   0.08000,
,,,-00.000000234000,   0.04000,
,,,-00.000000233600,   0.00000,
,,,-00.000000233200,   0.04000,
,,,-00.000000232800,   0.08000,
,,,-00.000000232400,   0.08000,
,,,-00.000000232000,   0.08000,
,,,-00.000000231600,   0.08000,
,,,-00.000000231200,   0.08000,
,,,-00.000000230800,   0.08000,
,,,-00.000000230400,   0.08000,
,,,-00.000000230000,   0.08000,
,,,-00.000000229600,   0.08000,
,,,-00.000000229200,   0.08000,
,,,-00.000000228800,   0.08000,
,,,-00.000000228400,   0.08000,
,,,-00.000000228000,   0.08000,
,,,-00.000000227600,   0.08000,
,,,-00.000000227200,   0.08000,
,,,-00.000000226800,   0.08000,
,,,-00.000000226400,   0.08000,
,,,-00.000000226000,   0.08000,
,,,-00.000000225600,   0.08000,
,,,-00.000000225200,   0.04000,
,,,-00.000000224800,   0.04000,
,,,-00.000000224400,   0.04000,
,,,-00.000000224000,   0.08000,
,,,-00.000000223600,   0.12000,
,,,-00.000000223200,   0.08000,
,,,-00.000000222800,   0.08000,
,,,-00.000000222400,   0.08000,
,,,-00.000000222000,   0.08000,
,,,-00.000000221600,   0.08000,
,,,-00.000000221200,   0.08000,
,,,-00.000000220800,   0.08000,
,,,-00.000000220400,   0.08000,
,,,-00.000000220000,   0.08000,
,,,-00.000000219600,   0.08000,
,,,-00.000000219200,   0.08000,
,,,-00.000000218800,   0.08000,
,,,-00.000000218400,   0.08000,
,,,-00.000000218000,   0.08000,
,,,-00.000000217600,   0.12000,
,,,-00.000000217200,   0.12000,
,,,-00.000000216800,   0.12000,
,,,-00.000000216400,   0.08000,
,,,-00.000000216000,   0.08000,
,,,-00.000000215600,   0.04000,
,,,-00.000000215200,   0.04000,
,,,-00.000000214800,   0.08000,
,,,-00.000000214400,   0.12000,
,,,-00.000000214000,   0.08000,
,,,-00.000000213600,   0.04000,
,,,-00.000000213200,   0.08000,
,,,-00.000000212800,   0.12000,
,,,-00.000000212400,   0.12000,
,,,-00.000000212000,   0.08000,
,,,-00.000000211600,   0.04000,
,,,-00.000000211200,   0.08000,
,,,-00.000000210800,   0.12000,
,,,-00.000000210400,   0.12000,
,,,-00.000000210000,   0.08000,
,,,-00.000000209600,   0.04000,
,,,-00.000000209200,   0.00000,
,,,-00.000000208800,   0.04000,
,,,-00.000000208400,   0.08000,
,,,-00.000000208000,   0.12000,
,,,-00.000000207600,   0.08000,
,,,-00.000000207200,   0.12000,
,,,-00.000000206800,   0.20000,
,,,-00.000000206400,   0.24000,
,,,-00.000000206000,   0.32000,
,,,-00.000000205600,   0.44000,
,,,-00.000000205200,   0.56000,
,,,-00.000000204800,   0.76000,
,,,-00.000000204400,   0.96000,
,,,-00.000000204000,   1.20000,
,,,-00.000000203600,   1.40000,
,,,-00.000000203200,   1.64000,
,,,-00.000000202800,   1.96000,
,,,-00.000000202400,   2.20000,
,,,-00.000000202000,   2.44000,
,,,-00.000000201600,   2.68000,
,,,-00.000000201200,   2.88000,
,,,-00.000000200800,   3.04000,
,,,-00.000000200400,   3.16000,
,,,-00.000000200000,   3.28000,
,,,-00.000000199600,   3.36000,
,,,-00.000000199200,   3.40000,
,,,-00.000000198800,   3.44000,
,,,-00.000000198400,   3.44000,
,,,-00.000000198000,   3.44000,
,,,-00.000000197600,   3.44000,
,,,-00.000000197200,   3.40000,
,,,-00.000000196800,   3.40000,
,,,-00.000000196400,   3.36000,
,,,-00.000000196000,   3.32000,
,,,-00.000000195600,   3.28000,
,,,-00.000000195200,   3.28000,
,,,-00.000000194800,   3.32000,
,,,-00.000000194400,   3.32000,
,,,-00.000000194000,   3.28000,
,,,-00.000000193600,   3.28000,
,,,-00.000000193200,   3.32000,
,,,-00.000000192800,   3.36000,
,,,-00.000000192400,   3.32000,
,,,-00.000000192000,   3.28000,
,,,-00.000000191600,   3.28000,
,,,-00.000000191200,   3.28000,
,,,-00.000000190800,   3.28000,
,,,-00.000000190400,   3.28000,
,,,-00.000000190000,   3.28000,
,,,-00.000000189600,   3.28000,
,,,-00.000000189200,   3.24000,
,,,-00.000000188800,   3.24000,
,,,-00.000000188400,   3.24000,
,,,-00.000000188000,   3.28000,
,,,-00.000000187600,   3.28000,
,,,-00.000000187200,   3.32000,
,,,-00.000000186800,   3.36000,
,,,-00.000000186400,   3.32000,
,,,-00.000000186000,   3.32000,
,,,-00.000000185600,   3.32000,
,,,-00.000000185200,   3.32000,
,,,-00.000000184800,   3.32000,
,,,-00.000000184400,   3.32000,
,,,-00.000000184000,   3.32000,
,,,-00.000000183600,   3.32000,
,,,-00.000000183200,   3.36000,
,,,-00.000000182800,   3.36000,
,,,-00.000000182400,   3.36000,
,,,-00.000000182000,   3.36000,
,,,-00.000000181600,   3.32000,
,,,-00.000000181200,   3.36000,
,,,-00.000000180800,   3.40000,
,,,-00.000000180400,   3.36000,
,,,-00.000000180000,   3.36000,
,,,-00.000000179600,   3.32000,
,,,-00.000000179200,   3.28000,
,,,-00.000000178800,   3.28000,
,,,-00.000000178400,   3.28000,
,,,-00.000000178000,   3.28000,
,,,-00.000000177600,   3.24000,
,,,-00.000000177200,   3.28000,
,,,-00.000000176800,   3.32000,
,,,-00.000000176400,   3.28000,
,,,-00.000000176000,   3.28000,
,,,-00.000000175600,   3.28000,
,,,-00.000000175200,   3.28000,
,,,-00.000000174800,   3.28000,
,,,-00.000000174400,   3.28000,
,,,-00.000000174000,   3.28000,
,,,-00.000000173600,   3.28000,
,,,-00.000000173200,   3.28000,
,,,-00.000000172800,   3.28000,
,,,-00.000000172400,   3.28000,
,,,-00.000000172000,   3.28000,
,,,-00.000000171600,   3.32000,
,,,-00.000000171200,   3.32000,
,,,-00.000000170800,   3.32000,
,,,-00.000000170400,   3.32000,
,,,-00.000000170000,   3.32000,
,,,-00.000000169600,   3.36000,
,,,-00.000000169200,   3.40000,
,,,-00.000000168800,   3.40000,
,,,-00.000000168400,   3.32000,
,,,-00.000000168000,   3.32000,
,,,-00.000000167600,   3.36000,
,,,-00.000000167200,   3.32000,
,,,-00.000000166800,   3.32000,
,,,-00.000000166400,   3.28000,
,,,-00.000000166000,   3.28000,
,,,-00.000000165600,   3.32000,
,,,-00.000000165200,   3.28000,
,,,-00.000000164800,   3.28000,
,,,-00.000000164400,   3.24000,
,,,-00.000000164000,   3.20000,
,,,-00.000000163600,   3.24000,
,,,-00.000000163200,   3.24000,
,,,-00.000000162800,   3.24000,
,,,-00.000000162400,   3.24000,
,,,-00.000000162000,   3.24000,
,,,-00.000000161600,   3.28000,
,,,-00.000000161200,   3.28000,
,,,-00.000000160800,   3.28000,
,,,-00.000000160400,   3.32000,
,,,-00.000000160000,   3.36000,
,,,-00.000000159600,   3.36000,
,,,-00.000000159200,   3.32000,
,,,-00.000000158800,   3.32000,
,,,-00.000000158400,   3.28000,
,,,-00.000000158000,   3.36000,
,,,-00.000000157600,   3.36000,
,,,-00.000000157200,   3.36000,
,,,-00.000000156800,   3.36000,
,,,-00.000000156400,   3.36000,
,,,-00.000000156000,   3.36000,
,,,-00.000000155600,   3.40000,
,,,-00.000000155200,   3.36000,
,,,-00.000000154800,   3.32000,
,,,-00.000000154400,   3.32000,
,,,-00.000000154000,   3.32000,
,,,-00.000000153600,   3.32000,
,,,-00.000000153200,   3.32000,
,,,-00.000000152800,   3.32000,
,,,-00.000000152400,   3.32000,
,,,-00.000000152000,   3.32000,
,,,-00.000000151600,   3.28000,
,,,-00.000000151200,   3.28000,
,,,-00.000000150800,   3.28000,
,,,-00.000000150400,   3.28000,
,,,-00.000000150000,   3.28000,
,,,-00.000000149600,   3.28000,
,,,-00.000000149200,   3.28000,
,,,-00.000000148800,   3.28000,
,,,-00.000000148400,   3.24000,
,,,-00.000000148000,   3.32000,
,,,-00.000000147600,   3.36000,
,,,-00.000000147200,   3.32000,
,,,-00.000000146800,   3.32000,
,,,-00.000000146400,   3.32000,
,,,-00.000000146000,   3.32000,
,,,-00.000000145600,   3.28000,
,,,-00.000000145200,   3.32000,
,,,-00.000000144800,   3.36000,
,,,-00.000000144400,   3.36000,
,,,-00.000000144000,   3.36000,
,,,-00.000000143600,   3.36000,
,,,-00.000000143200,   3.36000,
,,,-00.000000142800,   3.36000,
,,,-00.000000142400,   3.36000,
,,,-00.000000142000,   3.36000,
,,,-00.000000141600,   3.32000,
,,,-00.000000141200,   3.32000,
,,,-00.000000140800,   3.32000,
,,,-00.000000140400,   3.32000,
,,,-00.000000140000,   3.36000,
,,,-00.000000139600,   3.32000,
,,,-00.000000139200,   3.32000,
,,,-00.000000138800,   3.32000,
,,,-00.000000138400,   3.32000,
,,,-00.000000138000,   3.32000,
,,,-00.000000137600,   3.32000,
,,,-00.000000137200,   3.32000,
,,,-00.000000136800,   3.32000,
,,,-00.000000136400,   3.28000,
,,,-00.000000136000,   3.28000,
,,,-00.000000135600,   3.32000,
,,,-00.000000135200,   3.32000,
,,,-00.000000134800,   3.32000,
,,,-00.000000134400,   3.28000,
,,,-00.000000134000,   3.28000,
,,,-00.000000133600,   3.32000,
,,,-00.000000133200,   3.32000,
,,,-00.000000132800,   3.32000,
,,,-00.000000132400,   3.32000,
,,,-00.000000132000,   3.36000,
,,,-00.000000131600,   3.32000,
,,,-00.000000131200,   3.32000,
,,,-00.000000130800,   3.32000,
,,,-00.000000130400,   3.32000,
,,,-00.000000130000,   3.36000,
,,,-00.000000129600,   3.32000,
,,,-00.000000129200,   3.32000,
,,,-00.000000128800,   3.32000,
,,,-00.000000128400,   3.32000,
,,,-00.000000128000,   3.32000,
,,,-00.000000127600,   3.32000,
,,,-00.000000127200,   3.32000,
,,,-00.000000126800,   3.32000,
,,,-00.000000126400,   3.28000,
,,,-00.000000126000,   3.28000,
,,,-00.000000125600,   3.28000,
,,,-00.000000125200,   3.28000,
,,,-00.000000124800,   3.32000,
,,,-00.000000124400,   3.32000,
,,,-00.000000124000,   3.28000,
,,,-00.000000123600,   3.28000,
,,,-00.000000123200,   3.32000,
,,,-00.000000122800,   3.32000,
,,,-00.000000122400,   3.28000,
,,,-00.000000122000,   3.24000,
,,,-00.000000121600,   3.28000,
,,,-00.000000121200,   3.36000,
,,,-00.000000120800,   3.32000,
,,,-00.000000120400,   3.32000,
,,,-00.000000120000,   3.32000,
,,,-00.000000119600,   3.32000,
,,,-00.000000119200,   3.32000,
,,,-00.000000118800,   3.32000,
,,,-00.000000118400,   3.32000,
,,,-00.000000118000,   3.36000,
,,,-00.000000117600,   3.36000,
,,,-00.000000117200,   3.36000,
,,,-00.000000116800,   3.36000,
,,,-00.000000116400,   3.32000,
,,,-00.000000116000,   3.32000,
,,,-00.000000115600,   3.36000,
,,,-00.000000115200,   3.32000,
,,,-00.000000114800,   3.32000,
,,,-00.000000114400,   3.32000,
,,,-00.000000114000,   3.28000,
,,,-00.000000113600,   3.28000,
,,,-00.000000113200,   3.28000,
,,,-00.000000112800,   3.28000,
,,,-00.000000112400,   3.28000,
,,,-00.000000112000,   3.28000,
,,,-00.000000111600,   3.28000,
,,,-00.000000111200,   3.28000,
,,,-00.000000110800,   3.32000,
,,,-00.000000110400,   3.32000,
,,,-00.000000110000,   3.28000,
,,,-00.000000109600,   3.28000,
,,,-00.000000109200,   3.28000,
,,,-00.000000108800,   3.28000,
,,,-00.000000108400,   3.28000,
,,,-00.000000108000,   3.32000,
,,,-00.000000107600,   3.32000,
,,,-00.000000107200,   3.32000,
,,,-00.000000106800,   3.32000,
,,,-00.000000106400,   3.32000,
,,,-00.000000106000,   3.36000,
,,,-00.000000105600,   3.32000,
,,,-00.000000105200,   3.32000,
,,,-00.000000104800,   3.32000,
,,,-00.000000104400,   3.32000,
,,,-00.000000104000,   3.32000,
,,,-00.000000103600,   3.32000,
,,,-00.000000103200,   3.32000,
,,,-00.000000102800,   3.32000,
,,,-00.000000102400,   3.32000,
,,,-00.000000102000,   3.32000,
,,,-00.000000101600,   3.28000,
,,,-00.000000101200,   3.32000,
,,,-00.000000100800,   3.36000,
,,,-00.000000100400,   3.32000,
,,,-00.000000100000,   3.32000,
,,,-00.000000099600,   3.36000,
,,,-00.000000099200,   3.36000,
,,,-00.000000098800,   3.36000,
,,,-00.000000098400,   3.36000,
,,,-00.000000098000,   3.28000,
,,,-00.000000097600,   3.24000,
,,,-00.000000097200,   3.28000,
,,,-00.000000096800,   3.28000,
,,,-00.000000096400,   3.28000,
,,,-00.000000096000,   3.28000,
,,,-00.000000095600,   3.28000,
,,,-00.000000095200,   3.24000,
,,,-00.000000094800,   3.28000,
,,,-00.000000094400,   3.32000,
,,,-00.000000094000,   3.32000,
,,,-00.000000093600,   3.32000,
,,,-00.000000093200,   3.36000,
,,,-00.000000092800,   3.36000,
,,,-00.000000092400,   3.32000,
,,,-00.000000092000,   3.32000,
,,,-00.000000091600,   3.32000,
,,,-00.000000091200,   3.32000,
,,,-00.000000090800,   3.32000,
,,,-00.000000090400,   3.32000,
,,,-00.000000090000,   3.32000,
,,,-00.000000089600,   3.32000,
,,,-00.000000089200,   3.36000,
,,,-00.000000088800,   3.36000,
,,,-00.000000088400,   3.32000,
,,,-00.000000088000,   3.32000,
,,,-00.000000087600,   3.32000,
,,,-00.000000087200,   3.32000,
,,,-00.000000086800,   3.32000,
,,,-00.000000086400,   3.32000,
,,,-00.000000086000,   3.32000,
,,,-00.000000085600,   3.28000,
,,,-00.000000085200,   3.28000,
,,,-00.000000084800,   3.28000,
,,,-00.000000084400,   3.28000,
,,,-00.000000084000,   3.28000,
,,,-00.000000083600,   3.28000,
,,,-00.000000083200,   3.28000,
,,,-00.000000082800,   3.28000,
,,,-00.000000082400,   3.28000,
,,,-00.000000082000,   3.32000,
,,,-00.000000081600,   3.32000,
,,,-00.000000081200,   3.32000,
,,,-00.000000080800,   3.32000,
,,,-00.000000080400,   3.32000,
,,,-00.000000080000,   3.32000,
,,,-00.000000079600,   3.32000,
,,,-00.000000079200,   3.32000,
,,,-00.000000078800,   3.36000,
,,,-00.000000078400,   3.36000,
,,,-00.000000078000,   3.36000,
,,,-00.000000077600,   3.36000,
,,,-00.000000077200,   3.32000,
,,,-00.000000076800,   3.32000,
,,,-00.000000076400,   3.28000,
,,,-00.000000076000,   3.28000,
,,,-00.000000075600,   3.28000,
,,,-00.000000075200,   3.28000,
,,,-00.000000074800,   3.28000,
,,,-00.000000074400,   3.28000,
,,,-00.000000074000,   3.28000,
,,,-00.000000073600,   3.28000,
,,,-00.000000073200,   3.28000,
,,,-00.000000072800,   3.28000,
,,,-00.000000072400,   3.24000,
,,,-00.000000072000,   3.32000,
,,,-00.000000071600,   3.32000,
,,,-00.000000071200,   3.32000,
,,,-00.000000070800,   3.32000,
,,,-00.000000070400,   3.28000,
,,,-00.000000070000,   3.24000,
,,,-00.000000069600,   3.28000,
,,,-00.000000069200,   3.32000,
,,,-00.000000068800,   3.32000,
,,,-00.000000068400,   3.32000,
,,,-00.000000068000,   3.32000,
,,,-00.000000067600,   3.32000,
,,,-00.000000067200,   3.32000,
,,,-00.000000066800,   3.32000,
,,,-00.000000066400,   3.32000,
,,,-00.000000066000,   3.28000,
,,,-00.000000065600,   3.28000,
,,,-00.000000065200,   3.28000,
,,,-00.000000064800,   3.28000,
,,,-00.000000064400,   3.28000,
,,,-00.000000064000,   3.28000,
,,,-00.000000063600,   3.32000,
,,,-00.000000063200,   3.32000,
,,,-00.000000062800,   3.36000,
,,,-00.000000062400,   3.36000,
,,,-00.000000062000,   3.32000,
,,,-00.000000061600,   3.32000,
,,,-00.000000061200,   3.32000,
,,,-00.000000060800,   3.32000,
,,,-00.000000060400,   3.32000,
,,,-00.000000060000,   3.32000,
,,,-00.000000059600,   3.32000,
,,,-00.000000059200,   3.32000,
,,,-00.000000058800,   3.32000,
,,,-00.000000058400,   3.32000,
,,,-00.000000058000,   3.32000,
,,,-00.000000057600,   3.32000,
,,,-00.000000057200,   3.32000,
,,,-00.000000056800,   3.32000,
,,,-00.000000056400,   3.32000,
,,,-00.000000056000,   3.32000,
,,,-00.000000055600,   3.32000,
,,,-00.000000055200,   3.28000,
,,,-00.000000054800,   3.28000,
,,,-00.000000054400,   3.28000,
,,,-00.000000054000,   3.28000,
,,,-00.000000053600,   3.28000,
,,,-00.000000053200,   3.32000,
,,,-00.000000052800,   3.32000,
,,,-00.000000052400,   3.28000,
,,,-00.000000052000,   3.24000,
,,,-00.000000051600,   3.28000,
,,,-00.000000051200,   3.32000,
,,,-00.000000050800,   3.36000,
,,,-00.000000050400,   3.40000,
,,,-00.000000050000,   3.36000,
,,,-00.000000049600,   3.32000,
,,,-00.000000049200,   3.36000,
,,,-00.000000048800,   3.40000,
,,,-00.000000048400,   3.40000,
,,,-00.000000048000,   3.36000,
,,,-00.000000047600,   3.32000,
,,,-00.000000047200,   3.28000,
,,,-00.000000046800,   3.28000,
,,,-00.000000046400,   3.28000,
,,,-00.000000046000,   3.32000,
,,,-00.000000045600,   3.28000,
,,,-00.000000045200,   3.28000,
,,,-00.000000044800,   3.28000,
,,,-00.000000044400,   3.28000,
,,,-00.000000044000,   3.32000,
,,,-00.000000043600,   3.28000,
,,,-00.000000043200,   3.28000,
,,,-00.000000042800,   3.28000,
,,,-00.000000042400,   3.28000,
,,,-00.000000042000,   3.28000,
,,,-00.000000041600,   3.28000,
,,,-00.000000041200,   3.24000,
,,,-00.000000040800,   3.28000,
,,,-00.000000040400,   3.32000,
,,,-00.000000040000,   3.32000,
,,,-00.000000039600,   3.32000,
,,,-00.000000039200,   3.32000,
,,,-00.000000038800,   3.32000,
,,,-00.000000038400,   3.32000,
,,,-00.000000038000,   3.32000,
,,,-00.000000037600,   3.28000,
,,,-00.000000037200,   3.28000,
,,,-00.000000036800,   3.32000,
,,,-00.000000036400,   3.32000,
,,,-00.000000036000,   3.28000,
,,,-00.000000035600,   3.28000,
,,,-00.000000035200,   3.24000,
,,,-00.000000034800,   3.24000,
,,,-00.000000034400,   3.20000,
,,,-00.000000034000,   3.28000,
,,,-00.000000033600,   3.28000,
,,,-00.000000033200,   3.28000,
,,,-00.000000032800,   3.28000,
,,,-00.000000032400,   3.28000,
,,,-00.000000032000,   3.28000,
,,,-00.000000031600,   3.28000,
,,,-00.000000031200,   3.28000,
,,,-00.000000030800,   3.28000,
,,,-00.000000030400,   3.28000,
,,,-00.000000030000,   3.28000,
,,,-00.000000029600,   3.32000,
,,,-00.000000029200,   3.32000,
,,,-00.000000028800,   3.32000,
,,,-00.000000028400,   3.32000,
,,,-00.000000028000,   3.32000,
,,,-00.000000027600,   3.32000,
,,,-00.000000027200,   3.32000,
,,,-00.000000026800,   3.32000,
,,,-00.000000026400,   3.32000,
,,,-00.000000026000,   3.32000,
,,,-00.000000025600,   3.32000,
,,,-00.000000025200,   3.32000,
,,,-00.000000024800,   3.32000,
,,,-00.000000024400,   3.32000,
,,,-00.000000024000,   3.28000,
,,,-00.000000023600,   3.28000,
,,,-00.000000023200,   3.32000,
,,,-00.000000022800,   3.32000,
,,,-00.000000022400,   3.32000,
,,,-00.000000022000,   3.32000,
,,,-00.000000021600,   3.32000,
,,,-00.000000021200,   3.32000,
,,,-00.000000020800,   3.32000,
,,,-00.000000020400,   3.28000,
,,,-00.000000020000,   3.24000,
,,,-00.000000019600,   3.28000,
,,,-00.000000019200,   3.36000,
,,,-00.000000018800,   3.32000,
,,,-00.000000018400,   3.32000,
,,,-00.000000018000,   3.32000,
,,,-00.000000017600,   3.36000,
,,,-00.000000017200,   3.32000,
,,,-00.000000016800,   3.32000,
,,,-00.000000016400,   3.28000,
,,,-00.000000016000,   3.32000,
,,,-00.000000015600,   3.36000,
,,,-00.000000015200,   3.32000,
,,,-00.000000014800,   3.32000,
,,,-00.000000014400,   3.32000,
,,,-00.000000014000,   3.32000,
,,,-00.000000013600,   3.32000,
,,,-00.000000013200,   3.32000,
,,,-00.000000012800,   3.32000,
,,,-00.000000012400,   3.32000,
,,,-00.000000012000,   3.32000,
,,,-00.000000011600,   3.32000,
,,,-00.000000011200,   3.32000,
,,,-00.000000010800,   3.36000,
,,,-00.000000010400,   3.32000,
,,,-00.000000010000,   3.32000,
,,,-00.000000009600,   3.32000,
,,,-00.000000009200,   3.32000,
,,,-00.000000008800,   3.32000,
,,,-00.000000008400,   3.32000,
,,,-00.000000008000,   3.32000,
,,,-00.000000007600,   3.32000,
,,,-00.000000007200,   3.32000,
,,,-00.000000006800,   3.32000,
,,,-00.000000006400,   3.32000,
,,,-00.000000006000,   3.28000,
,,,-00.000000005600,   3.28000,
,,,-00.000000005200,   3.28000,
,,,-00.000000004800,   3.28000,
,,,-00.000000004400,   3.28000,
,,,-00.000000004000,   3.28000,
,,,-00.000000003600,   3.24000,
,,,-00.000000003200,   3.28000,
,,,-00.000000002800,   3.32000,
,,,-00.000000002400,   3.28000,
,,,-00.000000002000,   3.24000,
,,,-00.000000001600,   3.28000,
,,,-00.000000001200,   3.36000,
,,,-00.000000000800,   3.36000,
,,,-00.000000000400,   3.32000,
,,,-00.000000000000,   3.28000,
,,,00.000000000400,   3.32000,
,,,00.000000000800,   3.36000,
,,,00.000000001200,   3.36000,
,,,00.000000001600,   3.36000,
,,,00.000000002000,   3.36000,
,,,00.000000002400,   3.32000,
,,,00.000000002800,   3.32000,
,,,00.000000003200,   3.36000,
,,,00.000000003600,   3.32000,
,,,00.000000004000,   3.28000,
,,,00.000000004400,   3.28000,
,,,00.000000004800,   3.28000,
,,,00.000000005200,   3.28000,
,,,00.000000005600,   3.28000,
,,,00.000000006000,   3.24000,
,,,00.000000006400,   3.24000,
,,,00.000000006800,   3.28000,
,,,00.000000007200,   3.28000,
,,,00.000000007600,   3.28000,
,,,00.000000008000,   3.28000,
,,,00.000000008400,   3.28000,
,,,00.000000008800,   3.28000,
,,,00.000000009200,   3.28000,
,,,00.000000009600,   3.24000,
,,,00.000000010000,   3.32000,
,,,00.000000010400,   3.36000,
,,,00.000000010800,   3.36000,
,,,00.000000011200,   3.36000,
,,,00.000000011600,   3.36000,
,,,00.000000012000,   3.36000,
,,,00.000000012400,   3.40000,
,,,00.000000012800,   3.36000,
,,,00.000000013200,   3.32000,
,,,00.000000013600,   3.32000,
,,,00.000000014000,   3.32000,
,,,00.000000014400,   3.32000,
,,,00.000000014800,   3.32000,
,,,00.000000015200,   3.36000,
,,,00.000000015600,   3.32000,
,,,00.000000016000,   3.32000,
,,,00.000000016400,   3.28000,
,,,00.000000016800,   3.28000,
,,,00.000000017200,   3.32000,
,,,00.000000017600,   3.32000,
,,,00.000000018000,   3.28000,
,,,00.000000018400,   3.24000,
,,,00.000000018800,   3.28000,
,,,00.000000019200,   3.32000,
,,,00.000000019600,   3.28000,
,,,00.000000020000,   3.24000,
,,,00.000000020400,   3.24000,
,,,00.000000020800,   3.28000,
,,,00.000000021200,   3.28000,
,,,00.000000021600,   3.28000,
,,,00.000000022000,   3.32000,
,,,00.000000022400,   3.32000,
,,,00.000000022800,   3.32000,
,,,00.000000023200,   3.36000,
,,,00.000000023600,   3.36000,
,,,00.000000024000,   3.36000,
,,,00.000000024400,   3.36000,
,,,00.000000024800,   3.32000,
,,,00.000000025200,   3.32000,
,,,00.000000025600,   3.28000,
,,,00.000000026000,   3.28000,
,,,00.000000026400,   3.32000,
,,,00.000000026800,   3.32000,
,,,00.000000027200,   3.32000,
,,,00.000000027600,   3.28000,
,,,00.000000028000,   3.28000,
,,,00.000000028400,   3.28000,
,,,00.000000028800,   3.28000,
,,,00.000000029200,   3.28000,
,,,00.000000029600,   3.28000,
,,,00.000000030000,   3.28000,
,,,00.000000030400,   3.28000,
,,,00.000000030800,   3.28000,
,,,00.000000031200,   3.28000,
,,,00.000000031600,   3.28000,
,,,00.000000032000,   3.28000,
,,,00.000000032400,   3.28000,
,,,00.000000032800,   3.28000,
,,,00.000000033200,   3.32000,
,,,00.000000033600,   3.32000,
,,,00.000000034000,   3.32000,
,,,00.000000034400,   3.36000,
,,,00.000000034800,   3.36000,
,,,00.000000035200,   3.36000,
,,,00.000000035600,   3.36000,
,,,00.000000036000,   3.36000,
,,,00.000000036400,   3.36000,
,,,00.000000036800,   3.36000,
,,,00.000000037200,   3.40000,
,,,00.000000037600,   3.40000,
,,,00.000000038000,   3.32000,
,,,00.000000038400,   3.28000,
,,,00.000000038800,   3.32000,
,,,00.000000039200,   3.32000,
,,,00.000000039600,   3.32000,
,,,00.000000040000,   3.32000,
,,,00.000000040400,   3.32000,
,,,00.000000040800,   3.32000,
,,,00.000000041200,   3.36000,
,,,00.000000041600,   3.36000,
,,,00.000000042000,   3.32000,
,,,00.000000042400,   3.32000,
,,,00.000000042800,   3.32000,
,,,00.000000043200,   3.32000,
,,,00.000000043600,   3.32000,
,,,00.000000044000,   3.28000,
,,,00.000000044400,   3.28000,
,,,00.000000044800,   3.28000,
,,,00.000000045200,   3.28000,
,,,00.000000045600,   3.28000,
,,,00.000000046000,   3.32000,
,,,00.000000046400,   3.32000,
,,,00.000000046800,   3.32000,
,,,00.000000047200,   3.32000,
,,,00.000000047600,   3.32000,
,,,00.000000048000,   3.32000,
,,,00.000000048400,   3.32000,
,,,00.000000048800,   3.32000,
,,,00.000000049200,   3.32000,
,,,00.000000049600,   3.32000,
,,,00.000000050000,   3.36000,
,,,00.000000050400,   3.32000,
,,,00.000000050800,   3.32000,
,,,00.000000051200,   3.32000,
,,,00.000000051600,   3.32000,
,,,00.000000052000,   3.32000,
,,,00.000000052400,   3.32000,
,,,00.000000052800,   3.32000,
,,,00.000000053200,   3.32000,
,,,00.000000053600,   3.32000,
,,,00.000000054000,   3.36000,
,,,00.000000054400,   3.32000,
,,,00.000000054800,   3.28000,
,,,00.000000055200,   3.32000,
,,,00.000000055600,   3.28000,
,,,00.000000056000,   3.28000,
,,,00.000000056400,   3.28000,
,,,00.000000056800,   3.28000,
,,,00.000000057200,   3.32000,
,,,00.000000057600,   3.32000,
,,,00.000000058000,   3.32000,
,,,00.000000058400,   3.32000,
,,,00.000000058800,   3.32000,
,,,00.000000059200,   3.36000,
,,,00.000000059600,   3.36000,
,,,00.000000060000,   3.32000,
,,,00.000000060400,   3.28000,
,,,00.000000060800,   3.32000,
,,,00.000000061200,   3.36000,
,,,00.000000061600,   3.36000,
,,,00.000000062000,   3.32000,
,,,00.000000062400,   3.32000,
,,,00.000000062800,   3.32000,
,,,00.000000063200,   3.32000,
,,,00.000000063600,   3.32000,
,,,00.000000064000,   3.32000,
,,,00.000000064400,   3.32000,
,,,00.000000064800,   3.32000,
,,,00.000000065200,   3.32000,
,,,00.000000065600,   3.32000,
,,,00.000000066000,   3.32000,
,,,00.000000066400,   3.32000,
,,,00.000000066800,   3.28000,
,,,00.000000067200,   3.28000,
,,,00.000000067600,   3.28000,
,,,00.000000068000,   3.28000,
,,,00.000000068400,   3.24000,
,,,00.000000068800,   3.28000,
,,,00.000000069200,   3.36000,
,,,00.000000069600,   3.32000,
,,,00.000000070000,   3.28000,
,,,00.000000070400,   3.32000,
,,,00.000000070800,   3.32000,
,,,00.000000071200,   3.32000,
,,,00.000000071600,   3.32000,
,,,00.000000072000,   3.28000,
,,,00.000000072400,   3.24000,
,,,00.000000072800,   3.28000,
,,,00.000000073200,   3.32000,
,,,00.000000073600,   3.28000,
,,,00.000000074000,   3.24000,
,,,00.000000074400,   3.28000,
,,,00.000000074800,   3.32000,
,,,00.000000075200,   3.32000,
,,,00.000000075600,   3.32000,
,,,00.000000076000,   3.32000,
,,,00.000000076400,   3.32000,
,,,00.000000076800,   3.32000,
,,,00.000000077200,   3.32000,
,,,00.000000077600,   3.32000,
,,,00.000000078000,   3.32000,
,,,00.000000078400,   3.32000,
,,,00.000000078800,   3.32000,
,,,00.000000079200,   3.36000,
,,,00.000000079600,   3.36000,
,,,00.000000080000,   3.32000,
,,,00.000000080400,   3.32000,
,,,00.000000080800,   3.28000,
,,,00.000000081200,   3.28000,
,,,00.000000081600,   3.28000,
,,,00.000000082000,   3.28000,
,,,00.000000082400,   3.28000,
,,,00.000000082800,   3.28000,
,,,00.000000083200,   3.28000,
,,,00.000000083600,   3.28000,
,,,00.000000084000,   3.32000,
,,,00.000000084400,   3.28000,
,,,00.000000084800,   3.28000,
,,,00.000000085200,   3.28000,
,,,00.000000085600,   3.28000,
,,,00.000000086000,   3.28000,
,,,00.000000086400,   3.28000,
,,,00.000000086800,   3.28000,
,,,00.000000087200,   3.28000,
,,,00.000000087600,   3.28000,
,,,00.000000088000,   3.28000,
,,,00.000000088400,   3.32000,
,,,00.000000088800,   3.32000,
,,,00.000000089200,   3.32000,
,,,00.000000089600,   3.28000,
,,,00.000000090000,   3.28000,
,,,00.000000090400,   3.32000,
,,,00.000000090800,   3.28000,
,,,00.000000091200,   3.28000,
,,,00.000000091600,   3.28000,
,,,00.000000092000,   3.32000,
,,,00.000000092400,   3.32000,
,,,00.000000092800,   3.28000,
,,,00.000000093200,   3.28000,
,,,00.000000093600,   3.28000,
,,,00.000000094000,   3.28000,
,,,00.000000094400,   3.28000,
,,,00.000000094800,   3.28000,
,,,00.000000095200,   3.28000,
,,,00.000000095600,   3.28000,
,,,00.000000096000,   3.28000,
,,,00.000000096400,   3.32000,
,,,00.000000096800,   3.28000,
,,,00.000000097200,   3.28000,
,,,00.000000097600,   3.28000,
,,,00.000000098000,   3.32000,
,,,00.000000098400,   3.32000,
,,,00.000000098800,   3.32000,
,,,00.000000099200,   3.32000,
,,,00.000000099600,   3.32000,
,,,00.000000100000,   3.28000,
,,,00.000000100400,   3.24000,
,,,00.000000100800,   3.28000,
,,,00.000000101200,   3.32000,
,,,00.000000101600,   3.32000,
,,,00.000000102000,   3.32000,
,,,00.000000102400,   3.28000,
,,,00.000000102800,   3.28000,
,,,00.000000103200,   3.32000,
,,,00.000000103600,   3.32000,
,,,00.000000104000,   3.32000,
,,,00.000000104400,   3.28000,
,,,00.000000104800,   3.28000,
,,,00.000000105200,   3.28000,
,,,00.000000105600,   3.28000,
,,,00.000000106000,   3.32000,
,,,00.000000106400,   3.32000,
,,,00.000000106800,   3.32000,
,,,00.000000107200,   3.36000,
,,,00.000000107600,   3.36000,
,,,00.000000108000,   3.32000,
,,,00.000000108400,   3.28000,
,,,00.000000108800,   3.28000,
,,,00.000000109200,   3.32000,
,,,00.000000109600,   3.36000,
,,,00.000000110000,   3.32000,
,,,00.000000110400,   3.32000,
,,,00.000000110800,   3.36000,
,,,00.000000111200,   3.36000,
,,,00.000000111600,   3.32000,
,,,00.000000112000,   3.32000,
,,,00.000000112400,   3.32000,
,,,00.000000112800,   3.32000,
,,,00.000000113200,   3.32000,
,,,00.000000113600,   3.32000,
,,,00.000000114000,   3.36000,
,,,00.000000114400,   3.32000,
,,,00.000000114800,   3.32000,
,,,00.000000115200,   3.36000,
,,,00.000000115600,   3.36000,
,,,00.000000116000,   3.32000,
,,,00.000000116400,   3.28000,
,,,00.000000116800,   3.28000,
,,,00.000000117200,   3.32000,
,,,00.000000117600,   3.32000,
,,,00.000000118000,   3.28000,
,,,00.000000118400,   3.24000,
,,,00.000000118800,   3.28000,
,,,00.000000119200,   3.32000,
,,,00.000000119600,   3.28000,
,,,00.000000120000,   3.24000,
,,,00.000000120400,   3.28000,
,,,00.000000120800,   3.28000,
,,,00.000000121200,   3.28000,
,,,00.000000121600,   3.28000,
,,,00.000000122000,   3.32000,
,,,00.000000122400,   3.32000,
,,,00.000000122800,   3.28000,
,,,00.000000123200,   3.28000,
,,,00.000000123600,   3.28000,
,,,00.000000124000,   3.32000,
,,,00.000000124400,   3.32000,
,,,00.000000124800,   3.32000,
,,,00.000000125200,   3.32000,
,,,00.000000125600,   3.32000,
,,,00.000000126000,   3.28000,
,,,00.000000126400,   3.28000,
,,,00.000000126800,   3.28000,
,,,00.000000127200,   3.28000,
,,,00.000000127600,   3.28000,
,,,00.000000128000,   3.28000,
,,,00.000000128400,   3.28000,
,,,00.000000128800,   3.32000,
,,,00.000000129200,   3.36000,
,,,00.000000129600,   3.28000,
,,,00.000000130000,   3.28000,
,,,00.000000130400,   3.32000,
,,,00.000000130800,   3.28000,
,,,00.000000131200,   3.28000,
,,,00.000000131600,   3.28000,
,,,00.000000132000,   3.32000,
,,,00.000000132400,   3.28000,
,,,00.000000132800,   3.28000,
,,,00.000000133200,   3.28000,
,,,00.000000133600,   3.28000,
,,,00.000000134000,   3.28000,
,,,00.000000134400,   3.24000,
,,,00.000000134800,   3.28000,
,,,00.000000135200,   3.32000,
,,,00.000000135600,   3.32000,
,,,00.000000136000,   3.32000,
,,,00.000000136400,   3.32000,
,,,00.000000136800,   3.28000,
,,,00.000000137200,   3.28000,
,,,00.000000137600,   3.28000,
,,,00.000000138000,   3.32000,
,,,00.000000138400,   3.32000,
,,,00.000000138800,   3.28000,
,,,00.000000139200,   3.28000,
,,,00.000000139600,   3.28000,
,,,00.000000140000,   3.32000,
,,,00.000000140400,   3.32000,
,,,00.000000140800,   3.36000,
,,,00.000000141200,   3.36000,
,,,00.000000141600,   3.32000,
,,,00.000000142000,   3.28000,
,,,00.000000142400,   3.24000,
,,,00.000000142800,   3.28000,
,,,00.000000143200,   3.32000,
,,,00.000000143600,   3.32000,
,,,00.000000144000,   3.32000,
,,,00.000000144400,   3.28000,
,,,00.000000144800,   3.28000,
,,,00.000000145200,   3.28000,
,,,00.000000145600,   3.28000,
,,,00.000000146000,   3.28000,
,,,00.000000146400,   3.24000,
,,,00.000000146800,   3.28000,
,,,00.000000147200,   3.36000,
,,,00.000000147600,   3.36000,
,,,00.000000148000,   3.32000,
,,,00.000000148400,   3.28000,
,,,00.000000148800,   3.28000,
,,,00.000000149200,   3.28000,
,,,00.000000149600,   3.28000,
,,,00.000000150000,   3.32000,
,,,00.000000150400,   3.28000,
,,,00.000000150800,   3.28000,
,,,00.000000151200,   3.28000,
,,,00.000000151600,   3.28000,
,,,00.000000152000,   3.32000,
,,,00.000000152400,   3.32000,
,,,00.000000152800,   3.32000,
,,,00.000000153200,   3.32000,
,,,00.000000153600,   3.32000,
,,,00.000000154000,   3.32000,
,,,00.000000154400,   3.28000,
,,,00.000000154800,   3.28000,
,,,00.000000155200,   3.32000,
,,,00.000000155600,   3.32000,
,,,00.000000156000,   3.32000,
,,,00.000000156400,   3.32000,
,,,00.000000156800,   3.28000,
,,,00.000000157200,   3.28000,
,,,00.000000157600,   3.28000,
,,,00.000000158000,   3.32000,
,,,00.000000158400,   3.32000,
,,,00.000000158800,   3.32000,
,,,00.000000159200,   3.32000,
,,,00.000000159600,   3.32000,
,,,00.000000160000,   3.28000,
,,,00.000000160400,   3.24000,
,,,00.000000160800,   3.28000,
,,,00.000000161200,   3.36000,
,,,00.000000161600,   3.36000,
,,,00.000000162000,   3.28000,
,,,00.000000162400,   3.28000,
,,,00.000000162800,   3.32000,
,,,00.000000163200,   3.32000,
,,,00.000000163600,   3.32000,
,,,00.000000164000,   3.32000,
,,,00.000000164400,   3.32000,
,,,00.000000164800,   3.32000,
,,,00.000000165200,   3.36000,
,,,00.000000165600,   3.32000,
,,,00.000000166000,   3.28000,
,,,00.000000166400,   3.24000,
,,,00.000000166800,   3.28000,
,,,00.000000167200,   3.32000,
,,,00.000000167600,   3.32000,
,,,00.000000168000,   3.28000,
,,,00.000000168400,   3.24000,
,,,00.000000168800,   3.28000,
,,,00.000000169200,   3.32000,
,,,00.000000169600,   3.32000,
,,,00.000000170000,   3.28000,
,,,00.000000170400,   3.28000,
,,,00.000000170800,   3.28000,
,,,00.000000171200,   3.28000,
,,,00.000000171600,   3.28000,
,,,00.000000172000,   3.28000,
,,,00.000000172400,   3.28000,
,,,00.000000172800,   3.28000,
,,,00.000000173200,   3.32000,
,,,00.000000173600,   3.28000,
,,,00.000000174000,   3.28000,
,,,00.000000174400,   3.28000,
,,,00.000000174800,   3.28000,
,,,00.000000175200,   3.28000,
,,,00.000000175600,   3.28000,
,,,00.000000176000,   3.28000,
,,,00.000000176400,   3.28000,
,,,00.000000176800,   3.32000,
,,,00.000000177200,   3.32000,
,,,00.000000177600,   3.28000,
,,,00.000000178000,   3.28000,
,,,00.000000178400,   3.28000,
,,,00.000000178800,   3.28000,
,,,00.000000179200,   3.28000,
,,,00.000000179600,   3.28000,
,,,00.000000180000,   3.24000,
,,,00.000000180400,   3.24000,
,,,00.000000180800,   3.28000,
,,,00.000000181200,   3.32000,
,,,00.000000181600,   3.28000,
,,,00.000000182000,   3.28000,
,,,00.000000182400,   3.32000,
,,,00.000000182800,   3.32000,
,,,00.000000183200,   3.32000,
,,,00.000000183600,   3.32000,
,,,00.000000184000,   3.32000,
,,,00.000000184400,   3.36000,
,,,00.000000184800,   3.32000,
,,,00.000000185200,   3.32000,
,,,00.000000185600,   3.28000,
,,,00.000000186000,   3.24000,
,,,00.000000186400,   3.28000,
,,,00.000000186800,   3.32000,
,,,00.000000187200,   3.32000,
,,,00.000000187600,   3.32000,
,,,00.000000188000,   3.28000,
,,,00.000000188400,   3.28000,
,,,00.000000188800,   3.28000,
,,,00.000000189200,   3.28000,
,,,00.000000189600,   3.28000,
,,,00.000000190000,   3.28000,
,,,00.000000190400,   3.28000,
,,,00.000000190800,   3.28000,
,,,00.000000191200,   3.28000,
,,,00.000000191600,   3.28000,
,,,00.000000192000,   3.28000,
,,,00.000000192400,   3.24000,
,,,00.000000192800,   3.28000,
,,,00.000000193200,   3.32000,
,,,00.000000193600,   3.32000,
,,,00.000000194000,   3.28000,
,,,00.000000194400,   3.28000,
,,,00.000000194800,   3.32000,
,,,00.000000195200,   3.36000,
,,,00.000000195600,   3.32000,
,,,00.000000196000,   3.32000,
,,,00.000000196400,   3.28000,
,,,00.000000196800,   3.28000,
,,,00.000000197200,   3.28000,
,,,00.000000197600,   3.28000,
,,,00.000000198000,   3.32000,
,,,00.000000198400,   3.32000,
,,,00.000000198800,   3.32000,
,,,00.000000199200,   3.32000,
,,,00.000000199600,   3.28000,
,,,00.000000200000,   3.24000,
,,,00.000000200400,   3.28000,
,,,00.000000200800,   3.32000,
,,,00.000000201200,   3.32000,
,,,00.000000201600,   3.28000,
,,,00.000000202000,   3.28000,
,,,00.000000202400,   3.32000,
,,,00.000000202800,   3.32000,
,,,00.000000203200,   3.32000,
,,,00.000000203600,   3.32000,
,,,00.000000204000,   3.32000,
,,,00.000000204400,   3.32000,
,,,00.000000204800,   3.28000,
,,,00.000000205200,   3.28000,
,,,00.000000205600,   3.28000,
,,,00.000000206000,   3.32000,
,,,00.000000206400,   3.28000,
,,,00.000000206800,   3.28000,
,,,00.000000207200,   3.28000,
,,,00.000000207600,   3.28000,
,,,00.000000208000,   3.28000,
,,,00.000000208400,   3.28000,
,,,00.000000208800,   3.32000,
,,,00.000000209200,   3.32000,
,,,00.000000209600,   3.32000,
,,,00.000000210000,   3.32000,
,,,00.000000210400,   3.32000,
,,,00.000000210800,   3.28000,
,,,00.000000211200,   3.28000,
,,,00.000000211600,   3.28000,
,,,00.000000212000,   3.28000,
,,,00.000000212400,   3.32000,
,,,00.000000212800,   3.32000,
,,,00.000000213200,   3.32000,
,,,00.000000213600,   3.32000,
,,,00.000000214000,   3.32000,
,,,00.000000214400,   3.32000,
,,,00.000000214800,   3.32000,
,,,00.000000215200,   3.32000,
,,,00.000000215600,   3.28000,
,,,00.000000216000,   3.24000,
,,,00.000000216400,   3.28000,
,,,00.000000216800,   3.32000,
,,,00.000000217200,   3.32000,
,,,00.000000217600,   3.32000,
,,,00.000000218000,   3.32000,
,,,00.000000218400,   3.32000,
,,,00.000000218800,   3.32000,
,,,00.000000219200,   3.32000,
,,,00.000000219600,   3.32000,
,,,00.000000220000,   3.36000,
,,,00.000000220400,   3.32000,
,,,00.000000220800,   3.28000,
,,,00.000000221200,   3.32000,
,,,00.000000221600,   3.28000,
,,,00.000000222000,   3.24000,
,,,00.000000222400,   3.28000,
,,,00.000000222800,   3.32000,
,,,00.000000223200,   3.32000,
,,,00.000000223600,   3.32000,
,,,00.000000224000,   3.32000,
,,,00.000000224400,   3.32000,
,,,00.000000224800,   3.32000,
,,,00.000000225200,   3.32000,
,,,00.000000225600,   3.28000,
,,,00.000000226000,   3.28000,
,,,00.000000226400,   3.28000,
,,,00.000000226800,   3.28000,
,,,00.000000227200,   3.28000,
,,,00.000000227600,   3.28000,
,,,00.000000228000,   3.28000,
,,,00.000000228400,   3.28000,
,,,00.000000228800,   3.32000,
,,,00.000000229200,   3.32000,
,,,00.000000229600,   3.32000,
,,,00.000000230000,   3.32000,
,,,00.000000230400,   3.32000,
,,,00.000000230800,   3.32000,
,,,00.000000231200,   3.32000,
,,,00.000000231600,   3.28000,
,,,00.000000232000,   3.24000,
,,,00.000000232400,   3.28000,
,,,00.000000232800,   3.28000,
,,,00.000000233200,   3.28000,
,,,00.000000233600,   3.28000,
,,,00.000000234000,   3.32000,
,,,00.000000234400,   3.28000,
,,,00.000000234800,   3.28000,
,,,00.000000235200,   3.28000,
,,,00.000000235600,   3.28000,
,,,00.000000236000,   3.28000,
,,,00.000000236400,   3.28000,
,,,00.000000236800,   3.32000,
,,,00.000000237200,   3.32000,
,,,00.000000237600,   3.32000,
,,,00.000000238000,   3.28000,
,,,00.000000238400,   3.28000,
,,,00.000000238800,   3.28000,
,,,00.000000239200,   3.28000,
,,,00.000000239600,   3.28000,
,,,00.000000240000,   3.28000,
,,,00.000000240400,   3.28000,
,,,00.000000240800,   3.28000,
,,,00.000000241200,   3.32000,
,,,00.000000241600,   3.32000,
,,,00.000000242000,   3.28000,
,,,00.000000242400,   3.28000,
,,,00.000000242800,   3.28000,
,,,00.000000243200,   3.28000,
,,,00.000000243600,   3.28000,
,,,00.000000244000,   3.28000,
,,,00.000000244400,   3.28000,
,,,00.000000244800,   3.28000,
,,,00.000000245200,   3.32000,
,,,00.000000245600,   3.28000,
,,,00.000000246000,   3.24000,
,,,00.000000246400,   3.28000,
,,,00.000000246800,   3.32000,
,,,00.000000247200,   3.32000,
,,,00.000000247600,   3.32000,
,,,00.000000248000,   3.32000,
,,,00.000000248400,   3.28000,
,,,00.000000248800,   3.28000,
,,,00.000000249200,   3.28000,
,,,00.000000249600,   3.28000,
,,,00.000000250000,   3.32000,
,,,00.000000250400,   3.32000,
,,,00.000000250800,   3.32000,
,,,00.000000251200,   3.36000,
,,,00.000000251600,   3.36000,
,,,00.000000252000,   3.32000,
,,,00.000000252400,   3.32000,
,,,00.000000252800,   3.32000,
,,,00.000000253200,   3.32000,
,,,00.000000253600,   3.32000,
,,,00.000000254000,   3.28000,
,,,00.000000254400,   3.28000,
,,,00.000000254800,   3.32000,
,,,00.000000255200,   3.32000,
,,,00.000000255600,   3.32000,
,,,00.000000256000,   3.28000,
,,,00.000000256400,   3.28000,
,,,00.000000256800,   3.32000,
,,,00.000000257200,   3.36000,
,,,00.000000257600,   3.32000,
,,,00.000000258000,   3.32000,
,,,00.000000258400,   3.32000,
,,,00.000000258800,   3.28000,
,,,00.000000259200,   3.28000,
,,,00.000000259600,   3.28000,
,,,00.000000260000,   3.28000,
,,,00.000000260400,   3.32000,
,,,00.000000260800,   3.28000,
,,,00.000000261200,   3.28000,
,,,00.000000261600,   3.28000,
,,,00.000000262000,   3.28000,
,,,00.000000262400,   3.32000,
,,,00.000000262800,   3.28000,
,,,00.000000263200,   3.28000,
,,,00.000000263600,   3.28000,
,,,00.000000264000,   3.32000,
,,,00.000000264400,   3.32000,
,,,00.000000264800,   3.28000,
,,,00.000000265200,   3.28000,
,,,00.000000265600,   3.28000,
,,,00.000000266000,   3.28000,
,,,00.000000266400,   3.32000,
,,,00.000000266800,   3.32000,
,,,00.000000267200,   3.32000,
,,,00.000000267600,   3.32000,
,,,00.000000268000,   3.28000,
,,,00.000000268400,   3.28000,
,,,00.000000268800,   3.32000,
,,,00.000000269200,   3.32000,
,,,00.000000269600,   3.28000,
,,,00.000000270000,   3.28000,
,,,00.000000270400,   3.32000,
,,,00.000000270800,   3.28000,
,,,00.000000271200,   3.28000,
,,,00.000000271600,   3.28000,
,,,00.000000272000,   3.28000,
,,,00.000000272400,   3.28000,
,,,00.000000272800,   3.32000,
,,,00.000000273200,   3.36000,
,,,00.000000273600,   3.32000,
,,,00.000000274000,   3.32000,
,,,00.000000274400,   3.36000,
,,,00.000000274800,   3.32000,
,,,00.000000275200,   3.32000,
,,,00.000000275600,   3.32000,
,,,00.000000276000,   3.32000,
,,,00.000000276400,   3.28000,
,,,00.000000276800,   3.28000,
,,,00.000000277200,   3.32000,
,,,00.000000277600,   3.32000,
,,,00.000000278000,   3.28000,
,,,00.000000278400,   3.24000,
,,,00.000000278800,   3.28000,
,,,00.000000279200,   3.32000,
,,,00.000000279600,   3.32000,
,,,00.000000280000,   3.28000,
,,,00.000000280400,   3.28000,
,,,00.000000280800,   3.28000,
,,,00.000000281200,   3.28000,
,,,00.000000281600,   3.28000,
,,,00.000000282000,   3.28000,
,,,00.000000282400,   3.32000,
,,,00.000000282800,   3.28000,
,,,00.000000283200,   3.28000,
,,,00.000000283600,   3.28000,
,,,00.000000284000,   3.28000,
,,,00.000000284400,   3.28000,
,,,00.000000284800,   3.28000,
,,,00.000000285200,   3.32000,
,,,00.000000285600,   3.36000,
,,,00.000000286000,   3.28000,
,,,00.000000286400,   3.24000,
,,,00.000000286800,   3.28000,
,,,00.000000287200,   3.28000,
,,,00.000000287600,   3.28000,
,,,00.000000288000,   3.32000,
,,,00.000000288400,   3.28000,
,,,00.000000288800,   3.28000,
,,,00.000000289200,   3.28000,
,,,00.000000289600,   3.28000,
,,,00.000000290000,   3.32000,
,,,00.000000290400,   3.28000,
,,,00.000000290800,   3.28000,
,,,00.000000291200,   3.28000,
,,,00.000000291600,   3.28000,
,,,00.000000292000,   3.28000,
,,,00.000000292400,   3.28000,
,,,00.000000292800,   3.28000,
,,,00.000000293200,   3.28000,
,,,00.000000293600,   3.28000,
,,,00.000000294000,   3.28000,
,,,00.000000294400,   3.28000,
,,,00.000000294800,   3.32000,
,,,00.000000295200,   3.32000,
,,,00.000000295600,   3.28000,
,,,00.000000296000,   3.24000,
,,,00.000000296400,   3.28000,
,,,00.000000296800,   3.32000,
,,,00.000000297200,   3.32000,
,,,00.000000297600,   3.28000,
,,,00.000000298000,   3.28000,
,,,00.000000298400,   3.28000,
,,,00.000000298800,   3.28000,
,,,00.000000299200,   3.28000,
,,,00.000000299600,   3.28000,
,,,00.000000300000,   3.28000,
,,,00.000000300400,   3.32000,
,,,00.000000300800,   3.32000,
,,,00.000000301200,   3.32000,
,,,00.000000301600,   3.32000,
,,,00.000000302000,   3.28000,
,,,00.000000302400,   3.28000,
,,,00.000000302800,   3.28000,
,,,00.000000303200,   3.28000,
,,,00.000000303600,   3.28000,
,,,00.000000304000,   3.32000,
,,,00.000000304400,   3.32000,
,,,00.000000304800,   3.36000,
,,,00.000000305200,   3.32000,
,,,00.000000305600,   3.28000,
,,,00.000000306000,   3.28000,
,,,00.000000306400,   3.32000,
,,,00.000000306800,   3.32000,
,,,00.000000307200,   3.32000,
,,,00.000000307600,   3.32000,
,,,00.000000308000,   3.28000,
,,,00.000000308400,   3.28000,
,,,00.000000308800,   3.32000,
,,,00.000000309200,   3.32000,
,,,00.000000309600,   3.28000,
,,,00.000000310000,   3.28000,
,,,00.000000310400,   3.28000,
,,,00.000000310800,   3.28000,
,,,00.000000311200,   3.32000,
,,,00.000000311600,   3.28000,
,,,00.000000312000,   3.28000,
,,,00.000000312400,   3.28000,
,,,00.000000312800,   3.28000,
,,,00.000000313200,   3.28000,
,,,00.000000313600,   3.28000,
,,,00.000000314000,   3.32000,
,,,00.000000314400,   3.28000,
,,,00.000000314800,   3.28000,
,,,00.000000315200,   3.32000,
,,,00.000000315600,   3.32000,
,,,00.000000316000,   3.32000,
,,,00.000000316400,   3.32000,
,,,00.000000316800,   3.32000,
,,,00.000000317200,   3.36000,
,,,00.000000317600,   3.36000,
,,,00.000000318000,   3.28000,
,,,00.000000318400,   3.28000,
,,,00.000000318800,   3.32000,
,,,00.000000319200,   3.36000,
,,,00.000000319600,   3.28000,
,,,00.000000320000,   3.24000,
,,,00.000000320400,   3.28000,
,,,00.000000320800,   3.32000,
,,,00.000000321200,   3.32000,
,,,00.000000321600,   3.32000,
,,,00.000000322000,   3.32000,
,,,00.000000322400,   3.32000,
,,,00.000000322800,   3.32000,
,,,00.000000323200,   3.32000,
,,,00.000000323600,   3.28000,
,,,00.000000324000,   3.28000,
,,,00.000000324400,   3.32000,
,,,00.000000324800,   3.32000,
,,,00.000000325200,   3.32000,
,,,00.000000325600,   3.28000,
,,,00.000000326000,   3.28000,
,,,00.000000326400,   3.32000,
,,,00.000000326800,   3.28000,
,,,00.000000327200,   3.28000,
,,,00.000000327600,   3.28000,
,,,00.000000328000,   3.28000,
,,,00.000000328400,   3.28000,
,,,00.000000328800,   3.32000,
,,,00.000000329200,   3.32000,
,,,00.000000329600,   3.28000,
,,,00.000000330000,   3.28000,
,,,00.000000330400,   3.28000,
,,,00.000000330800,   3.28000,
,,,00.000000331200,   3.32000,
,,,00.000000331600,   3.32000,
,,,00.000000332000,   3.28000,
,,,00.000000332400,   3.24000,
,,,00.000000332800,   3.28000,
,,,00.000000333200,   3.32000,
,,,00.000000333600,   3.32000,
,,,00.000000334000,   3.32000,
,,,00.000000334400,   3.32000,
,,,00.000000334800,   3.32000,
,,,00.000000335200,   3.32000,
,,,00.000000335600,   3.32000,
,,,00.000000336000,   3.32000,
,,,00.000000336400,   3.28000,
,,,00.000000336800,   3.28000,
,,,00.000000337200,   3.28000,
,,,00.000000337600,   3.28000,
,,,00.000000338000,   3.32000,
,,,00.000000338400,   3.28000,
,,,00.000000338800,   3.28000,
,,,00.000000339200,   3.28000,
,,,00.000000339600,   3.28000,
,,,00.000000340000,   3.32000,
,,,00.000000340400,   3.32000,
,,,00.000000340800,   3.28000,
,,,00.000000341200,   3.28000,
,,,00.000000341600,   3.28000,
,,,00.000000342000,   3.28000,
,,,00.000000342400,   3.28000,
,,,00.000000342800,   3.28000,
,,,00.000000343200,   3.32000,
,,,00.000000343600,   3.28000,
,,,00.000000344000,   3.28000,
,,,00.000000344400,   3.28000,
,,,00.000000344800,   3.28000,
,,,00.000000345200,   3.28000,
,,,00.000000345600,   3.28000,
,,,00.000000346000,   3.32000,
,,,00.000000346400,   3.32000,
,,,00.000000346800,   3.32000,
,,,00.000000347200,   3.36000,
,,,00.000000347600,   3.36000,
,,,00.000000348000,   3.32000,
,,,00.000000348400,   3.28000,
,,,00.000000348800,   3.28000,
,,,00.000000349200,   3.28000,
,,,00.000000349600,   3.28000,
,,,00.000000350000,   3.32000,
,,,00.000000350400,   3.32000,
,,,00.000000350800,   3.36000,
,,,00.000000351200,   3.36000,
,,,00.000000351600,   3.28000,
,,,00.000000352000,   3.24000,
,,,00.000000352400,   3.28000,
,,,00.000000352800,   3.32000,
,,,00.000000353200,   3.32000,
,,,00.000000353600,   3.32000,
,,,00.000000354000,   3.32000,
,,,00.000000354400,   3.32000,
,,,00.000000354800,   3.32000,
,,,00.000000355200,   3.32000,
,,,00.000000355600,   3.32000,
,,,00.000000356000,   3.32000,
,,,00.000000356400,   3.32000,
,,,00.000000356800,   3.36000,
,,,00.000000357200,   3.36000,
,,,00.000000357600,   3.36000,
,,,00.000000358000,   3.32000,
,,,00.000000358400,   3.32000,
,,,00.000000358800,   3.32000,
,,,00.000000359200,   3.32000,
,,,00.000000359600,   3.32000,
,,,00.000000360000,   3.28000,
,,,00.000000360400,   3.24000,
,,,00.000000360800,   3.28000,
,,,00.000000361200,   3.32000,
,,,00.000000361600,   3.32000,
,,,00.000000362000,   3.32000,
,,,00.000000362400,   3.28000,
,,,00.000000362800,   3.28000,
,,,00.000000363200,   3.32000,
,,,00.000000363600,   3.36000,
,,,00.000000364000,   3.28000,
,,,00.000000364400,   3.28000,
,,,00.000000364800,   3.32000,
,,,00.000000365200,   3.32000,
,,,00.000000365600,   3.28000,
,,,00.000000366000,   3.28000,
,,,00.000000366400,   3.28000,
,,,00.000000366800,   3.28000,
,,,00.000000367200,   3.28000,
,,,00.000000367600,   3.28000,
,,,00.000000368000,   3.32000,
,,,00.000000368400,   3.32000,
,,,00.000000368800,   3.32000,
,,,00.000000369200,   3.32000,
,,,00.000000369600,   3.32000,
,,,00.000000370000,   3.28000,
,,,00.000000370400,   3.28000,
,,,00.000000370800,   3.28000,
,,,00.000000371200,   3.28000,
,,,00.000000371600,   3.28000,
,,,00.000000372000,   3.28000,
,,,00.000000372400,   3.28000,
,,,00.000000372800,   3.28000,
,,,00.000000373200,   3.32000,
,,,00.000000373600,   3.32000,
,,,00.000000374000,   3.32000,
,,,00.000000374400,   3.28000,
,,,00.000000374800,   3.28000,
,,,00.000000375200,   3.28000,
,,,00.000000375600,   3.28000,
,,,00.000000376000,   3.28000,
,,,00.000000376400,   3.32000,
,,,00.000000376800,   3.32000,
,,,00.000000377200,   3.32000,
,,,00.000000377600,   3.32000,
,,,00.000000378000,   3.28000,
,,,00.000000378400,   3.28000,
,,,00.000000378800,   3.28000,
,,,00.000000379200,   3.28000,
,,,00.000000379600,   3.28000,
,,,00.000000380000,   3.28000,
,,,00.000000380400,   3.32000,
,,,00.000000380800,   3.32000,
,,,00.000000381200,   3.32000,
,,,00.000000381600,   3.32000,
,,,00.000000382000,   3.32000,
,,,00.000000382400,   3.32000,
,,,00.000000382800,   3.32000,
,,,00.000000383200,   3.32000,
,,,00.000000383600,   3.32000,
,,,00.000000384000,   3.28000,
,,,00.000000384400,   3.28000,
,,,00.000000384800,   3.28000,
,,,00.000000385200,   3.28000,
,,,00.000000385600,   3.28000,
,,,00.000000386000,   3.28000,
,,,00.000000386400,   3.28000,
,,,00.000000386800,   3.28000,
,,,00.000000387200,   3.32000,
,,,00.000000387600,   3.28000,
,,,00.000000388000,   3.24000,
,,,00.000000388400,   3.28000,
,,,00.000000388800,   3.32000,
,,,00.000000389200,   3.36000,
,,,00.000000389600,   3.36000,
,,,00.000000390000,   3.32000,
,,,00.000000390400,   3.28000,
,,,00.000000390800,   3.28000,
,,,00.000000391200,   3.32000,
,,,00.000000391600,   3.28000,
,,,00.000000392000,   3.24000,
,,,00.000000392400,   3.28000,
,,,00.000000392800,   3.32000,
,,,00.000000393200,   3.32000,
,,,00.000000393600,   3.28000,
,,,00.000000394000,   3.28000,
,,,00.000000394400,   3.28000,
,,,00.000000394800,   3.28000,
,,,00.000000395200,   3.28000,
,,,00.000000395600,   3.28000,
,,,00.000000396000,   3.24000,
,,,00.000000396400,   3.28000,
,,,00.000000396800,   3.36000,
,,,00.000000397200,   3.36000,
,,,00.000000397600,   3.32000,
,,,00.000000398000,   3.32000,
,,,00.000000398400,   3.32000,
,,,00.000000398800,   3.32000,
,,,00.000000399200,   3.32000,
,,,00.000000399600,   3.32000,
,,,00.000000400000,   3.32000,
,,,00.000000400400,   3.32000,
,,,00.000000400800,   3.32000,
,,,00.000000401200,   3.32000,
,,,00.000000401600,   3.32000,
,,,00.000000402000,   3.32000,
,,,00.000000402400,   3.32000,
,,,00.000000402800,   3.32000,
,,,00.000000403200,   3.32000,
,,,00.000000403600,   3.32000,
,,,00.000000404000,   3.32000,
,,,00.000000404400,   3.32000,
,,,00.000000404800,   3.32000,
,,,00.000000405200,   3.32000,
,,,00.000000405600,   3.32000,
,,,00.000000406000,   3.28000,
,,,00.000000406400,   3.28000,
,,,00.000000406800,   3.28000,
,,,00.000000407200,   3.28000,
,,,00.000000407600,   3.24000,
,,,00.000000408000,   3.32000,
,,,00.000000408400,   3.32000,
,,,00.000000408800,   3.32000,
,,,00.000000409200,   3.32000,
,,,00.000000409600,   3.28000,
,,,00.000000410000,   3.28000,
,,,00.000000410400,   3.32000,
,,,00.000000410800,   3.32000,
,,,00.000000411200,   3.32000,
,,,00.000000411600,   3.32000,
,,,00.000000412000,   3.32000,
,,,00.000000412400,   3.32000,
,,,00.000000412800,   3.28000,
,,,00.000000413200,   3.28000,
,,,00.000000413600,   3.28000,
,,,00.000000414000,   3.28000,
,,,00.000000414400,   3.28000,
,,,00.000000414800,   3.28000,
,,,00.000000415200,   3.32000,
,,,00.000000415600,   3.28000,
,,,00.000000416000,   3.28000,
,,,00.000000416400,   3.28000,
,,,00.000000416800,   3.28000,
,,,00.000000417200,   3.32000,
,,,00.000000417600,   3.32000,
,,,00.000000418000,   3.32000,
,,,00.000000418400,   3.32000,
,,,00.000000418800,   3.28000,
,,,00.000000419200,   3.28000,
,,,00.000000419600,   3.28000,
,,,00.000000420000,   3.28000,
,,,00.000000420400,   3.28000,
,,,00.000000420800,   3.32000,
,,,00.000000421200,   3.32000,
,,,00.000000421600,   3.32000,
,,,00.000000422000,   3.28000,
,,,00.000000422400,   3.28000,
,,,00.000000422800,   3.28000,
,,,00.000000423200,   3.28000,
,,,00.000000423600,   3.28000,
,,,00.000000424000,   3.28000,
,,,00.000000424400,   3.28000,
,,,00.000000424800,   3.28000,
,,,00.000000425200,   3.28000,
,,,00.000000425600,   3.28000,
,,,00.000000426000,   3.28000,
,,,00.000000426400,   3.32000,
,,,00.000000426800,   3.32000,
,,,00.000000427200,   3.32000,
,,,00.000000427600,   3.28000,
,,,00.000000428000,   3.28000,
,,,00.000000428400,   3.28000,
,,,00.000000428800,   3.28000,
,,,00.000000429200,   3.28000,
,,,00.000000429600,   3.28000,
,,,00.000000430000,   3.32000,
,,,00.000000430400,   3.32000,
,,,00.000000430800,   3.32000,
,,,00.000000431200,   3.32000,
,,,00.000000431600,   3.32000,
,,,00.000000432000,   3.28000,
,,,00.000000432400,   3.24000,
,,,00.000000432800,   3.28000,
,,,00.000000433200,   3.32000,
,,,00.000000433600,   3.32000,
,,,00.000000434000,   3.28000,
,,,00.000000434400,   3.28000,
,,,00.000000434800,   3.32000,
,,,00.000000435200,   3.32000,
,,,00.000000435600,   3.32000,
,,,00.000000436000,   3.28000,
,,,00.000000436400,   3.28000,
,,,00.000000436800,   3.28000,
,,,00.000000437200,   3.28000,
,,,00.000000437600,   3.28000,
,,,00.000000438000,   3.28000,
,,,00.000000438400,   3.24000,
,,,00.000000438800,   3.28000,
,,,00.000000439200,   3.32000,
,,,00.000000439600,   3.32000,
,,,00.000000440000,   3.32000,
,,,00.000000440400,   3.32000,
,,,00.000000440800,   3.32000,
,,,00.000000441200,   3.32000,
,,,00.000000441600,   3.32000,
,,,00.000000442000,   3.32000,
,,,00.000000442400,   3.36000,
,,,00.000000442800,   3.32000,
,,,00.000000443200,   3.32000,
,,,00.000000443600,   3.32000,
,,,00.000000444000,   3.32000,
,,,00.000000444400,   3.36000,
,,,00.000000444800,   3.32000,
,,,00.000000445200,   3.32000,
,,,00.000000445600,   3.28000,
,,,00.000000446000,   3.24000,
,,,00.000000446400,   3.28000,
,,,00.000000446800,   3.28000,
,,,00.000000447200,   3.28000,
,,,00.000000447600,   3.28000,
,,,00.000000448000,   3.28000,
,,,00.000000448400,   3.28000,
,,,00.000000448800,   3.28000,
,,,00.000000449200,   3.28000,
,,,00.000000449600,   3.28000,
,,,00.000000450000,   3.32000,
,,,00.000000450400,   3.36000,
,,,00.000000450800,   3.32000,
,,,00.000000451200,   3.32000,
,,,00.000000451600,   3.28000,
,,,00.000000452000,   3.28000,
,,,00.000000452400,   3.32000,
,,,00.000000452800,   3.32000,
,,,00.000000453200,   3.32000,
,,,00.000000453600,   3.28000,
,,,00.000000454000,   3.28000,
,,,00.000000454400,   3.32000,
,,,00.000000454800,   3.28000,
,,,00.000000455200,   3.28000,
,,,00.000000455600,   3.28000,
,,,00.000000456000,   3.28000,
,,,00.000000456400,   3.28000,
,,,00.000000456800,   3.28000,
,,,00.000000457200,   3.28000,
,,,00.000000457600,   3.28000,
,,,00.000000458000,   3.28000,
,,,00.000000458400,   3.28000,
,,,00.000000458800,   3.24000,
,,,00.000000459200,   3.24000,
,,,00.000000459600,   3.20000,
,,,00.000000460000,   3.28000,
,,,00.000000460400,   3.32000,
,,,00.000000460800,   3.32000,
,,,00.000000461200,   3.32000,
,,,00.000000461600,   3.28000,
,,,00.000000462000,   3.24000,
,,,00.000000462400,   3.28000,
,,,00.000000462800,   3.32000,
,,,00.000000463200,   3.32000,
,,,00.000000463600,   3.28000,
,,,00.000000464000,   3.28000,
,,,00.000000464400,   3.32000,
,,,00.000000464800,   3.32000,
,,,00.000000465200,   3.32000,
,,,00.000000465600,   3.32000,
,,,00.000000466000,   3.32000,
,,,00.000000466400,   3.28000,
,,,00.000000466800,   3.32000,
,,,00.000000467200,   3.36000,
,,,00.000000467600,   3.32000,
,,,00.000000468000,   3.32000,
,,,00.000000468400,   3.28000,
,,,00.000000468800,   3.28000,
,,,00.000000469200,   3.28000,
,,,00.000000469600,   3.28000,
,,,00.000000470000,   3.32000,
,,,00.000000470400,   3.32000,
,,,00.000000470800,   3.32000,
,,,00.000000471200,   3.32000,
,,,00.000000471600,   3.28000,
,,,00.000000472000,   3.24000,
,,,00.000000472400,   3.28000,
,,,00.000000472800,   3.36000,
,,,00.000000473200,   3.32000,
,,,00.000000473600,   3.28000,
,,,00.000000474000,   3.28000,
,,,00.000000474400,   3.28000,
,,,00.000000474800,   3.28000,
,,,00.000000475200,   3.32000,
,,,00.000000475600,   3.32000,
,,,00.000000476000,   3.32000,
,,,00.000000476400,   3.28000,
,,,00.000000476800,   3.28000,
,,,00.000000477200,   3.28000,
,,,00.000000477600,   3.28000,
,,,00.000000478000,   3.28000,
,,,00.000000478400,   3.28000,
,,,00.000000478800,   3.28000,
,,,00.000000479200,   3.28000,
,,,00.000000479600,   3.28000,
,,,00.000000480000,   3.28000,
,,,00.000000480400,   3.32000,
,,,00.000000480800,   3.32000,
,,,00.000000481200,   3.32000,
,,,00.000000481600,   3.32000,
,,,00.000000482000,   3.32000,
,,,00.000000482400,   3.32000,
,,,00.000000482800,   3.32000,
,,,00.000000483200,   3.32000,
,,,00.000000483600,   3.32000,
,,,00.000000484000,   3.32000,
,,,00.000000484400,   3.32000,
,,,00.000000484800,   3.28000,
,,,00.000000485200,   3.28000,
,,,00.000000485600,   3.28000,
,,,00.000000486000,   3.32000,
,,,00.000000486400,   3.28000,
,,,00.000000486800,   3.28000,
,,,00.000000487200,   3.28000,
,,,00.000000487600,   3.28000,
,,,00.000000488000,   3.32000,
,,,00.000000488400,   3.32000,
,,,00.000000488800,   3.36000,
,,,00.000000489200,   3.36000,
,,,00.000000489600,   3.32000,
,,,00.000000490000,   3.32000,
,,,00.000000490400,   3.32000,
,,,00.000000490800,   3.32000,
,,,00.000000491200,   3.32000,
,,,00.000000491600,   3.32000,
,,,00.000000492000,   3.32000,
,,,00.000000492400,   3.32000,
,,,00.000000492800,   3.32000,
,,,00.000000493200,   3.32000,
,,,00.000000493600,   3.28000,
,,,00.000000494000,   3.24000,
,,,00.000000494400,   3.28000,
,,,00.000000494800,   3.32000,
,,,00.000000495200,   3.32000,
,,,00.000000495600,   3.32000,
,,,00.000000496000,   3.28000,
,,,00.000000496400,   3.24000,
,,,00.000000496800,   3.28000,
,,,00.000000497200,   3.32000,
,,,00.000000497600,   3.28000,
,,,00.000000498000,   3.28000,
,,,00.000000498400,   3.32000,
,,,00.000000498800,   3.28000,
,,,00.000000499200,   3.28000,
,,,00.000000499600,   3.28000,
