Record Length,2.500000e+03,,   0.015971000000,  -0.80000,
Sample Interval,4.000000e-08,,   0.015971040000,  -0.80000,
Trigger Point,-3.992750000000e+05,,   0.015971080000,   0.00000,
,,,   0.015971120000,   0.00000,
,,,   0.015971160000,  -0.80000,
,,,   0.015971200000,   0.00000,
Source,CH1,,   0.015971240000,   0.00000,
Vertical Units,V,,   0.015971280000,   0.00000,
Vertical Scale,2.000000e+01,,   0.015971320000,   0.00000,
Vertical Offset,-7.200000e+01,,   0.015971360000,   0.00000,
Horizontal Units,s,,   0.015971400000,  -0.80000,
Horizontal Scale,1.000000e-05,,   0.015971440000,   0.00000,
Pt Fmt,Y,,   0.015971480000,  -0.80000,
Yzero,0.000000e+00,,   0.015971520000,  -1.60000,
Probe Atten,1.000000e+01,,   0.015971560000,  -0.80000,
Model Number,TBS1102B,,   0.015971600000,   0.80000,
Serial Number,C033696,,   0.015971640000,   0.00000,
Firmware Version,FV:v4.06,,   0.015971680000,   0.00000,
,,,0.015971720000,   0.00000,
,,,0.015971760000,   0.80000,
,,,0.015971800000,   0.00000,
,,,0.015971840000,  -0.80000,
,,,0.015971880000,   0.00000,
,,,0.015971920000,  -0.80000,
,,,0.015971960000,  -0.80000,
,,,0.015972000000,   0.00000,
,,,0.015972040000,  -0.80000,
,,,0.015972080000,  -0.80000,
,,,0.015972120000,  -0.80000,
,,,0.015972160000,   0.00000,
,,,0.015972200000,   0.00000,
,,,0.015972240000,   0.00000,
,,,0.015972280000,  -0.80000,
,,,0.015972320000,  -1.60000,
,,,0.015972360000,   0.00000,
,,,0.015972400000,  -0.80000,
,,,0.015972440000,   0.00000,
,,,0.015972480000,  -0.80000,
,,,0.015972520000,  -0.80000,
,,,0.015972560000,  -0.80000,
,,,0.015972600000,  -0.80000,
,,,0.015972640000,   0.00000,
,,,0.015972680000,   0.80000,
,,,0.015972720000,   0.00000,
,,,0.015972760000,   0.00000,
,,,0.015972800000,   0.00000,
,,,0.015972840000,  -0.80000,
,,,0.015972880000,   0.00000,
,,,0.015972920000,   0.00000,
,,,0.015972960000,  -0.80000,
,,,0.015973000000,   0.00000,
,,,0.015973040000,  -0.80000,
,,,0.015973080000,  -0.80000,
,,,0.015973120000,  -0.80000,
,,,0.015973160000,  -0.80000,
,,,0.015973200000,  -0.80000,
,,,0.015973240000,   0.00000,
,,,0.015973280000,  -0.80000,
,,,0.015973320000,  -0.80000,
,,,0.015973360000,  -0.80000,
,,,0.015973400000,   0.80000,
,,,0.015973440000,   0.00000,
,,,0.015973480000,   0.00000,
,,,0.015973520000,  -0.80000,
,,,0.015973560000,   0.00000,
,,,0.015973600000,  -0.80000,
,,,0.015973640000,  -0.80000,
,,,0.015973680000,   0.00000,
,,,0.015973720000,   0.80000,
,,,0.015973760000,   0.00000,
,,,0.015973800000,   0.00000,
,,,0.015973840000,  -1.60000,
,,,0.015973880000,  -0.80000,
,,,0.015973920000,  -1.60000,
,,,0.015973960000,   0.00000,
,,,0.015974000000,   0.00000,
,,,0.015974040000,   0.80000,
,,,0.015974080000,  -0.80000,
,,,0.015974120000,  -0.80000,
,,,0.015974160000,  -0.80000,
,,,0.015974200000,   0.00000,
,,,0.015974240000,   0.00000,
,,,0.015974280000,  -0.80000,
,,,0.015974320000,   0.00000,
,,,0.015974360000,  -0.80000,
,,,0.015974400000,  -0.80000,
,,,0.015974440000,   0.00000,
,,,0.015974480000,  -0.80000,
,,,0.015974520000,   0.80000,
,,,0.015974560000,  -0.80000,
,,,0.015974600000,   0.00000,
,,,0.015974640000,   0.00000,
,,,0.015974680000,  -0.80000,
,,,0.015974720000,   0.00000,
,,,0.015974760000,  -0.80000,
,,,0.015974800000,   0.80000,
,,,0.015974840000,  -0.80000,
,,,0.015974880000,  -0.80000,
,,,0.015974920000,  -0.80000,
,,,0.015974960000,  -0.80000,
,,,0.015975000000,   0.00000,
,,,0.015975040000,  -0.80000,
,,,0.015975080000,   0.80000,
,,,0.015975120000,   0.00000,
,,,0.015975160000,  -0.80000,
,,,0.015975200000,  -1.60000,
,,,0.015975240000,   0.00000,
,,,0.015975280000,   1.60000,
,,,0.015975320000,   0.00000,
,,,0.015975360000,   0.00000,
,,,0.015975400000,  -0.80000,
,,,0.015975440000,   0.00000,
,,,0.015975480000,  -0.80000,
,,,0.015975520000,  -0.80000,
,,,0.015975560000,   0.00000,
,,,0.015975600000,   0.00000,
,,,0.015975640000,   0.00000,
,,,0.015975680000,   0.00000,
,,,0.015975720000,  -0.80000,
,,,0.015975760000,   0.00000,
,,,0.015975800000,   0.00000,
,,,0.015975840000,  -0.80000,
,,,0.015975880000,   0.00000,
,,,0.015975920000,   0.00000,
,,,0.015975960000,  -0.80000,
,,,0.015976000000,   0.80000,
,,,0.015976040000,   0.00000,
,,,0.015976080000,   0.00000,
,,,0.015976120000,   0.80000,
,,,0.015976160000,   0.00000,
,,,0.015976200000,   0.80000,
,,,0.015976240000,   0.00000,
,,,0.015976280000,  -0.80000,
,,,0.015976320000,   0.00000,
,,,0.015976360000,  -0.80000,
,,,0.015976400000,   0.00000,
,,,0.015976440000,   0.00000,
,,,0.015976480000,  -0.80000,
,,,0.015976520000,   0.00000,
,,,0.015976560000,   0.00000,
,,,0.015976600000,   0.00000,
,,,0.015976640000,   0.80000,
,,,0.015976680000,   0.80000,
,,,0.015976720000,   0.00000,
,,,0.015976760000,  -1.60000,
,,,0.015976800000,   0.00000,
,,,0.015976840000,   0.00000,
,,,0.015976880000,   0.00000,
,,,0.015976920000,   0.00000,
,,,0.015976960000,   1.60000,
,,,0.015977000000,  -0.80000,
,,,0.015977040000,  -0.80000,
,,,0.015977080000,  -1.60000,
,,,0.015977120000,  -0.80000,
,,,0.015977160000,  -0.80000,
,,,0.015977200000,   0.80000,
,,,0.015977240000,   0.00000,
,,,0.015977280000,   0.80000,
,,,0.015977320000,  -0.80000,
,,,0.015977360000,   0.00000,
,,,0.015977400000,  -0.80000,
,,,0.015977440000,   0.80000,
,,,0.015977480000,   0.00000,
,,,0.015977520000,  -0.80000,
,,,0.015977560000,   0.00000,
,,,0.015977600000,   0.00000,
,,,0.015977640000,   0.00000,
,,,0.015977680000,   0.80000,
,,,0.015977720000,  11.20000,
,,,0.015977760000, 134.40000,
,,,0.015977800000, 173.60000,
,,,0.015977840000, 141.60000,
,,,0.015977880000,  44.00000,
,,,0.015977920000,  47.20000,
,,,0.015977960000, 115.20000,
,,,0.015978000000, 142.40000,
,,,0.015978040000, 125.60000,
,,,0.015978080000, 101.60000,
,,,0.015978120000,  79.20000,
,,,0.015978160000,  75.20000,
,,,0.015978200000, 103.20000,
,,,0.015978240000, 144.00000,
,,,0.015978280000, 140.00000,
,,,0.015978320000,  84.00000,
,,,0.015978360000,  56.00000,
,,,0.015978400000,  91.20000,
,,,0.015978440000, 144.00000,
,,,0.015978480000, 135.20000,
,,,0.015978520000,  88.80000,
,,,0.015978560000,  69.60000,
,,,0.015978600000,  95.20000,
,,,0.015978640000, 126.40000,
,,,0.015978680000, 126.40000,
,,,0.015978720000, 104.80000,
,,,0.015978760000,  86.40000,
,,,0.015978800000,  85.60000,
,,,0.015978840000, 104.80000,
,,,0.015978880000, 124.80000,
,,,0.015978920000, 120.00000,
,,,0.015978960000,  95.20000,
,,,0.015979000000,  82.40000,
,,,0.015979040000,  97.60000,
,,,0.015979080000, 121.60000,
,,,0.015979120000, 119.20000,
,,,0.015979160000,  96.80000,
,,,0.015979200000,  86.40000,
,,,0.015979240000,  99.20000,
,,,0.015979280000, 116.00000,
,,,0.015979320000, 116.00000,
,,,0.015979360000, 103.20000,
,,,0.015979400000,  95.20000,
,,,0.015979440000,  96.00000,
,,,0.015979480000, 104.80000,
,,,0.015979520000, 111.20000,
,,,0.015979560000, 110.40000,
,,,0.015979600000, 100.80000,
,,,0.015979640000,  96.00000,
,,,0.015979680000, 100.80000,
,,,0.015979720000, 111.20000,
,,,0.015979760000, 112.00000,
,,,0.015979800000, 102.40000,
,,,0.015979840000,  94.40000,
,,,0.015979880000,  98.40000,
,,,0.015979920000, 108.00000,
,,,0.015979960000, 112.00000,
,,,0.015980000000, 105.60000,
,,,0.015980040000,  98.40000,
,,,0.015980080000, 100.80000,
,,,0.015980120000, 104.80000,
,,,0.015980160000, 109.60000,
,,,0.015980200000, 105.60000,
,,,0.015980240000, 102.40000,
,,,0.015980280000, 100.00000,
,,,0.015980320000, 103.20000,
,,,0.015980360000, 107.20000,
,,,0.015980400000, 107.20000,
,,,0.015980440000, 104.00000,
,,,0.015980480000, 100.00000,
,,,0.015980520000, 101.60000,
,,,0.015980560000, 105.60000,
,,,0.015980600000, 106.40000,
,,,0.015980640000, 104.80000,
,,,0.015980680000, 102.40000,
,,,0.015980720000, 103.20000,
,,,0.015980760000, 104.80000,
,,,0.015980800000, 105.60000,
,,,0.015980840000, 105.60000,
,,,0.015980880000, 102.40000,
,,,0.015980920000, 102.40000,
,,,0.015980960000, 103.20000,
,,,0.015981000000, 105.60000,
,,,0.015981040000, 106.40000,
,,,0.015981080000, 104.00000,
,,,0.015981120000, 101.60000,
,,,0.015981160000, 103.20000,
,,,0.015981200000, 104.80000,
,,,0.015981240000, 105.60000,
,,,0.015981280000, 104.00000,
,,,0.015981320000, 103.20000,
,,,0.015981360000, 103.20000,
,,,0.015981400000, 104.00000,
,,,0.015981440000, 104.80000,
,,,0.015981480000, 105.60000,
,,,0.015981520000, 104.00000,
,,,0.015981560000, 103.20000,
,,,0.015981600000, 104.00000,
,,,0.015981640000, 104.80000,
,,,0.015981680000, 104.00000,
,,,0.015981720000, 104.00000,
,,,0.015981760000, 103.20000,
,,,0.015981800000, 104.00000,
,,,0.015981840000, 104.80000,
,,,0.015981880000, 104.80000,
,,,0.015981920000, 104.00000,
,,,0.015981960000, 103.20000,
,,,0.015982000000, 103.20000,
,,,0.015982040000, 104.80000,
,,,0.015982080000, 104.80000,
,,,0.015982120000, 104.00000,
,,,0.015982160000, 104.00000,
,,,0.015982200000, 104.00000,
,,,0.015982240000, 104.00000,
,,,0.015982280000, 104.80000,
,,,0.015982320000, 104.80000,
,,,0.015982360000, 104.00000,
,,,0.015982400000, 104.80000,
,,,0.015982440000, 103.20000,
,,,0.015982480000, 104.00000,
,,,0.015982520000, 104.00000,
,,,0.015982560000, 104.00000,
,,,0.015982600000, 104.00000,
,,,0.015982640000, 104.00000,
,,,0.015982680000, 104.00000,
,,,0.015982720000, 104.80000,
,,,0.015982760000, 103.20000,
,,,0.015982800000, 104.00000,
,,,0.015982840000, 103.20000,
,,,0.015982880000, 104.00000,
,,,0.015982920000, 104.00000,
,,,0.015982960000, 104.00000,
,,,0.015983000000, 103.20000,
,,,0.015983040000, 104.00000,
,,,0.015983080000, 103.20000,
,,,0.015983120000, 104.80000,
,,,0.015983160000, 104.00000,
,,,0.015983200000, 104.00000,
,,,0.015983240000, 104.00000,
,,,0.015983280000, 103.20000,
,,,0.015983320000, 104.00000,
,,,0.015983360000, 104.80000,
,,,0.015983400000, 104.00000,
,,,0.015983440000, 102.40000,
,,,0.015983480000, 104.00000,
,,,0.015983520000, 104.00000,
,,,0.015983560000, 104.00000,
,,,0.015983600000, 104.00000,
,,,0.015983640000, 103.20000,
,,,0.015983680000, 104.00000,
,,,0.015983720000, 103.20000,
,,,0.015983760000, 103.20000,
,,,0.015983800000, 104.00000,
,,,0.015983840000, 103.20000,
,,,0.015983880000, 104.00000,
,,,0.015983920000, 104.00000,
,,,0.015983960000, 104.00000,
,,,0.015984000000, 104.00000,
,,,0.015984040000, 104.00000,
,,,0.015984080000, 104.00000,
,,,0.015984120000, 104.00000,
,,,0.015984160000, 104.00000,
,,,0.015984200000, 103.20000,
,,,0.015984240000, 104.00000,
,,,0.015984280000, 104.00000,
,,,0.015984320000, 103.20000,
,,,0.015984360000, 103.20000,
,,,0.015984400000, 104.80000,
,,,0.015984440000, 104.00000,
,,,0.015984480000, 104.00000,
,,,0.015984520000, 103.20000,
,,,0.015984560000, 104.00000,
,,,0.015984600000, 103.20000,
,,,0.015984640000, 104.00000,
,,,0.015984680000, 104.00000,
,,,0.015984720000, 103.20000,
,,,0.015984760000, 104.00000,
,,,0.015984800000, 104.00000,
,,,0.015984840000, 104.00000,
,,,0.015984880000, 103.20000,
,,,0.015984920000, 104.00000,
,,,0.015984960000, 104.80000,
,,,0.015985000000, 104.00000,
,,,0.015985040000, 104.00000,
,,,0.015985080000, 103.20000,
,,,0.015985120000, 104.00000,
,,,0.015985160000, 104.00000,
,,,0.015985200000, 104.00000,
,,,0.015985240000, 104.80000,
,,,0.015985280000, 104.00000,
,,,0.015985320000, 103.20000,
,,,0.015985360000, 104.00000,
,,,0.015985400000, 104.80000,
,,,0.015985440000, 104.00000,
,,,0.015985480000, 104.00000,
,,,0.015985520000, 104.00000,
,,,0.015985560000, 104.80000,
,,,0.015985600000, 104.00000,
,,,0.015985640000, 103.20000,
,,,0.015985680000, 103.20000,
,,,0.015985720000, 103.20000,
,,,0.015985760000, 103.20000,
,,,0.015985800000, 103.20000,
,,,0.015985840000, 104.00000,
,,,0.015985880000, 103.20000,
,,,0.015985920000, 103.20000,
,,,0.015985960000, 104.00000,
,,,0.015986000000, 104.00000,
,,,0.015986040000, 104.00000,
,,,0.015986080000, 104.00000,
,,,0.015986120000, 104.00000,
,,,0.015986160000, 103.20000,
,,,0.015986200000, 103.20000,
,,,0.015986240000, 104.80000,
,,,0.015986280000, 104.00000,
,,,0.015986320000, 104.00000,
,,,0.015986360000, 104.00000,
,,,0.015986400000, 103.20000,
,,,0.015986440000, 103.20000,
,,,0.015986480000, 104.00000,
,,,0.015986520000, 104.00000,
,,,0.015986560000, 104.00000,
,,,0.015986600000, 104.00000,
,,,0.015986640000, 104.00000,
,,,0.015986680000, 104.00000,
,,,0.015986720000, 103.20000,
,,,0.015986760000, 104.00000,
,,,0.015986800000, 104.00000,
,,,0.015986840000, 103.20000,
,,,0.015986880000, 104.00000,
,,,0.015986920000, 104.00000,
,,,0.015986960000, 104.00000,
,,,0.015987000000, 104.80000,
,,,0.015987040000, 104.80000,
,,,0.015987080000, 104.00000,
,,,0.015987120000, 104.00000,
,,,0.015987160000, 104.80000,
,,,0.015987200000, 104.00000,
,,,0.015987240000, 104.00000,
,,,0.015987280000, 103.20000,
,,,0.015987320000, 104.00000,
,,,0.015987360000, 103.20000,
,,,0.015987400000, 102.40000,
,,,0.015987440000, 104.00000,
,,,0.015987480000, 103.20000,
,,,0.015987520000, 104.00000,
,,,0.015987560000, 104.00000,
,,,0.015987600000, 103.20000,
,,,0.015987640000, 103.20000,
,,,0.015987680000, 102.40000,
,,,0.015987720000, 103.20000,
,,,0.015987760000, 103.20000,
,,,0.015987800000, 103.20000,
,,,0.015987840000, 104.00000,
,,,0.015987880000, 103.20000,
,,,0.015987920000, 103.20000,
,,,0.015987960000, 103.20000,
,,,0.015988000000, 103.20000,
,,,0.015988040000, 103.20000,
,,,0.015988080000, 103.20000,
,,,0.015988120000, 103.20000,
,,,0.015988160000, 104.00000,
,,,0.015988200000, 103.20000,
,,,0.015988240000, 104.00000,
,,,0.015988280000, 103.20000,
,,,0.015988320000, 102.40000,
,,,0.015988360000, 104.00000,
,,,0.015988400000, 103.20000,
,,,0.015988440000, 104.00000,
,,,0.015988480000, 104.00000,
,,,0.015988520000, 104.00000,
,,,0.015988560000, 103.20000,
,,,0.015988600000, 104.00000,
,,,0.015988640000, 102.40000,
,,,0.015988680000, 103.20000,
,,,0.015988720000, 103.20000,
,,,0.015988760000, 103.20000,
,,,0.015988800000, 104.00000,
,,,0.015988840000, 103.20000,
,,,0.015988880000, 103.20000,
,,,0.015988920000, 103.20000,
,,,0.015988960000, 103.20000,
,,,0.015989000000, 103.20000,
,,,0.015989040000, 103.20000,
,,,0.015989080000, 103.20000,
,,,0.015989120000, 102.40000,
,,,0.015989160000, 103.20000,
,,,0.015989200000, 102.40000,
,,,0.015989240000, 102.40000,
,,,0.015989280000, 103.20000,
,,,0.015989320000, 102.40000,
,,,0.015989360000, 102.40000,
,,,0.015989400000, 102.40000,
,,,0.015989440000, 103.20000,
,,,0.015989480000, 104.00000,
,,,0.015989520000, 103.20000,
,,,0.015989560000, 104.00000,
,,,0.015989600000, 103.20000,
,,,0.015989640000, 103.20000,
,,,0.015989680000, 103.20000,
,,,0.015989720000, 102.40000,
,,,0.015989760000, 103.20000,
,,,0.015989800000, 103.20000,
,,,0.015989840000, 104.80000,
,,,0.015989880000, 102.40000,
,,,0.015989920000,  50.40000,
,,,0.015989960000,  -2.40000,
,,,0.015990000000,  -1.60000,
,,,0.015990040000,  -0.80000,
,,,0.015990080000,   0.00000,
,,,0.015990120000,  -0.80000,
,,,0.015990160000,   0.00000,
,,,0.015990200000,  -0.80000,
,,,0.015990240000,  -1.60000,
,,,0.015990280000,  -0.80000,
,,,0.015990320000,   0.00000,
,,,0.015990360000,  -0.80000,
,,,0.015990400000,  -0.80000,
,,,0.015990440000,   0.80000,
,,,0.015990480000,  -0.80000,
,,,0.015990520000,  -0.80000,
,,,0.015990560000,  -0.80000,
,,,0.015990600000,  -0.80000,
,,,0.015990640000,   0.80000,
,,,0.015990680000,   0.00000,
,,,0.015990720000,  -1.60000,
,,,0.015990760000,  -0.80000,
,,,0.015990800000,   0.00000,
,,,0.015990840000,   0.00000,
,,,0.015990880000,   0.00000,
,,,0.015990920000,   0.80000,
,,,0.015990960000,  -0.80000,
,,,0.015991000000,  -0.80000,
,,,0.015991040000,  -0.80000,
,,,0.015991080000,   0.00000,
,,,0.015991120000,   0.00000,
,,,0.015991160000,  -1.60000,
,,,0.015991200000,  -0.80000,
,,,0.015991240000,  -0.80000,
,,,0.015991280000,   0.00000,
,,,0.015991320000,  -0.80000,
,,,0.015991360000,  -0.80000,
,,,0.015991400000,   0.80000,
,,,0.015991440000,  -0.80000,
,,,0.015991480000,   0.00000,
,,,0.015991520000,   0.00000,
,,,0.015991560000,  -0.80000,
,,,0.015991600000,   0.00000,
,,,0.015991640000,  -0.80000,
,,,0.015991680000,  -0.80000,
,,,0.015991720000,  -0.80000,
,,,0.015991760000,  -0.80000,
,,,0.015991800000,   0.00000,
,,,0.015991840000,   0.00000,
,,,0.015991880000,  -0.80000,
,,,0.015991920000,   0.00000,
,,,0.015991960000,   0.80000,
,,,0.015992000000,   0.00000,
,,,0.015992040000,   0.00000,
,,,0.015992080000,  -0.80000,
,,,0.015992120000,  -0.80000,
,,,0.015992160000,   0.00000,
,,,0.015992200000,   0.00000,
,,,0.015992240000,  -0.80000,
,,,0.015992280000,   0.00000,
,,,0.015992320000,  -1.60000,
,,,0.015992360000,  -0.80000,
,,,0.015992400000,   0.00000,
,,,0.015992440000,  -0.80000,
,,,0.015992480000,  -0.80000,
,,,0.015992520000,   0.80000,
,,,0.015992560000,  -0.80000,
,,,0.015992600000,   0.00000,
,,,0.015992640000,   0.00000,
,,,0.015992680000,  -0.80000,
,,,0.015992720000,  -0.80000,
,,,0.015992760000,  -0.80000,
,,,0.015992800000,   0.80000,
,,,0.015992840000,   0.00000,
,,,0.015992880000,  -0.80000,
,,,0.015992920000,  -0.80000,
,,,0.015992960000,   0.00000,
,,,0.015993000000,  -0.80000,
,,,0.015993040000,   0.80000,
,,,0.015993080000,   0.00000,
,,,0.015993120000,   0.00000,
,,,0.015993160000,  -0.80000,
,,,0.015993200000,   0.00000,
,,,0.015993240000,   0.00000,
,,,0.015993280000,   0.80000,
,,,0.015993320000,  -0.80000,
,,,0.015993360000,  -0.80000,
,,,0.015993400000,   0.00000,
,,,0.015993440000,  -0.80000,
,,,0.015993480000,   0.00000,
,,,0.015993520000,   0.00000,
,,,0.015993560000,  -0.80000,
,,,0.015993600000,   0.00000,
,,,0.015993640000,  -0.80000,
,,,0.015993680000,  -0.80000,
,,,0.015993720000,   0.00000,
,,,0.015993760000,  -0.80000,
,,,0.015993800000,  -0.80000,
,,,0.015993840000,   0.80000,
,,,0.015993880000,  -0.80000,
,,,0.015993920000,   0.00000,
,,,0.015993960000,  -0.80000,
,,,0.015994000000,   0.00000,
,,,0.015994040000,   0.00000,
,,,0.015994080000,   0.00000,
,,,0.015994120000,   0.00000,
,,,0.015994160000,  -1.60000,
,,,0.015994200000,   0.00000,
,,,0.015994240000,   0.00000,
,,,0.015994280000,  -0.80000,
,,,0.015994320000,   0.00000,
,,,0.015994360000,   0.00000,
,,,0.015994400000,   0.80000,
,,,0.015994440000,   0.80000,
,,,0.015994480000,  -0.80000,
,,,0.015994520000,   0.00000,
,,,0.015994560000,  -0.80000,
,,,0.015994600000,   0.80000,
,,,0.015994640000,   0.00000,
,,,0.015994680000,   0.00000,
,,,0.015994720000,  -0.80000,
,,,0.015994760000,  -0.80000,
,,,0.015994800000,   0.80000,
,,,0.015994840000,  -0.80000,
,,,0.015994880000,   0.00000,
,,,0.015994920000,  -0.80000,
,,,0.015994960000,  -1.60000,
,,,0.015995000000,  -0.80000,
,,,0.015995040000,   0.00000,
,,,0.015995080000,  -0.80000,
,,,0.015995120000,  -0.80000,
,,,0.015995160000,  -0.80000,
,,,0.015995200000,  -0.80000,
,,,0.015995240000,   0.00000,
,,,0.015995280000,  -0.80000,
,,,0.015995320000,   0.00000,
,,,0.015995360000,   0.80000,
,,,0.015995400000,  -0.80000,
,,,0.015995440000,   0.00000,
,,,0.015995480000,   0.00000,
,,,0.015995520000,  -0.80000,
,,,0.015995560000,   0.80000,
,,,0.015995600000,  -0.80000,
,,,0.015995640000,  -0.80000,
,,,0.015995680000,   0.80000,
,,,0.015995720000,   0.00000,
,,,0.015995760000,  -0.80000,
,,,0.015995800000,  -0.80000,
,,,0.015995840000,   0.80000,
,,,0.015995880000,   0.00000,
,,,0.015995920000,   0.80000,
,,,0.015995960000,  -0.80000,
,,,0.015996000000,   0.00000,
,,,0.015996040000,   0.00000,
,,,0.015996080000,  -0.80000,
,,,0.015996120000,  -0.80000,
,,,0.015996160000,   0.00000,
,,,0.015996200000,   0.00000,
,,,0.015996240000,   0.80000,
,,,0.015996280000,   0.00000,
,,,0.015996320000,  -0.80000,
,,,0.015996360000,   0.00000,
,,,0.015996400000,   0.00000,
,,,0.015996440000,  -0.80000,
,,,0.015996480000,   0.80000,
,,,0.015996520000,  -1.60000,
,,,0.015996560000,  -0.80000,
,,,0.015996600000,  -0.80000,
,,,0.015996640000,  -0.80000,
,,,0.015996680000,   0.00000,
,,,0.015996720000,   0.00000,
,,,0.015996760000,   0.80000,
,,,0.015996800000,   0.00000,
,,,0.015996840000,  -0.80000,
,,,0.015996880000,  -1.60000,
,,,0.015996920000,   0.00000,
,,,0.015996960000,   0.00000,
,,,0.015997000000,   0.00000,
,,,0.015997040000,   0.00000,
,,,0.015997080000,  -0.80000,
,,,0.015997120000,  -0.80000,
,,,0.015997160000,  -1.60000,
,,,0.015997200000,   0.00000,
,,,0.015997240000,   0.00000,
,,,0.015997280000,   0.00000,
,,,0.015997320000,   0.00000,
,,,0.015997360000,   0.00000,
,,,0.015997400000,  -0.80000,
,,,0.015997440000,  -0.80000,
,,,0.015997480000,   0.00000,
,,,0.015997520000,  -0.80000,
,,,0.015997560000,  -0.80000,
,,,0.015997600000,  -0.80000,
,,,0.015997640000,  -0.80000,
,,,0.015997680000,  -0.80000,
,,,0.015997720000,   0.00000,
,,,0.015997760000,   0.80000,
,,,0.015997800000,   0.00000,
,,,0.015997840000,  -0.80000,
,,,0.015997880000,  -1.60000,
,,,0.015997920000,  -1.60000,
,,,0.015997960000,  -0.80000,
,,,0.015998000000,   0.00000,
,,,0.015998040000,  -0.80000,
,,,0.015998080000,  -0.80000,
,,,0.015998120000,   0.00000,
,,,0.015998160000,  -0.80000,
,,,0.015998200000,  -0.80000,
,,,0.015998240000,   0.80000,
,,,0.015998280000,   0.00000,
,,,0.015998320000,  -0.80000,
,,,0.015998360000,   0.80000,
,,,0.015998400000,   0.00000,
,,,0.015998440000,  -1.60000,
,,,0.015998480000,   0.00000,
,,,0.015998520000,  -0.80000,
,,,0.015998560000,   0.80000,
,,,0.015998600000,   0.00000,
,,,0.015998640000,   0.00000,
,,,0.015998680000,  -0.80000,
,,,0.015998720000,   0.00000,
,,,0.015998760000,  -0.80000,
,,,0.015998800000,  -0.80000,
,,,0.015998840000,   0.00000,
,,,0.015998880000,  -0.80000,
,,,0.015998920000,   0.00000,
,,,0.015998960000,   0.00000,
,,,0.015999000000,  -0.80000,
,,,0.015999040000,   0.00000,
,,,0.015999080000,  -0.80000,
,,,0.015999120000,   0.00000,
,,,0.015999160000,   0.00000,
,,,0.015999200000,  -0.80000,
,,,0.015999240000,  -0.80000,
,,,0.015999280000,  -0.80000,
,,,0.015999320000,   0.00000,
,,,0.015999360000,  -0.80000,
,,,0.015999400000,  -0.80000,
,,,0.015999440000,   0.00000,
,,,0.015999480000,  -0.80000,
,,,0.015999520000,  -0.80000,
,,,0.015999560000,  -0.80000,
,,,0.015999600000,  -0.80000,
,,,0.015999640000,   0.00000,
,,,0.015999680000,  -0.80000,
,,,0.015999720000,  -0.80000,
,,,0.015999760000,   0.00000,
,,,0.015999800000,   0.00000,
,,,0.015999840000,  -0.80000,
,,,0.015999880000,   0.80000,
,,,0.015999920000,  -0.80000,
,,,0.015999960000,   0.00000,
,,,0.016000000000,   0.00000,
,,,0.016000040000,   0.00000,
,,,0.016000080000,   0.80000,
,,,0.016000120000,  -0.80000,
,,,0.016000160000,   0.00000,
,,,0.016000200000,   0.80000,
,,,0.016000240000,   0.80000,
,,,0.016000280000,   0.00000,
,,,0.016000320000,  -0.80000,
,,,0.016000360000,   0.00000,
,,,0.016000400000,   0.00000,
,,,0.016000440000,   0.00000,
,,,0.016000480000,   0.00000,
,,,0.016000520000,   0.00000,
,,,0.016000560000,  -0.80000,
,,,0.016000600000,  -0.80000,
,,,0.016000640000,   0.00000,
,,,0.016000680000,   0.00000,
,,,0.016000720000,   0.00000,
,,,0.016000760000,   0.00000,
,,,0.016000800000,  -0.80000,
,,,0.016000840000,   0.00000,
,,,0.016000880000,  -0.80000,
,,,0.016000920000,   0.00000,
,,,0.016000960000,   0.00000,
,,,0.016001000000,   0.00000,
,,,0.016001040000,   0.00000,
,,,0.016001080000,  -1.60000,
,,,0.016001120000,   0.00000,
,,,0.016001160000,  -0.80000,
,,,0.016001200000,   0.80000,
,,,0.016001240000,   0.00000,
,,,0.016001280000,   0.00000,
,,,0.016001320000,   0.00000,
,,,0.016001360000,  -0.80000,
,,,0.016001400000,  -0.80000,
,,,0.016001440000,   0.00000,
,,,0.016001480000,   0.00000,
,,,0.016001520000,   0.00000,
,,,0.016001560000,   0.00000,
,,,0.016001600000,   0.00000,
,,,0.016001640000,   0.00000,
,,,0.016001680000,   0.00000,
,,,0.016001720000,   0.00000,
,,,0.016001760000,   0.80000,
,,,0.016001800000,   0.00000,
,,,0.016001840000,   0.00000,
,,,0.016001880000,   0.00000,
,,,0.016001920000,   0.00000,
,,,0.016001960000,   0.00000,
,,,0.016002000000,  -0.80000,
,,,0.016002040000,   0.80000,
,,,0.016002080000,   0.00000,
,,,0.016002120000,  -0.80000,
,,,0.016002160000,   0.00000,
,,,0.016002200000,   0.00000,
,,,0.016002240000,   0.80000,
,,,0.016002280000,   0.00000,
,,,0.016002320000,   1.60000,
,,,0.016002360000,   0.00000,
,,,0.016002400000,  -0.80000,
,,,0.016002440000,   0.00000,
,,,0.016002480000,  -0.80000,
,,,0.016002520000,   1.60000,
,,,0.016002560000,   0.00000,
,,,0.016002600000,  -0.80000,
,,,0.016002640000,   0.80000,
,,,0.016002680000,  12.80000,
,,,0.016002720000, 142.40000,
,,,0.016002760000, 173.60000,
,,,0.016002800000, 132.80000,
,,,0.016002840000,  37.60000,
,,,0.016002880000,  49.60000,
,,,0.016002920000, 118.40000,
,,,0.016002960000, 146.40000,
,,,0.016003000000, 125.60000,
,,,0.016003040000, 100.00000,
,,,0.016003080000,  80.00000,
,,,0.016003120000,  78.40000,
,,,0.016003160000, 104.00000,
,,,0.016003200000, 141.60000,
,,,0.016003240000, 137.60000,
,,,0.016003280000,  84.00000,
,,,0.016003320000,  56.00000,
,,,0.016003360000,  92.80000,
,,,0.016003400000, 144.00000,
,,,0.016003440000, 138.40000,
,,,0.016003480000,  88.00000,
,,,0.016003520000,  68.00000,
,,,0.016003560000,  94.40000,
,,,0.016003600000, 128.00000,
,,,0.016003640000, 128.00000,
,,,0.016003680000, 103.20000,
,,,0.016003720000,  84.00000,
,,,0.016003760000,  88.00000,
,,,0.016003800000, 108.00000,
,,,0.016003840000, 125.60000,
,,,0.016003880000, 117.60000,
,,,0.016003920000,  94.40000,
,,,0.016003960000,  83.20000,
,,,0.016004000000, 100.00000,
,,,0.016004040000, 121.60000,
,,,0.016004080000, 120.00000,
,,,0.016004120000,  96.80000,
,,,0.016004160000,  87.20000,
,,,0.016004200000,  99.20000,
,,,0.016004240000, 116.00000,
,,,0.016004280000, 116.00000,
,,,0.016004320000, 102.40000,
,,,0.016004360000,  93.60000,
,,,0.016004400000,  98.40000,
,,,0.016004440000, 105.60000,
,,,0.016004480000, 112.00000,
,,,0.016004520000, 108.80000,
,,,0.016004560000, 101.60000,
,,,0.016004600000,  96.00000,
,,,0.016004640000, 101.60000,
,,,0.016004680000, 110.40000,
,,,0.016004720000, 112.00000,
,,,0.016004760000, 103.20000,
,,,0.016004800000,  96.00000,
,,,0.016004840000,  99.20000,
,,,0.016004880000, 108.80000,
,,,0.016004920000, 112.80000,
,,,0.016004960000, 104.80000,
,,,0.016005000000,  98.40000,
,,,0.016005040000,  99.20000,
,,,0.016005080000, 106.40000,
,,,0.016005120000, 108.80000,
,,,0.016005160000, 105.60000,
,,,0.016005200000, 100.80000,
,,,0.016005240000, 100.00000,
,,,0.016005280000, 104.00000,
,,,0.016005320000, 107.20000,
,,,0.016005360000, 107.20000,
,,,0.016005400000, 104.80000,
,,,0.016005440000, 100.00000,
,,,0.016005480000, 103.20000,
,,,0.016005520000, 105.60000,
,,,0.016005560000, 107.20000,
,,,0.016005600000, 104.80000,
,,,0.016005640000, 101.60000,
,,,0.016005680000, 102.40000,
,,,0.016005720000, 104.80000,
,,,0.016005760000, 106.40000,
,,,0.016005800000, 104.80000,
,,,0.016005840000, 102.40000,
,,,0.016005880000, 102.40000,
,,,0.016005920000, 103.20000,
,,,0.016005960000, 105.60000,
,,,0.016006000000, 104.80000,
,,,0.016006040000, 104.00000,
,,,0.016006080000, 103.20000,
,,,0.016006120000, 102.40000,
,,,0.016006160000, 104.80000,
,,,0.016006200000, 105.60000,
,,,0.016006240000, 104.80000,
,,,0.016006280000, 103.20000,
,,,0.016006320000, 102.40000,
,,,0.016006360000, 104.80000,
,,,0.016006400000, 105.60000,
,,,0.016006440000, 104.80000,
,,,0.016006480000, 104.00000,
,,,0.016006520000, 102.40000,
,,,0.016006560000, 102.40000,
,,,0.016006600000, 104.80000,
,,,0.016006640000, 105.60000,
,,,0.016006680000, 103.20000,
,,,0.016006720000, 103.20000,
,,,0.016006760000, 104.00000,
,,,0.016006800000, 104.80000,
,,,0.016006840000, 104.00000,
,,,0.016006880000, 104.00000,
,,,0.016006920000, 102.40000,
,,,0.016006960000, 104.00000,
,,,0.016007000000, 104.00000,
,,,0.016007040000, 104.00000,
,,,0.016007080000, 104.00000,
,,,0.016007120000, 103.20000,
,,,0.016007160000, 104.00000,
,,,0.016007200000, 102.40000,
,,,0.016007240000, 104.80000,
,,,0.016007280000, 103.20000,
,,,0.016007320000, 104.00000,
,,,0.016007360000, 103.20000,
,,,0.016007400000, 104.00000,
,,,0.016007440000, 104.80000,
,,,0.016007480000, 104.80000,
,,,0.016007520000, 104.00000,
,,,0.016007560000, 104.00000,
,,,0.016007600000, 103.20000,
,,,0.016007640000, 104.00000,
,,,0.016007680000, 104.80000,
,,,0.016007720000, 104.00000,
,,,0.016007760000, 104.00000,
,,,0.016007800000, 104.00000,
,,,0.016007840000, 103.20000,
,,,0.016007880000, 104.00000,
,,,0.016007920000, 103.20000,
,,,0.016007960000, 104.80000,
,,,0.016008000000, 104.00000,
,,,0.016008040000, 104.00000,
,,,0.016008080000, 104.00000,
,,,0.016008120000, 104.00000,
,,,0.016008160000, 104.00000,
,,,0.016008200000, 103.20000,
,,,0.016008240000, 104.80000,
,,,0.016008280000, 104.00000,
,,,0.016008320000, 104.00000,
,,,0.016008360000, 104.00000,
,,,0.016008400000, 104.00000,
,,,0.016008440000, 104.00000,
,,,0.016008480000, 104.00000,
,,,0.016008520000, 104.00000,
,,,0.016008560000, 104.00000,
,,,0.016008600000, 104.00000,
,,,0.016008640000, 104.00000,
,,,0.016008680000, 104.00000,
,,,0.016008720000, 104.00000,
,,,0.016008760000, 103.20000,
,,,0.016008800000, 104.00000,
,,,0.016008840000, 103.20000,
,,,0.016008880000, 104.00000,
,,,0.016008920000, 104.00000,
,,,0.016008960000, 103.20000,
,,,0.016009000000, 104.00000,
,,,0.016009040000, 104.00000,
,,,0.016009080000, 103.20000,
,,,0.016009120000, 103.20000,
,,,0.016009160000, 104.00000,
,,,0.016009200000, 104.00000,
,,,0.016009240000, 104.00000,
,,,0.016009280000, 103.20000,
,,,0.016009320000, 104.00000,
,,,0.016009360000, 104.00000,
,,,0.016009400000, 104.00000,
,,,0.016009440000, 104.80000,
,,,0.016009480000, 104.00000,
,,,0.016009520000, 104.00000,
,,,0.016009560000, 104.80000,
,,,0.016009600000, 104.00000,
,,,0.016009640000, 104.00000,
,,,0.016009680000, 104.00000,
,,,0.016009720000, 104.00000,
,,,0.016009760000, 104.00000,
,,,0.016009800000, 103.20000,
,,,0.016009840000, 104.00000,
,,,0.016009880000, 104.00000,
,,,0.016009920000, 103.20000,
,,,0.016009960000, 103.20000,
,,,0.016010000000, 103.20000,
,,,0.016010040000, 104.00000,
,,,0.016010080000, 104.00000,
,,,0.016010120000, 104.80000,
,,,0.016010160000, 104.00000,
,,,0.016010200000, 104.00000,
,,,0.016010240000, 104.00000,
,,,0.016010280000, 104.00000,
,,,0.016010320000, 104.00000,
,,,0.016010360000, 104.00000,
,,,0.016010400000, 104.00000,
,,,0.016010440000, 104.80000,
,,,0.016010480000, 104.00000,
,,,0.016010520000, 103.20000,
,,,0.016010560000, 103.20000,
,,,0.016010600000, 104.00000,
,,,0.016010640000, 104.00000,
,,,0.016010680000, 104.80000,
,,,0.016010720000, 104.00000,
,,,0.016010760000, 104.80000,
,,,0.016010800000, 103.20000,
,,,0.016010840000, 104.00000,
,,,0.016010880000, 104.00000,
,,,0.016010920000, 103.20000,
,,,0.016010960000, 104.00000,
,,,0.016011000000, 104.00000,
,,,0.016011040000, 104.00000,
,,,0.016011080000, 104.00000,
,,,0.016011120000, 104.00000,
,,,0.016011160000, 104.00000,
,,,0.016011200000, 104.80000,
,,,0.016011240000, 104.00000,
,,,0.016011280000, 104.00000,
,,,0.016011320000, 104.80000,
,,,0.016011360000, 104.00000,
,,,0.016011400000, 104.00000,
,,,0.016011440000, 104.00000,
,,,0.016011480000, 103.20000,
,,,0.016011520000, 104.80000,
,,,0.016011560000, 104.00000,
,,,0.016011600000, 104.00000,
,,,0.016011640000, 104.00000,
,,,0.016011680000, 104.00000,
,,,0.016011720000, 103.20000,
,,,0.016011760000, 103.20000,
,,,0.016011800000, 104.00000,
,,,0.016011840000, 103.20000,
,,,0.016011880000, 103.20000,
,,,0.016011920000, 104.00000,
,,,0.016011960000, 103.20000,
,,,0.016012000000, 104.00000,
,,,0.016012040000, 103.20000,
,,,0.016012080000, 103.20000,
,,,0.016012120000, 104.00000,
,,,0.016012160000, 104.00000,
,,,0.016012200000, 103.20000,
,,,0.016012240000, 103.20000,
,,,0.016012280000, 104.00000,
,,,0.016012320000, 103.20000,
,,,0.016012360000, 103.20000,
,,,0.016012400000, 103.20000,
,,,0.016012440000, 103.20000,
,,,0.016012480000, 103.20000,
,,,0.016012520000, 103.20000,
,,,0.016012560000, 104.00000,
,,,0.016012600000, 103.20000,
,,,0.016012640000, 104.00000,
,,,0.016012680000, 104.00000,
,,,0.016012720000, 103.20000,
,,,0.016012760000, 103.20000,
,,,0.016012800000, 102.40000,
,,,0.016012840000, 103.20000,
,,,0.016012880000, 103.20000,
,,,0.016012920000, 104.00000,
,,,0.016012960000, 103.20000,
,,,0.016013000000, 103.20000,
,,,0.016013040000, 104.00000,
,,,0.016013080000, 103.20000,
,,,0.016013120000, 104.00000,
,,,0.016013160000, 103.20000,
,,,0.016013200000, 104.00000,
,,,0.016013240000, 103.20000,
,,,0.016013280000, 103.20000,
,,,0.016013320000, 104.00000,
,,,0.016013360000, 101.60000,
,,,0.016013400000, 103.20000,
,,,0.016013440000, 103.20000,
,,,0.016013480000, 104.00000,
,,,0.016013520000, 104.00000,
,,,0.016013560000, 103.20000,
,,,0.016013600000, 103.20000,
,,,0.016013640000, 103.20000,
,,,0.016013680000, 103.20000,
,,,0.016013720000, 103.20000,
,,,0.016013760000, 104.00000,
,,,0.016013800000, 104.00000,
,,,0.016013840000, 104.00000,
,,,0.016013880000, 103.20000,
,,,0.016013920000, 103.20000,
,,,0.016013960000, 103.20000,
,,,0.016014000000, 104.00000,
,,,0.016014040000, 104.00000,
,,,0.016014080000, 104.00000,
,,,0.016014120000, 103.20000,
,,,0.016014160000, 103.20000,
,,,0.016014200000, 103.20000,
,,,0.016014240000, 102.40000,
,,,0.016014280000, 104.00000,
,,,0.016014320000, 104.00000,
,,,0.016014360000, 103.20000,
,,,0.016014400000, 104.00000,
,,,0.016014440000, 102.40000,
,,,0.016014480000, 102.40000,
,,,0.016014520000, 103.20000,
,,,0.016014560000, 103.20000,
,,,0.016014600000, 104.00000,
,,,0.016014640000, 103.20000,
,,,0.016014680000, 103.20000,
,,,0.016014720000, 103.20000,
,,,0.016014760000, 103.20000,
,,,0.016014800000, 104.80000,
,,,0.016014840000, 103.20000,
,,,0.016014880000,  19.20000,
,,,0.016014920000,  -1.60000,
,,,0.016014960000,  -0.80000,
,,,0.016015000000,  -0.80000,
,,,0.016015040000,  -0.80000,
,,,0.016015080000,   0.00000,
,,,0.016015120000,  -0.80000,
,,,0.016015160000,   0.00000,
,,,0.016015200000,   0.00000,
,,,0.016015240000,  -0.80000,
,,,0.016015280000,  -0.80000,
,,,0.016015320000,  -1.60000,
,,,0.016015360000,  -1.60000,
,,,0.016015400000,   0.00000,
,,,0.016015440000,   0.80000,
,,,0.016015480000,   0.00000,
,,,0.016015520000,  -0.80000,
,,,0.016015560000,  -0.80000,
,,,0.016015600000,  -0.80000,
,,,0.016015640000,   0.00000,
,,,0.016015680000,   0.00000,
,,,0.016015720000,   0.00000,
,,,0.016015760000,   0.00000,
,,,0.016015800000,  -0.80000,
,,,0.016015840000,   0.00000,
,,,0.016015880000,  -0.80000,
,,,0.016015920000,   0.00000,
,,,0.016015960000,  -0.80000,
,,,0.016016000000,   0.00000,
,,,0.016016040000,  -0.80000,
,,,0.016016080000,  -0.80000,
,,,0.016016120000,   0.00000,
,,,0.016016160000,   0.00000,
,,,0.016016200000,  -0.80000,
,,,0.016016240000,   0.00000,
,,,0.016016280000,   0.80000,
,,,0.016016320000,   0.00000,
,,,0.016016360000,  -0.80000,
,,,0.016016400000,  -0.80000,
,,,0.016016440000,   0.00000,
,,,0.016016480000,  -1.60000,
,,,0.016016520000,   0.80000,
,,,0.016016560000,   0.00000,
,,,0.016016600000,   0.00000,
,,,0.016016640000,  -0.80000,
,,,0.016016680000,   0.00000,
,,,0.016016720000,   0.00000,
,,,0.016016760000,  -0.80000,
,,,0.016016800000,   0.00000,
,,,0.016016840000,   0.00000,
,,,0.016016880000,   0.00000,
,,,0.016016920000,  -0.80000,
,,,0.016016960000,   0.00000,
,,,0.016017000000,   0.00000,
,,,0.016017040000,   0.00000,
,,,0.016017080000,   0.00000,
,,,0.016017120000,   0.00000,
,,,0.016017160000,  -0.80000,
,,,0.016017200000,  -0.80000,
,,,0.016017240000,  -0.80000,
,,,0.016017280000,   0.00000,
,,,0.016017320000,  -0.80000,
,,,0.016017360000,   0.80000,
,,,0.016017400000,   0.00000,
,,,0.016017440000,   0.00000,
,,,0.016017480000,  -0.80000,
,,,0.016017520000,  -0.80000,
,,,0.016017560000,  -0.80000,
,,,0.016017600000,   0.80000,
,,,0.016017640000,   0.00000,
,,,0.016017680000,   0.00000,
,,,0.016017720000,  -0.80000,
,,,0.016017760000,  -0.80000,
,,,0.016017800000,   0.80000,
,,,0.016017840000,   0.00000,
,,,0.016017880000,  -0.80000,
,,,0.016017920000,   0.80000,
,,,0.016017960000,  -0.80000,
,,,0.016018000000,   0.00000,
,,,0.016018040000,   0.00000,
,,,0.016018080000,   0.00000,
,,,0.016018120000,  -0.80000,
,,,0.016018160000,   0.80000,
,,,0.016018200000,  -0.80000,
,,,0.016018240000,   0.00000,
,,,0.016018280000,   0.00000,
,,,0.016018320000,   0.00000,
,,,0.016018360000,   1.60000,
,,,0.016018400000,   0.00000,
,,,0.016018440000,   0.00000,
,,,0.016018480000,   0.80000,
,,,0.016018520000,   0.00000,
,,,0.016018560000,   0.00000,
,,,0.016018600000,   0.00000,
,,,0.016018640000,   0.00000,
,,,0.016018680000,  -0.80000,
,,,0.016018720000,  -0.80000,
,,,0.016018760000,   0.00000,
,,,0.016018800000,   0.80000,
,,,0.016018840000,   0.80000,
,,,0.016018880000,   0.00000,
,,,0.016018920000,   0.80000,
,,,0.016018960000,   0.00000,
,,,0.016019000000,   0.00000,
,,,0.016019040000,  -0.80000,
,,,0.016019080000,  -0.80000,
,,,0.016019120000,   0.80000,
,,,0.016019160000,   0.00000,
,,,0.016019200000,   0.00000,
,,,0.016019240000,  -0.80000,
,,,0.016019280000,   0.00000,
,,,0.016019320000,   0.00000,
,,,0.016019360000,   0.00000,
,,,0.016019400000,   0.00000,
,,,0.016019440000,   0.00000,
,,,0.016019480000,   0.00000,
,,,0.016019520000,   0.00000,
,,,0.016019560000,  -0.80000,
,,,0.016019600000,  -0.80000,
,,,0.016019640000,   0.00000,
,,,0.016019680000,  -0.80000,
,,,0.016019720000,   0.00000,
,,,0.016019760000,   0.00000,
,,,0.016019800000,  -0.80000,
,,,0.016019840000,  -0.80000,
,,,0.016019880000,   0.00000,
,,,0.016019920000,  -0.80000,
,,,0.016019960000,  -0.80000,
,,,0.016020000000,  -0.80000,
,,,0.016020040000,   0.00000,
,,,0.016020080000,   0.00000,
,,,0.016020120000,   0.00000,
,,,0.016020160000,  -0.80000,
,,,0.016020200000,  -1.60000,
,,,0.016020240000,   0.80000,
,,,0.016020280000,   0.00000,
,,,0.016020320000,  -0.80000,
,,,0.016020360000,  -1.60000,
,,,0.016020400000,  -0.80000,
,,,0.016020440000,  -0.80000,
,,,0.016020480000,  -1.60000,
,,,0.016020520000,   0.80000,
,,,0.016020560000,   0.00000,
,,,0.016020600000,  -0.80000,
,,,0.016020640000,  -0.80000,
,,,0.016020680000,  -0.80000,
,,,0.016020720000,   0.00000,
,,,0.016020760000,   0.00000,
,,,0.016020800000,   0.00000,
,,,0.016020840000,   0.00000,
,,,0.016020880000,  -0.80000,
,,,0.016020920000,  -0.80000,
,,,0.016020960000,   0.00000,
,,,0.016021000000,   0.80000,
,,,0.016021040000,  -0.80000,
,,,0.016021080000,  -0.80000,
,,,0.016021120000,   0.00000,
,,,0.016021160000,   0.00000,
,,,0.016021200000,  -0.80000,
,,,0.016021240000,   0.00000,
,,,0.016021280000,  -0.80000,
,,,0.016021320000,   0.00000,
,,,0.016021360000,   0.00000,
,,,0.016021400000,  -1.60000,
,,,0.016021440000,  -1.60000,
,,,0.016021480000,  -0.80000,
,,,0.016021520000,   0.00000,
,,,0.016021560000,   0.80000,
,,,0.016021600000,  -0.80000,
,,,0.016021640000,  -0.80000,
,,,0.016021680000,   0.00000,
,,,0.016021720000,   0.00000,
,,,0.016021760000,   0.80000,
,,,0.016021800000,   0.00000,
,,,0.016021840000,   0.00000,
,,,0.016021880000,  -0.80000,
,,,0.016021920000,  -0.80000,
,,,0.016021960000,  -0.80000,
,,,0.016022000000,  -0.80000,
,,,0.016022040000,   0.00000,
,,,0.016022080000,  -0.80000,
,,,0.016022120000,   0.80000,
,,,0.016022160000,  -0.80000,
,,,0.016022200000,  -0.80000,
,,,0.016022240000,  -0.80000,
,,,0.016022280000,   0.00000,
,,,0.016022320000,   0.80000,
,,,0.016022360000,   0.00000,
,,,0.016022400000,  -0.80000,
,,,0.016022440000,   0.00000,
,,,0.016022480000,  -0.80000,
,,,0.016022520000,   0.00000,
,,,0.016022560000,  -0.80000,
,,,0.016022600000,   0.00000,
,,,0.016022640000,   0.00000,
,,,0.016022680000,  -0.80000,
,,,0.016022720000,  -0.80000,
,,,0.016022760000,  -0.80000,
,,,0.016022800000,   0.00000,
,,,0.016022840000,   0.00000,
,,,0.016022880000,   0.00000,
,,,0.016022920000,  -0.80000,
,,,0.016022960000,  -0.80000,
,,,0.016023000000,  -0.80000,
,,,0.016023040000,  -0.80000,
,,,0.016023080000,   0.00000,
,,,0.016023120000,   0.00000,
,,,0.016023160000,  -0.80000,
,,,0.016023200000,  -0.80000,
,,,0.016023240000,  -0.80000,
,,,0.016023280000,   0.00000,
,,,0.016023320000,  -0.80000,
,,,0.016023360000,  -0.80000,
,,,0.016023400000,   0.00000,
,,,0.016023440000,  -0.80000,
,,,0.016023480000,   0.00000,
,,,0.016023520000,   0.00000,
,,,0.016023560000,  -0.80000,
,,,0.016023600000,   0.00000,
,,,0.016023640000,   0.00000,
,,,0.016023680000,   0.00000,
,,,0.016023720000,   0.00000,
,,,0.016023760000,  -0.80000,
,,,0.016023800000,  -0.80000,
,,,0.016023840000,   0.00000,
,,,0.016023880000,  -0.80000,
,,,0.016023920000,   0.00000,
,,,0.016023960000,  -0.80000,
,,,0.016024000000,  -0.80000,
,,,0.016024040000,  -0.80000,
,,,0.016024080000,   0.00000,
,,,0.016024120000,  -0.80000,
,,,0.016024160000,   0.00000,
,,,0.016024200000,   0.00000,
,,,0.016024240000,  -1.60000,
,,,0.016024280000,  -0.80000,
,,,0.016024320000,  -0.80000,
,,,0.016024360000,   0.00000,
,,,0.016024400000,  -0.80000,
,,,0.016024440000,  -0.80000,
,,,0.016024480000,   0.00000,
,,,0.016024520000,  -0.80000,
,,,0.016024560000,  -0.80000,
,,,0.016024600000,  -1.60000,
,,,0.016024640000,  -0.80000,
,,,0.016024680000,  -0.80000,
,,,0.016024720000,   0.00000,
,,,0.016024760000,  -0.80000,
,,,0.016024800000,   0.00000,
,,,0.016024840000,  -0.80000,
,,,0.016024880000,  -0.80000,
,,,0.016024920000,   0.00000,
,,,0.016024960000,   0.00000,
,,,0.016025000000,  -0.80000,
,,,0.016025040000,  -0.80000,
,,,0.016025080000,  -0.80000,
,,,0.016025120000,   0.00000,
,,,0.016025160000,   0.80000,
,,,0.016025200000,   0.00000,
,,,0.016025240000,   0.00000,
,,,0.016025280000,   0.00000,
,,,0.016025320000,  -1.60000,
,,,0.016025360000,  -0.80000,
,,,0.016025400000,  -0.80000,
,,,0.016025440000,  -0.80000,
,,,0.016025480000,  -0.80000,
,,,0.016025520000,   0.00000,
,,,0.016025560000,  -0.80000,
,,,0.016025600000,  -0.80000,
,,,0.016025640000,  -0.80000,
,,,0.016025680000,  -0.80000,
,,,0.016025720000,   0.80000,
,,,0.016025760000,   0.00000,
,,,0.016025800000,   0.00000,
,,,0.016025840000,  -0.80000,
,,,0.016025880000,  -0.80000,
,,,0.016025920000,  -1.60000,
,,,0.016025960000,  -0.80000,
,,,0.016026000000,   0.00000,
,,,0.016026040000,  -0.80000,
,,,0.016026080000,   0.00000,
,,,0.016026120000,   0.00000,
,,,0.016026160000,  -0.80000,
,,,0.016026200000,   0.00000,
,,,0.016026240000,   0.00000,
,,,0.016026280000,   0.80000,
,,,0.016026320000,  -0.80000,
,,,0.016026360000,  -0.80000,
,,,0.016026400000,  -0.80000,
,,,0.016026440000,  -1.60000,
,,,0.016026480000,  -0.80000,
,,,0.016026520000,  -1.60000,
,,,0.016026560000,   0.80000,
,,,0.016026600000,  -0.80000,
,,,0.016026640000,   0.00000,
,,,0.016026680000,  -0.80000,
,,,0.016026720000,   0.00000,
,,,0.016026760000,   0.00000,
,,,0.016026800000,   0.00000,
,,,0.016026840000,  -0.80000,
,,,0.016026880000,   0.00000,
,,,0.016026920000,   0.00000,
,,,0.016026960000,  -0.80000,
,,,0.016027000000,  -0.80000,
,,,0.016027040000,   0.00000,
,,,0.016027080000,   0.00000,
,,,0.016027120000,   0.00000,
,,,0.016027160000,  -0.80000,
,,,0.016027200000,  -0.80000,
,,,0.016027240000,   0.00000,
,,,0.016027280000,  -0.80000,
,,,0.016027320000,   0.00000,
,,,0.016027360000,   0.00000,
,,,0.016027400000,   0.00000,
,,,0.016027440000,  -0.80000,
,,,0.016027480000,  -0.80000,
,,,0.016027520000,   0.00000,
,,,0.016027560000,   0.00000,
,,,0.016027600000,   0.00000,
,,,0.016027640000,   0.00000,
,,,0.016027680000,   0.00000,
,,,0.016027720000,   3.20000,
,,,0.016027760000, 112.00000,
,,,0.016027800000, 173.60000,
,,,0.016027840000, 162.40000,
,,,0.016027880000,  54.40000,
,,,0.016027920000,  40.00000,
,,,0.016027960000, 104.00000,
,,,0.016028000000, 140.00000,
,,,0.016028040000, 131.20000,
,,,0.016028080000, 107.20000,
,,,0.016028120000,  83.20000,
,,,0.016028160000,  74.40000,
,,,0.016028200000,  93.60000,
,,,0.016028240000, 140.00000,
,,,0.016028280000, 144.00000,
,,,0.016028320000,  94.40000,
,,,0.016028360000,  56.00000,
,,,0.016028400000,  80.80000,
,,,0.016028440000, 137.60000,
,,,0.016028480000, 142.40000,
,,,0.016028520000,  98.40000,
,,,0.016028560000,  69.60000,
,,,0.016028600000,  89.60000,
,,,0.016028640000, 122.40000,
,,,0.016028680000, 127.20000,
,,,0.016028720000, 108.00000,
,,,0.016028760000,  87.20000,
,,,0.016028800000,  84.80000,
,,,0.016028840000, 101.60000,
,,,0.016028880000, 122.40000,
,,,0.016028920000, 122.40000,
,,,0.016028960000,  99.20000,
,,,0.016029000000,  82.40000,
,,,0.016029040000,  94.40000,
,,,0.016029080000, 118.40000,
,,,0.016029120000, 121.60000,
,,,0.016029160000, 101.60000,
,,,0.016029200000,  86.40000,
,,,0.016029240000,  96.00000,
,,,0.016029280000, 113.60000,
,,,0.016029320000, 116.00000,
,,,0.016029360000, 106.40000,
,,,0.016029400000,  96.00000,
,,,0.016029440000,  96.00000,
,,,0.016029480000, 104.00000,
,,,0.016029520000, 111.20000,
,,,0.016029560000, 111.20000,
,,,0.016029600000, 104.80000,
,,,0.016029640000,  96.00000,
,,,0.016029680000,  99.20000,
,,,0.016029720000, 108.80000,
,,,0.016029760000, 112.80000,
,,,0.016029800000, 105.60000,
,,,0.016029840000,  96.80000,
,,,0.016029880000,  98.40000,
,,,0.016029920000, 107.20000,
,,,0.016029960000, 110.40000,
,,,0.016030000000, 106.40000,
,,,0.016030040000, 100.80000,
,,,0.016030080000, 100.00000,
,,,0.016030120000, 104.80000,
,,,0.016030160000, 107.20000,
,,,0.016030200000, 107.20000,
,,,0.016030240000, 103.20000,
,,,0.016030280000, 100.00000,
,,,0.016030320000, 103.20000,
,,,0.016030360000, 106.40000,
,,,0.016030400000, 108.00000,
,,,0.016030440000, 104.00000,
,,,0.016030480000, 100.00000,
,,,0.016030520000, 101.60000,
,,,0.016030560000, 104.80000,
,,,0.016030600000, 107.20000,
,,,0.016030640000, 105.60000,
,,,0.016030680000, 102.40000,
,,,0.016030720000, 102.40000,
,,,0.016030760000, 104.80000,
,,,0.016030800000, 104.80000,
,,,0.016030840000, 104.80000,
,,,0.016030880000, 104.00000,
,,,0.016030920000, 102.40000,
,,,0.016030960000, 102.40000,
,,,0.016031000000, 104.80000,
,,,0.016031040000, 106.40000,
,,,0.016031080000, 104.00000,
,,,0.016031120000, 102.40000,
,,,0.016031160000, 102.40000,
,,,0.016031200000, 104.00000,
,,,0.016031240000, 104.80000,
,,,0.016031280000, 104.80000,
,,,0.016031320000, 103.20000,
,,,0.016031360000, 102.40000,
,,,0.016031400000, 104.00000,
,,,0.016031440000, 105.60000,
,,,0.016031480000, 104.80000,
,,,0.016031520000, 104.00000,
,,,0.016031560000, 102.40000,
,,,0.016031600000, 102.40000,
,,,0.016031640000, 104.80000,
,,,0.016031680000, 104.00000,
,,,0.016031720000, 104.00000,
,,,0.016031760000, 104.80000,
,,,0.016031800000, 103.20000,
,,,0.016031840000, 103.20000,
,,,0.016031880000, 104.00000,
,,,0.016031920000, 104.80000,
,,,0.016031960000, 104.00000,
,,,0.016032000000, 103.20000,
,,,0.016032040000, 104.00000,
,,,0.016032080000, 104.80000,
,,,0.016032120000, 104.00000,
,,,0.016032160000, 104.00000,
,,,0.016032200000, 104.00000,
,,,0.016032240000, 104.00000,
,,,0.016032280000, 104.80000,
,,,0.016032320000, 104.00000,
,,,0.016032360000, 104.80000,
,,,0.016032400000, 104.00000,
,,,0.016032440000, 104.00000,
,,,0.016032480000, 104.80000,
,,,0.016032520000, 104.00000,
,,,0.016032560000, 103.20000,
,,,0.016032600000, 101.60000,
,,,0.016032640000, 104.00000,
,,,0.016032680000, 104.00000,
,,,0.016032720000, 104.00000,
,,,0.016032760000, 104.00000,
,,,0.016032800000, 104.00000,
,,,0.016032840000, 104.00000,
,,,0.016032880000, 103.20000,
,,,0.016032920000, 104.00000,
,,,0.016032960000, 104.00000,
,,,0.016033000000, 104.80000,
,,,0.016033040000, 104.00000,
,,,0.016033080000, 104.00000,
,,,0.016033120000, 105.60000,
,,,0.016033160000, 104.00000,
,,,0.016033200000, 104.80000,
,,,0.016033240000, 103.20000,
,,,0.016033280000, 104.00000,
,,,0.016033320000, 104.00000,
,,,0.016033360000, 103.20000,
,,,0.016033400000, 104.00000,
,,,0.016033440000, 104.00000,
,,,0.016033480000, 103.20000,
,,,0.016033520000, 104.00000,
,,,0.016033560000, 104.80000,
,,,0.016033600000, 104.00000,
,,,0.016033640000, 104.00000,
,,,0.016033680000, 104.00000,
,,,0.016033720000, 104.00000,
,,,0.016033760000, 104.00000,
,,,0.016033800000, 104.00000,
,,,0.016033840000, 104.80000,
,,,0.016033880000, 103.20000,
,,,0.016033920000, 104.00000,
,,,0.016033960000, 103.20000,
,,,0.016034000000, 104.00000,
,,,0.016034040000, 104.00000,
,,,0.016034080000, 104.00000,
,,,0.016034120000, 104.00000,
,,,0.016034160000, 104.00000,
,,,0.016034200000, 104.00000,
,,,0.016034240000, 103.20000,
,,,0.016034280000, 104.00000,
,,,0.016034320000, 103.20000,
,,,0.016034360000, 104.00000,
,,,0.016034400000, 104.00000,
,,,0.016034440000, 103.20000,
,,,0.016034480000, 104.00000,
,,,0.016034520000, 104.00000,
,,,0.016034560000, 104.00000,
,,,0.016034600000, 104.00000,
,,,0.016034640000, 104.00000,
,,,0.016034680000, 104.00000,
,,,0.016034720000, 104.00000,
,,,0.016034760000, 104.00000,
,,,0.016034800000, 103.20000,
,,,0.016034840000, 104.00000,
,,,0.016034880000, 104.00000,
,,,0.016034920000, 104.00000,
,,,0.016034960000, 104.00000,
,,,0.016035000000, 104.00000,
,,,0.016035040000, 104.00000,
,,,0.016035080000, 104.00000,
,,,0.016035120000, 104.00000,
,,,0.016035160000, 104.00000,
,,,0.016035200000, 104.00000,
,,,0.016035240000, 104.00000,
,,,0.016035280000, 103.20000,
,,,0.016035320000, 103.20000,
,,,0.016035360000, 104.00000,
,,,0.016035400000, 103.20000,
,,,0.016035440000, 104.00000,
,,,0.016035480000, 103.20000,
,,,0.016035520000, 103.20000,
,,,0.016035560000, 103.20000,
,,,0.016035600000, 104.00000,
,,,0.016035640000, 104.00000,
,,,0.016035680000, 103.20000,
,,,0.016035720000, 103.20000,
,,,0.016035760000, 104.00000,
,,,0.016035800000, 103.20000,
,,,0.016035840000, 104.00000,
,,,0.016035880000, 104.00000,
,,,0.016035920000, 103.20000,
,,,0.016035960000, 103.20000,
,,,0.016036000000, 103.20000,
,,,0.016036040000, 103.20000,
,,,0.016036080000, 104.00000,
,,,0.016036120000, 103.20000,
,,,0.016036160000, 104.00000,
,,,0.016036200000, 104.00000,
,,,0.016036240000, 104.00000,
,,,0.016036280000, 104.00000,
,,,0.016036320000, 104.00000,
,,,0.016036360000, 103.20000,
,,,0.016036400000, 103.20000,
,,,0.016036440000, 104.00000,
,,,0.016036480000, 104.80000,
,,,0.016036520000, 104.00000,
,,,0.016036560000, 102.40000,
,,,0.016036600000, 103.20000,
,,,0.016036640000, 104.00000,
,,,0.016036680000, 104.00000,
,,,0.016036720000, 103.20000,
,,,0.016036760000, 104.00000,
,,,0.016036800000, 104.00000,
,,,0.016036840000, 103.20000,
,,,0.016036880000, 104.00000,
,,,0.016036920000, 103.20000,
,,,0.016036960000, 104.00000,
,,,0.016037000000, 103.20000,
,,,0.016037040000, 103.20000,
,,,0.016037080000, 104.80000,
,,,0.016037120000, 104.00000,
,,,0.016037160000, 103.20000,
,,,0.016037200000, 103.20000,
,,,0.016037240000, 103.20000,
,,,0.016037280000, 104.00000,
,,,0.016037320000, 103.20000,
,,,0.016037360000, 103.20000,
,,,0.016037400000, 103.20000,
,,,0.016037440000, 104.00000,
,,,0.016037480000, 103.20000,
,,,0.016037520000, 103.20000,
,,,0.016037560000, 103.20000,
,,,0.016037600000, 104.80000,
,,,0.016037640000, 104.00000,
,,,0.016037680000, 102.40000,
,,,0.016037720000, 103.20000,
,,,0.016037760000, 104.00000,
,,,0.016037800000, 104.00000,
,,,0.016037840000, 104.00000,
,,,0.016037880000, 102.40000,
,,,0.016037920000, 103.20000,
,,,0.016037960000, 104.00000,
,,,0.016038000000, 103.20000,
,,,0.016038040000, 104.00000,
,,,0.016038080000, 104.00000,
,,,0.016038120000, 103.20000,
,,,0.016038160000, 104.00000,
,,,0.016038200000, 103.20000,
,,,0.016038240000, 103.20000,
,,,0.016038280000, 104.00000,
,,,0.016038320000, 104.00000,
,,,0.016038360000, 103.20000,
,,,0.016038400000, 103.20000,
,,,0.016038440000, 104.00000,
,,,0.016038480000, 103.20000,
,,,0.016038520000, 104.00000,
,,,0.016038560000, 104.00000,
,,,0.016038600000, 104.00000,
,,,0.016038640000, 104.80000,
,,,0.016038680000, 103.20000,
,,,0.016038720000, 104.00000,
,,,0.016038760000, 103.20000,
,,,0.016038800000, 104.00000,
,,,0.016038840000, 103.20000,
,,,0.016038880000, 103.20000,
,,,0.016038920000, 104.00000,
,,,0.016038960000, 103.20000,
,,,0.016039000000, 103.20000,
,,,0.016039040000, 103.20000,
,,,0.016039080000, 103.20000,
,,,0.016039120000, 104.00000,
,,,0.016039160000, 102.40000,
,,,0.016039200000, 104.00000,
,,,0.016039240000, 104.00000,
,,,0.016039280000, 104.00000,
,,,0.016039320000, 103.20000,
,,,0.016039360000, 102.40000,
,,,0.016039400000, 104.00000,
,,,0.016039440000, 103.20000,
,,,0.016039480000, 103.20000,
,,,0.016039520000, 104.00000,
,,,0.016039560000, 103.20000,
,,,0.016039600000, 102.40000,
,,,0.016039640000, 102.40000,
,,,0.016039680000, 103.20000,
,,,0.016039720000, 103.20000,
,,,0.016039760000, 102.40000,
,,,0.016039800000, 103.20000,
,,,0.016039840000, 104.00000,
,,,0.016039880000, 103.20000,
,,,0.016039920000,  68.00000,
,,,0.016039960000,  -1.60000,
,,,0.016040000000,  -1.60000,
,,,0.016040040000,   0.00000,
,,,0.016040080000,  -0.80000,
,,,0.016040120000,  -0.80000,
,,,0.016040160000,  -0.80000,
,,,0.016040200000,  -0.80000,
,,,0.016040240000,  -1.60000,
,,,0.016040280000,  -1.60000,
,,,0.016040320000,   0.00000,
,,,0.016040360000,  -0.80000,
,,,0.016040400000,  -0.80000,
,,,0.016040440000,  -1.60000,
,,,0.016040480000,   0.00000,
,,,0.016040520000,  -0.80000,
,,,0.016040560000,  -0.80000,
,,,0.016040600000,  -0.80000,
,,,0.016040640000,   0.00000,
,,,0.016040680000,  -1.60000,
,,,0.016040720000,  -0.80000,
,,,0.016040760000,  -0.80000,
,,,0.016040800000,   0.00000,
,,,0.016040840000,  -0.80000,
,,,0.016040880000,  -0.80000,
,,,0.016040920000,   0.00000,
,,,0.016040960000,  -0.80000,
,,,0.016041000000,  -0.80000,
,,,0.016041040000,   0.80000,
,,,0.016041080000,  -0.80000,
,,,0.016041120000,   0.00000,
,,,0.016041160000,   0.80000,
,,,0.016041200000,  -0.80000,
,,,0.016041240000,  -0.80000,
,,,0.016041280000,  -0.80000,
,,,0.016041320000,  -0.80000,
,,,0.016041360000,   0.80000,
,,,0.016041400000,   0.00000,
,,,0.016041440000,   0.00000,
,,,0.016041480000,  -0.80000,
,,,0.016041520000,   0.00000,
,,,0.016041560000,  -0.80000,
,,,0.016041600000,   0.80000,
,,,0.016041640000,   0.00000,
,,,0.016041680000,   0.00000,
,,,0.016041720000,  -0.80000,
,,,0.016041760000,  -0.80000,
,,,0.016041800000,   0.00000,
,,,0.016041840000,   0.00000,
,,,0.016041880000,  -0.80000,
,,,0.016041920000,   0.80000,
,,,0.016041960000,   0.00000,
,,,0.016042000000,  -1.60000,
,,,0.016042040000,  -0.80000,
,,,0.016042080000,   0.00000,
,,,0.016042120000,   0.80000,
,,,0.016042160000,   0.00000,
,,,0.016042200000,   0.00000,
,,,0.016042240000,   0.00000,
,,,0.016042280000,  -0.80000,
,,,0.016042320000,  -0.80000,
,,,0.016042360000,  -0.80000,
,,,0.016042400000,   0.00000,
,,,0.016042440000,  -0.80000,
,,,0.016042480000,  -0.80000,
,,,0.016042520000,  -0.80000,
,,,0.016042560000,   0.00000,
,,,0.016042600000,   0.80000,
,,,0.016042640000,   0.00000,
,,,0.016042680000,   0.00000,
,,,0.016042720000,  -0.80000,
,,,0.016042760000,  -0.80000,
,,,0.016042800000,  -0.80000,
,,,0.016042840000,   0.80000,
,,,0.016042880000,   0.00000,
,,,0.016042920000,   0.00000,
,,,0.016042960000,   0.00000,
,,,0.016043000000,  -0.80000,
,,,0.016043040000,  -0.80000,
,,,0.016043080000,   0.00000,
,,,0.016043120000,   0.00000,
,,,0.016043160000,  -0.80000,
,,,0.016043200000,   0.00000,
,,,0.016043240000,  -1.60000,
,,,0.016043280000,   0.00000,
,,,0.016043320000,  -0.80000,
,,,0.016043360000,   0.00000,
,,,0.016043400000,  -0.80000,
,,,0.016043440000,   0.00000,
,,,0.016043480000,  -0.80000,
,,,0.016043520000,  -0.80000,
,,,0.016043560000,  -0.80000,
,,,0.016043600000,   0.00000,
,,,0.016043640000,   0.00000,
,,,0.016043680000,   0.00000,
,,,0.016043720000,  -0.80000,
,,,0.016043760000,   0.80000,
,,,0.016043800000,   0.00000,
,,,0.016043840000,   0.00000,
,,,0.016043880000,  -0.80000,
,,,0.016043920000,  -0.80000,
,,,0.016043960000,   0.00000,
,,,0.016044000000,   0.80000,
,,,0.016044040000,  -0.80000,
,,,0.016044080000,  -0.80000,
,,,0.016044120000,  -0.80000,
,,,0.016044160000,   0.00000,
,,,0.016044200000,   0.00000,
,,,0.016044240000,   0.00000,
,,,0.016044280000,   0.80000,
,,,0.016044320000,   0.00000,
,,,0.016044360000,  -0.80000,
,,,0.016044400000,   0.00000,
,,,0.016044440000,   0.00000,
,,,0.016044480000,  -0.80000,
,,,0.016044520000,   0.00000,
,,,0.016044560000,  -0.80000,
,,,0.016044600000,  -0.80000,
,,,0.016044640000,  -0.80000,
,,,0.016044680000,  -0.80000,
,,,0.016044720000,   0.00000,
,,,0.016044760000,   0.80000,
,,,0.016044800000,   0.00000,
,,,0.016044840000,   0.00000,
,,,0.016044880000,   0.00000,
,,,0.016044920000,  -0.80000,
,,,0.016044960000,  -0.80000,
,,,0.016045000000,  -0.80000,
,,,0.016045040000,  -1.60000,
,,,0.016045080000,  -0.80000,
,,,0.016045120000,   0.00000,
,,,0.016045160000,   0.00000,
,,,0.016045200000,  -0.80000,
,,,0.016045240000,   0.00000,
,,,0.016045280000,  -0.80000,
,,,0.016045320000,   0.00000,
,,,0.016045360000,  -0.80000,
,,,0.016045400000,  -0.80000,
,,,0.016045440000,   0.80000,
,,,0.016045480000,   0.00000,
,,,0.016045520000,   0.80000,
,,,0.016045560000,   0.00000,
,,,0.016045600000,   0.00000,
,,,0.016045640000,  -0.80000,
,,,0.016045680000,   0.00000,
,,,0.016045720000,  -0.80000,
,,,0.016045760000,  -0.80000,
,,,0.016045800000,   0.00000,
,,,0.016045840000,  -0.80000,
,,,0.016045880000,   0.80000,
,,,0.016045920000,   0.00000,
,,,0.016045960000,  -0.80000,
,,,0.016046000000,   0.00000,
,,,0.016046040000,   0.00000,
,,,0.016046080000,   1.60000,
,,,0.016046120000,  -0.80000,
,,,0.016046160000,   0.00000,
,,,0.016046200000,   0.00000,
,,,0.016046240000,  -0.80000,
,,,0.016046280000,   0.80000,
,,,0.016046320000,   0.00000,
,,,0.016046360000,  -0.80000,
,,,0.016046400000,   0.00000,
,,,0.016046440000,   0.00000,
,,,0.016046480000,   0.00000,
,,,0.016046520000,   0.00000,
,,,0.016046560000,   0.00000,
,,,0.016046600000,   0.00000,
,,,0.016046640000,   0.80000,
,,,0.016046680000,   0.80000,
,,,0.016046720000,  -0.80000,
,,,0.016046760000,  -0.80000,
,,,0.016046800000,  -0.80000,
,,,0.016046840000,   0.80000,
,,,0.016046880000,   0.00000,
,,,0.016046920000,  -0.80000,
,,,0.016046960000,   0.00000,
,,,0.016047000000,  -0.80000,
,,,0.016047040000,  -0.80000,
,,,0.016047080000,   0.00000,
,,,0.016047120000,   0.00000,
,,,0.016047160000,  -0.80000,
,,,0.016047200000,  -1.60000,
,,,0.016047240000,  -0.80000,
,,,0.016047280000,  -0.80000,
,,,0.016047320000,  -0.80000,
,,,0.016047360000,  -0.80000,
,,,0.016047400000,   0.00000,
,,,0.016047440000,   0.00000,
,,,0.016047480000,  -0.80000,
,,,0.016047520000,  -0.80000,
,,,0.016047560000,  -1.60000,
,,,0.016047600000,  -0.80000,
,,,0.016047640000,   0.00000,
,,,0.016047680000,  -0.80000,
,,,0.016047720000,   0.00000,
,,,0.016047760000,  -0.80000,
,,,0.016047800000,  -0.80000,
,,,0.016047840000,   0.00000,
,,,0.016047880000,  -0.80000,
,,,0.016047920000,   0.00000,
,,,0.016047960000,   0.00000,
,,,0.016048000000,  -0.80000,
,,,0.016048040000,   0.00000,
,,,0.016048080000,  -0.80000,
,,,0.016048120000,   0.00000,
,,,0.016048160000,  -0.80000,
,,,0.016048200000,  -0.80000,
,,,0.016048240000,   0.00000,
,,,0.016048280000,  -0.80000,
,,,0.016048320000,   0.00000,
,,,0.016048360000,  -1.60000,
,,,0.016048400000,   0.00000,
,,,0.016048440000,  -0.80000,
,,,0.016048480000,   0.00000,
,,,0.016048520000,  -0.80000,
,,,0.016048560000,  -0.80000,
,,,0.016048600000,  -0.80000,
,,,0.016048640000,  -0.80000,
,,,0.016048680000,  -0.80000,
,,,0.016048720000,   0.00000,
,,,0.016048760000,   0.00000,
,,,0.016048800000,   0.00000,
,,,0.016048840000,  -0.80000,
,,,0.016048880000,   0.00000,
,,,0.016048920000,  -0.80000,
,,,0.016048960000,   0.80000,
,,,0.016049000000,  -0.80000,
,,,0.016049040000,   0.00000,
,,,0.016049080000,  -0.80000,
,,,0.016049120000,  -0.80000,
,,,0.016049160000,   0.00000,
,,,0.016049200000,  -0.80000,
,,,0.016049240000,   0.00000,
,,,0.016049280000,   0.00000,
,,,0.016049320000,   0.00000,
,,,0.016049360000,   0.00000,
,,,0.016049400000,  -0.80000,
,,,0.016049440000,   0.00000,
,,,0.016049480000,   0.80000,
,,,0.016049520000,   0.00000,
,,,0.016049560000,   0.00000,
,,,0.016049600000,  -0.80000,
,,,0.016049640000,  -1.60000,
,,,0.016049680000,  -0.80000,
,,,0.016049720000,   0.00000,
,,,0.016049760000,   0.00000,
,,,0.016049800000,   0.00000,
,,,0.016049840000,   0.80000,
,,,0.016049880000,   0.00000,
,,,0.016049920000,   0.00000,
,,,0.016049960000,  -0.80000,
,,,0.016050000000,  -0.80000,
,,,0.016050040000,   0.80000,
,,,0.016050080000,  -0.80000,
,,,0.016050120000,  -0.80000,
,,,0.016050160000,   0.00000,
,,,0.016050200000,   0.00000,
,,,0.016050240000,   0.00000,
,,,0.016050280000,   0.00000,
,,,0.016050320000,   0.80000,
,,,0.016050360000,   0.00000,
,,,0.016050400000,   0.80000,
,,,0.016050440000,   0.00000,
,,,0.016050480000,   0.00000,
,,,0.016050520000,   0.00000,
,,,0.016050560000,   0.00000,
,,,0.016050600000,   0.00000,
,,,0.016050640000,   0.00000,
,,,0.016050680000,  -0.80000,
,,,0.016050720000,   0.00000,
,,,0.016050760000,   0.00000,
,,,0.016050800000,   0.80000,
,,,0.016050840000,  -0.80000,
,,,0.016050880000,  -0.80000,
,,,0.016050920000,  -1.60000,
,,,0.016050960000,   0.00000,
,,,0.016051000000,  -0.80000,
,,,0.016051040000,  -0.80000,
,,,0.016051080000,   0.00000,
,,,0.016051120000,   0.00000,
,,,0.016051160000,   0.00000,
,,,0.016051200000,  -0.80000,
,,,0.016051240000,   0.00000,
,,,0.016051280000,   0.00000,
,,,0.016051320000,   0.00000,
,,,0.016051360000,   0.00000,
,,,0.016051400000,   0.00000,
,,,0.016051440000,   0.00000,
,,,0.016051480000,  -0.80000,
,,,0.016051520000,   0.00000,
,,,0.016051560000,   0.00000,
,,,0.016051600000,   0.00000,
,,,0.016051640000,   0.00000,
,,,0.016051680000,   0.80000,
,,,0.016051720000,   0.00000,
,,,0.016051760000,  -0.80000,
,,,0.016051800000,   0.00000,
,,,0.016051840000,   0.00000,
,,,0.016051880000,   0.80000,
,,,0.016051920000,   1.60000,
,,,0.016051960000,   0.00000,
,,,0.016052000000,   0.00000,
,,,0.016052040000,   0.00000,
,,,0.016052080000,  -0.80000,
,,,0.016052120000,   0.80000,
,,,0.016052160000,   0.00000,
,,,0.016052200000,   0.80000,
,,,0.016052240000,   0.00000,
,,,0.016052280000,  -0.80000,
,,,0.016052320000,   0.00000,
,,,0.016052360000,   0.00000,
,,,0.016052400000,   0.00000,
,,,0.016052440000,   0.00000,
,,,0.016052480000,   0.00000,
,,,0.016052520000,   0.80000,
,,,0.016052560000,  -0.80000,
,,,0.016052600000,   0.80000,
,,,0.016052640000,   0.00000,
,,,0.016052680000,   4.80000,
,,,0.016052720000, 113.60000,
,,,0.016052760000, 173.60000,
,,,0.016052800000, 156.80000,
,,,0.016052840000,  48.00000,
,,,0.016052880000,  39.20000,
,,,0.016052920000, 105.60000,
,,,0.016052960000, 144.00000,
,,,0.016053000000, 131.20000,
,,,0.016053040000, 103.20000,
,,,0.016053080000,  84.00000,
,,,0.016053120000,  76.00000,
,,,0.016053160000,  95.20000,
,,,0.016053200000, 136.80000,
,,,0.016053240000, 143.20000,
,,,0.016053280000,  93.60000,
,,,0.016053320000,  56.00000,
,,,0.016053360000,  82.40000,
,,,0.016053400000, 138.40000,
,,,0.016053440000, 144.00000,
,,,0.016053480000,  97.60000,
,,,0.016053520000,  66.40000,
,,,0.016053560000,  87.20000,
,,,0.016053600000, 124.80000,
,,,0.016053640000, 131.20000,
,,,0.016053680000, 107.20000,
,,,0.016053720000,  84.80000,
,,,0.016053760000,  84.80000,
,,,0.016053800000, 104.80000,
,,,0.016053840000, 122.40000,
,,,0.016053880000, 120.00000,
,,,0.016053920000,  98.40000,
,,,0.016053960000,  83.20000,
,,,0.016054000000,  95.20000,
,,,0.016054040000, 118.40000,
,,,0.016054080000, 122.40000,
,,,0.016054120000, 101.60000,
,,,0.016054160000,  85.60000,
,,,0.016054200000,  95.20000,
,,,0.016054240000, 114.40000,
,,,0.016054280000, 117.60000,
,,,0.016054320000, 105.60000,
,,,0.016054360000,  95.20000,
,,,0.016054400000,  96.80000,
,,,0.016054440000, 104.80000,
,,,0.016054480000, 111.20000,
,,,0.016054520000, 110.40000,
,,,0.016054560000, 102.40000,
,,,0.016054600000,  96.80000,
,,,0.016054640000, 100.00000,
,,,0.016054680000, 107.20000,
,,,0.016054720000, 112.00000,
,,,0.016054760000, 105.60000,
,,,0.016054800000,  96.80000,
,,,0.016054840000,  96.80000,
,,,0.016054880000, 106.40000,
,,,0.016054920000, 112.80000,
,,,0.016054960000, 107.20000,
,,,0.016055000000, 100.00000,
,,,0.016055040000,  98.40000,
,,,0.016055080000, 104.00000,
,,,0.016055120000, 108.00000,
,,,0.016055160000, 106.40000,
,,,0.016055200000, 102.40000,
,,,0.016055240000, 100.00000,
,,,0.016055280000, 103.20000,
,,,0.016055320000, 106.40000,
,,,0.016055360000, 107.20000,
,,,0.016055400000, 104.80000,
,,,0.016055440000, 100.00000,
,,,0.016055480000, 101.60000,
,,,0.016055520000, 104.00000,
,,,0.016055560000, 107.20000,
,,,0.016055600000, 104.80000,
,,,0.016055640000, 102.40000,
,,,0.016055680000, 102.40000,
,,,0.016055720000, 104.00000,
,,,0.016055760000, 105.60000,
,,,0.016055800000, 105.60000,
,,,0.016055840000, 104.00000,
,,,0.016055880000, 102.40000,
,,,0.016055920000, 103.20000,
,,,0.016055960000, 105.60000,
,,,0.016056000000, 106.40000,
,,,0.016056040000, 104.80000,
,,,0.016056080000, 103.20000,
,,,0.016056120000, 103.20000,
,,,0.016056160000, 104.80000,
,,,0.016056200000, 104.80000,
,,,0.016056240000, 104.80000,
,,,0.016056280000, 103.20000,
,,,0.016056320000, 103.20000,
,,,0.016056360000, 104.80000,
,,,0.016056400000, 105.60000,
,,,0.016056440000, 104.00000,
,,,0.016056480000, 104.00000,
,,,0.016056520000, 102.40000,
,,,0.016056560000, 103.20000,
,,,0.016056600000, 104.80000,
,,,0.016056640000, 104.80000,
,,,0.016056680000, 105.60000,
,,,0.016056720000, 103.20000,
,,,0.016056760000, 104.00000,
,,,0.016056800000, 104.00000,
,,,0.016056840000, 104.00000,
,,,0.016056880000, 104.00000,
,,,0.016056920000, 103.20000,
,,,0.016056960000, 103.20000,
,,,0.016057000000, 103.20000,
,,,0.016057040000, 103.20000,
,,,0.016057080000, 104.80000,
,,,0.016057120000, 103.20000,
,,,0.016057160000, 103.20000,
,,,0.016057200000, 104.00000,
,,,0.016057240000, 104.00000,
,,,0.016057280000, 103.20000,
,,,0.016057320000, 103.20000,
,,,0.016057360000, 104.00000,
,,,0.016057400000, 104.00000,
,,,0.016057440000, 104.00000,
,,,0.016057480000, 104.00000,
,,,0.016057520000, 104.00000,
,,,0.016057560000, 104.00000,
,,,0.016057600000, 104.80000,
,,,0.016057640000, 104.80000,
,,,0.016057680000, 104.00000,
,,,0.016057720000, 104.80000,
,,,0.016057760000, 104.00000,
,,,0.016057800000, 103.20000,
,,,0.016057840000, 104.00000,
,,,0.016057880000, 104.00000,
,,,0.016057920000, 104.00000,
,,,0.016057960000, 104.80000,
,,,0.016058000000, 104.80000,
,,,0.016058040000, 103.20000,
,,,0.016058080000, 104.00000,
,,,0.016058120000, 103.20000,
,,,0.016058160000, 104.00000,
,,,0.016058200000, 104.00000,
,,,0.016058240000, 104.00000,
,,,0.016058280000, 103.20000,
,,,0.016058320000, 104.00000,
,,,0.016058360000, 104.00000,
,,,0.016058400000, 104.00000,
,,,0.016058440000, 104.00000,
,,,0.016058480000, 104.00000,
,,,0.016058520000, 103.20000,
,,,0.016058560000, 104.00000,
,,,0.016058600000, 104.00000,
,,,0.016058640000, 104.00000,
,,,0.016058680000, 103.20000,
,,,0.016058720000, 104.80000,
,,,0.016058760000, 104.00000,
,,,0.016058800000, 104.00000,
,,,0.016058840000, 104.00000,
,,,0.016058880000, 104.80000,
,,,0.016058920000, 104.80000,
,,,0.016058960000, 104.00000,
,,,0.016059000000, 104.00000,
,,,0.016059040000, 104.00000,
,,,0.016059080000, 103.20000,
,,,0.016059120000, 104.00000,
,,,0.016059160000, 104.00000,
,,,0.016059200000, 104.80000,
,,,0.016059240000, 104.00000,
,,,0.016059280000, 103.20000,
,,,0.016059320000, 103.20000,
,,,0.016059360000, 104.80000,
,,,0.016059400000, 104.00000,
,,,0.016059440000, 104.80000,
,,,0.016059480000, 104.00000,
,,,0.016059520000, 104.00000,
,,,0.016059560000, 103.20000,
,,,0.016059600000, 104.00000,
,,,0.016059640000, 104.80000,
,,,0.016059680000, 103.20000,
,,,0.016059720000, 104.00000,
,,,0.016059760000, 103.20000,
,,,0.016059800000, 104.00000,
,,,0.016059840000, 104.00000,
,,,0.016059880000, 104.00000,
,,,0.016059920000, 103.20000,
,,,0.016059960000, 104.00000,
,,,0.016060000000, 103.20000,
,,,0.016060040000, 104.00000,
,,,0.016060080000, 103.20000,
,,,0.016060120000, 103.20000,
,,,0.016060160000, 104.00000,
,,,0.016060200000, 104.80000,
,,,0.016060240000, 104.00000,
,,,0.016060280000, 104.00000,
,,,0.016060320000, 104.00000,
,,,0.016060360000, 104.00000,
,,,0.016060400000, 104.00000,
,,,0.016060440000, 103.20000,
,,,0.016060480000, 104.00000,
,,,0.016060520000, 104.00000,
,,,0.016060560000, 103.20000,
,,,0.016060600000, 104.00000,
,,,0.016060640000, 103.20000,
,,,0.016060680000, 103.20000,
,,,0.016060720000, 104.00000,
,,,0.016060760000, 104.00000,
,,,0.016060800000, 104.80000,
,,,0.016060840000, 104.80000,
,,,0.016060880000, 103.20000,
,,,0.016060920000, 104.00000,
,,,0.016060960000, 103.20000,
,,,0.016061000000, 103.20000,
,,,0.016061040000, 103.20000,
,,,0.016061080000, 104.80000,
,,,0.016061120000, 104.00000,
,,,0.016061160000, 104.00000,
,,,0.016061200000, 102.40000,
,,,0.016061240000, 104.00000,
,,,0.016061280000, 104.00000,
,,,0.016061320000, 104.00000,
,,,0.016061360000, 104.00000,
,,,0.016061400000, 103.20000,
,,,0.016061440000, 104.00000,
,,,0.016061480000, 104.00000,
,,,0.016061520000, 104.00000,
,,,0.016061560000, 104.00000,
,,,0.016061600000, 104.00000,
,,,0.016061640000, 103.20000,
,,,0.016061680000, 103.20000,
,,,0.016061720000, 104.00000,
,,,0.016061760000, 104.00000,
,,,0.016061800000, 104.00000,
,,,0.016061840000, 104.00000,
,,,0.016061880000, 104.00000,
,,,0.016061920000, 104.00000,
,,,0.016061960000, 103.20000,
,,,0.016062000000, 103.20000,
,,,0.016062040000, 103.20000,
,,,0.016062080000, 103.20000,
,,,0.016062120000, 104.00000,
,,,0.016062160000, 103.20000,
,,,0.016062200000, 103.20000,
,,,0.016062240000, 104.80000,
,,,0.016062280000, 104.00000,
,,,0.016062320000, 104.00000,
,,,0.016062360000, 103.20000,
,,,0.016062400000, 104.00000,
,,,0.016062440000, 103.20000,
,,,0.016062480000, 104.00000,
,,,0.016062520000, 103.20000,
,,,0.016062560000, 104.00000,
,,,0.016062600000, 104.00000,
,,,0.016062640000, 102.40000,
,,,0.016062680000, 103.20000,
,,,0.016062720000, 103.20000,
,,,0.016062760000, 104.00000,
,,,0.016062800000, 104.00000,
,,,0.016062840000, 103.20000,
,,,0.016062880000, 104.00000,
,,,0.016062920000, 103.20000,
,,,0.016062960000, 102.40000,
,,,0.016063000000, 103.20000,
,,,0.016063040000, 102.40000,
,,,0.016063080000, 104.00000,
,,,0.016063120000, 102.40000,
,,,0.016063160000, 103.20000,
,,,0.016063200000, 103.20000,
,,,0.016063240000, 104.00000,
,,,0.016063280000, 102.40000,
,,,0.016063320000, 104.00000,
,,,0.016063360000, 104.00000,
,,,0.016063400000, 103.20000,
,,,0.016063440000, 104.00000,
,,,0.016063480000, 103.20000,
,,,0.016063520000, 103.20000,
,,,0.016063560000, 104.00000,
,,,0.016063600000, 104.00000,
,,,0.016063640000, 103.20000,
,,,0.016063680000, 103.20000,
,,,0.016063720000, 103.20000,
,,,0.016063760000, 104.00000,
,,,0.016063800000, 102.40000,
,,,0.016063840000, 104.00000,
,,,0.016063880000, 104.00000,
,,,0.016063920000, 103.20000,
,,,0.016063960000, 103.20000,
,,,0.016064000000, 102.40000,
,,,0.016064040000, 104.00000,
,,,0.016064080000, 104.00000,
,,,0.016064120000, 103.20000,
,,,0.016064160000, 103.20000,
,,,0.016064200000, 104.00000,
,,,0.016064240000, 103.20000,
,,,0.016064280000, 103.20000,
,,,0.016064320000, 103.20000,
,,,0.016064360000, 103.20000,
,,,0.016064400000, 103.20000,
,,,0.016064440000, 102.40000,
,,,0.016064480000, 103.20000,
,,,0.016064520000, 103.20000,
,,,0.016064560000, 103.20000,
,,,0.016064600000, 103.20000,
,,,0.016064640000, 103.20000,
,,,0.016064680000, 104.00000,
,,,0.016064720000, 102.40000,
,,,0.016064760000, 103.20000,
,,,0.016064800000, 104.00000,
,,,0.016064840000, 104.80000,
,,,0.016064880000,  39.20000,
,,,0.016064920000,  -0.80000,
,,,0.016064960000,  -2.40000,
,,,0.016065000000,  -1.60000,
,,,0.016065040000,  -0.80000,
,,,0.016065080000,  -0.80000,
,,,0.016065120000,   0.00000,
,,,0.016065160000,  -1.60000,
,,,0.016065200000,  -0.80000,
,,,0.016065240000,  -0.80000,
,,,0.016065280000,   0.00000,
,,,0.016065320000,   0.00000,
,,,0.016065360000,  -0.80000,
,,,0.016065400000,   0.00000,
,,,0.016065440000,   0.00000,
,,,0.016065480000,  -0.80000,
,,,0.016065520000,  -1.60000,
,,,0.016065560000,  -0.80000,
,,,0.016065600000,   0.00000,
,,,0.016065640000,   0.80000,
,,,0.016065680000,   0.80000,
,,,0.016065720000,   0.00000,
,,,0.016065760000,  -0.80000,
,,,0.016065800000,  -0.80000,
,,,0.016065840000,  -0.80000,
,,,0.016065880000,   0.80000,
,,,0.016065920000,  -1.60000,
,,,0.016065960000,  -0.80000,
,,,0.016066000000,   0.00000,
,,,0.016066040000,   0.00000,
,,,0.016066080000,   0.00000,
,,,0.016066120000,  -0.80000,
,,,0.016066160000,   0.80000,
,,,0.016066200000,   0.00000,
,,,0.016066240000,   0.00000,
,,,0.016066280000,  -0.80000,
,,,0.016066320000,   0.00000,
,,,0.016066360000,   0.00000,
,,,0.016066400000,   0.00000,
,,,0.016066440000,   0.80000,
,,,0.016066480000,   0.00000,
,,,0.016066520000,  -0.80000,
,,,0.016066560000,  -0.80000,
,,,0.016066600000,   0.00000,
,,,0.016066640000,   0.00000,
,,,0.016066680000,   0.00000,
,,,0.016066720000,  -0.80000,
,,,0.016066760000,  -0.80000,
,,,0.016066800000,  -0.80000,
,,,0.016066840000,  -0.80000,
,,,0.016066880000,  -1.60000,
,,,0.016066920000,   0.00000,
,,,0.016066960000,   0.80000,
,,,0.016067000000,  -0.80000,
,,,0.016067040000,  -0.80000,
,,,0.016067080000,  -0.80000,
,,,0.016067120000,   0.00000,
,,,0.016067160000,  -0.80000,
,,,0.016067200000,  -0.80000,
,,,0.016067240000,  -0.80000,
,,,0.016067280000,  -0.80000,
,,,0.016067320000,  -0.80000,
,,,0.016067360000,  -0.80000,
,,,0.016067400000,   0.00000,
,,,0.016067440000,   0.00000,
,,,0.016067480000,   0.00000,
,,,0.016067520000,   0.00000,
,,,0.016067560000,  -0.80000,
,,,0.016067600000,  -0.80000,
,,,0.016067640000,   0.00000,
,,,0.016067680000,   0.00000,
,,,0.016067720000,  -0.80000,
,,,0.016067760000,   0.80000,
,,,0.016067800000,   0.80000,
,,,0.016067840000,  -0.80000,
,,,0.016067880000,  -0.80000,
,,,0.016067920000,   0.00000,
,,,0.016067960000,  -0.80000,
,,,0.016068000000,  -0.80000,
,,,0.016068040000,   0.80000,
,,,0.016068080000,   0.00000,
,,,0.016068120000,  -0.80000,
,,,0.016068160000,   0.00000,
,,,0.016068200000,   0.00000,
,,,0.016068240000,  -0.80000,
,,,0.016068280000,   0.00000,
,,,0.016068320000,  -0.80000,
,,,0.016068360000,  -0.80000,
,,,0.016068400000,  -0.80000,
,,,0.016068440000,  -0.80000,
,,,0.016068480000,   0.00000,
,,,0.016068520000,   0.00000,
,,,0.016068560000,   0.00000,
,,,0.016068600000,  -0.80000,
,,,0.016068640000,  -0.80000,
,,,0.016068680000,  -0.80000,
,,,0.016068720000,   0.80000,
,,,0.016068760000,  -0.80000,
,,,0.016068800000,  -0.80000,
,,,0.016068840000,   0.00000,
,,,0.016068880000,   0.00000,
,,,0.016068920000,  -0.80000,
,,,0.016068960000,   0.00000,
,,,0.016069000000,  -0.80000,
,,,0.016069040000,  -0.80000,
,,,0.016069080000,   0.80000,
,,,0.016069120000,  -0.80000,
,,,0.016069160000,  -0.80000,
,,,0.016069200000,  -0.80000,
,,,0.016069240000,   0.00000,
,,,0.016069280000,   0.00000,
,,,0.016069320000,   0.00000,
,,,0.016069360000,   0.80000,
,,,0.016069400000,   0.00000,
,,,0.016069440000,   0.00000,
,,,0.016069480000,  -0.80000,
,,,0.016069520000,  -0.80000,
,,,0.016069560000,   0.80000,
,,,0.016069600000,  -0.80000,
,,,0.016069640000,   0.80000,
,,,0.016069680000,  -0.80000,
,,,0.016069720000,  -0.80000,
,,,0.016069760000,   0.80000,
,,,0.016069800000,   0.00000,
,,,0.016069840000,   0.00000,
,,,0.016069880000,   0.00000,
,,,0.016069920000,  -0.80000,
,,,0.016069960000,   0.80000,
,,,0.016070000000,   0.00000,
,,,0.016070040000,   0.00000,
,,,0.016070080000,  -1.60000,
,,,0.016070120000,   0.80000,
,,,0.016070160000,  -0.80000,
,,,0.016070200000,  -1.60000,
,,,0.016070240000,  -0.80000,
,,,0.016070280000,   0.00000,
,,,0.016070320000,  -0.80000,
,,,0.016070360000,   0.00000,
,,,0.016070400000,   0.00000,
,,,0.016070440000,   0.00000,
,,,0.016070480000,   0.00000,
,,,0.016070520000,  -0.80000,
,,,0.016070560000,  -0.80000,
,,,0.016070600000,  -0.80000,
,,,0.016070640000,   0.00000,
,,,0.016070680000,   0.00000,
,,,0.016070720000,   0.00000,
,,,0.016070760000,  -0.80000,
,,,0.016070800000,   0.00000,
,,,0.016070840000,  -0.80000,
,,,0.016070880000,   0.00000,
,,,0.016070920000,  -0.80000,
,,,0.016070960000,  -0.80000,
